date,open,high,close,low,volume,price_change,p_change,ma5,ma10,ma20,v_ma5,v_ma10,v_ma20
2017-12-05,28.08,28.4,26.35,25.89,150372.34,-1.72,-6.13,26.35,26.35,26.35,150372.34,150372.34,150372.34
2017-12-06,26.02,26.82,26.72,25.81,82220.69,0.37,1.4,26.535,26.535,26.535,116296.52,116296.52,116296.52
2017-12-07,26.72,27.03,26.74,26.31,53389.55,0.02,0.07,26.603,26.603,26.603,95327.53,95327.53,95327.53
2017-12-08,26.46,27.76,27.1,26.4,89131.91,0.36,1.35,26.728,26.728,26.728,93778.62,93778.62,93778.62
2017-12-11,27.47,29.81,29.81,27.45,224655.27,2.71,10.0,27.344,27.344,27.344,119953.95,119953.95,119953.95
2017-12-12,30.4,30.54,29.59,29.42,183615.41,-0.22,-0.74,27.992,27.718,27.718,126602.57,130564.2,130564.2
2017-12-13,29.66,30.28,29.6,29.05,129167.9,0.01,0.03,28.568,27.987,27.987,135992.01,130364.72,130364.72
2017-12-14,29.57,31.44,29.83,29.38,284627.53,0.23,0.78,29.186,28.218,28.218,182239.6,149647.58,149647.58
2017-12-15,29.99,30.22,29.86,29.1,161878.67,0.03,0.1,29.738,28.4,28.4,196788.96,151006.59,151006.59
2017-12-18,29.0,29.2,28.12,27.53,153845.12,-1.74,-5.83,29.4,28.372,28.372,182626.93,151290.44,151290.44
2017-12-19,28.02,29.5,29.4,27.84,137748.81,1.28,4.55,29.362,28.677,28.465,173453.61,150028.09,150059.38
2017-12-20,29.11,29.32,28.78,28.55,75520.84,-0.62,-2.11,29.198,28.883,28.492,162724.19,149358.1,143847.84
2017-12-21,28.78,29.7,29.09,28.63,102806.36,0.31,1.08,29.05,29.118,28.538,126359.96,154299.78,140690.8
2017-12-22,28.92,29.31,28.42,28.16,84203.13,-0.67,-2.3,28.762,29.25,28.529,110824.85,153806.9,136655.97
2017-12-25,28.29,28.49,27.7,27.31,87747.43,-0.72,-2.53,28.678,29.039,28.474,97605.31,140116.12,133395.4
2017-12-26,27.66,28.27,28.26,27.53,57190.09,0.56,2.02,28.45,28.906,28.461,81493.57,127473.59,128632.57
2017-12-27,28.42,28.47,27.3,27.19,81573.87,-0.96,-3.4,28.154,28.676,28.392,82704.18,122714.19,125864.41
2017-12-28,27.22,27.64,27.05,26.66,57822.26,-0.25,-0.92,27.746,28.398,28.318,73707.36,100033.66,122084.29
2017-12-29,27.1,27.51,26.66,26.55,83782.4,-0.39,-1.44,27.394,28.078,28.231,73623.21,92224.03,120068.4
2018-01-02,26.82,27.37,27.36,26.52,72640.08,0.7,2.63,27.326,28.002,28.187,70601.74,84103.53,117696.98
2018-01-03,27.2,27.72,27.54,27.19,79912.13,0.18,0.66,27.182,27.816,28.247,75146.15,78319.86,114173.97
2018-01-04,27.4,27.53,26.95,26.86,80890.24,-0.59,-2.14,27.112,27.633,28.258,75009.42,78856.8,114107.45
2018-01-05,27.05,27.48,27.0,26.9,69768.76,0.05,0.19,27.102,27.424,28.271,77398.72,75553.04,114926.41
2018-01-08,26.83,27.02,25.73,25.39,108101.85,-1.27,-4.7,26.916,27.155,28.203,82262.61,77942.91,115874.91
2018-01-09,25.55,25.94,25.89,25.13,67619.08,0.16,0.62,26.622,26.974,28.007,81258.41,75930.08,108023.1
2018-01-10,25.74,26.8,26.6,25.42,93197.66,0.71,2.74,26.434,26.808,27.857,83915.52,79530.83,103502.21
2018-01-11,26.28,27.5,27.22,25.7,105460.81,0.62,2.33,26.488,26.8,27.738,88829.63,81919.53,102316.86
2018-01-12,26.99,27.24,26.9,26.75,59847.68,-0.32,-1.18,26.468,26.785,27.592,86845.42,82122.07,91077.86
2018-01-15,26.61,26.85,25.85,25.68,74459.48,-1.05,-3.9,26.492,26.704,27.391,80116.94,81189.78,86706.9
2018-01-16,25.61,26.07,25.2,25.02,69177.19,-0.65,-2.52,26.354,26.488,27.245,80428.56,80843.49,82473.51
2018-01-17,25.0,25.85,25.42,23.8,95400.44,0.22,0.87,26.118,26.276,27.046,80869.12,82392.32,80356.09
2018-01-18,25.05,25.56,24.79,24.78,36029.42,-0.63,-2.48,25.632,26.06,26.847,66982.84,77906.24,78381.52
2018-01-19,24.53,24.9,24.15,24.06,78176.14,-0.64,-2.58,25.082,25.775,26.6,70648.53,78746.98,77150.01
2018-01-22,23.9,25.32,25.12,23.9,72091.11,0.97,4.02,24.936,25.714,26.435,70174.86,75145.9,76544.41
2018-01-23,25.23,25.38,24.94,24.8,40676.2,-0.18,-0.72,24.884,25.619,26.297,64474.66,72451.61,74190.84
2018-01-24,25.09,27.3,27.29,24.5,119894.91,2.35,9.42,25.258,25.688,26.248,69373.56,75121.34,77326.09
2018-01-25,27.39,28.18,26.66,26.65,94960.04,-0.63,-2.31,25.632,25.632,26.216,81159.68,74071.26,77995.39
2018-01-26,26.7,27.27,26.59,26.51,48836.99,-0.07,-0.26,26.12,25.601,26.193,75291.85,72970.19,77546.13
2018-01-29,26.52,26.8,25.45,25.39,67228.03,-1.14,-4.29,26.186,25.561,26.133,74319.23,72247.05,76718.41
2018-01-30,25.58,25.91,25.46,25.35,34482.96,0.01,0.04,26.29,25.587,26.038,73080.59,68777.62,74810.56
2018-01-31,25.6,25.6,25.32,24.65,37044.26,-0.14,-0.55,25.896,25.577,25.927,56510.46,62942.01,72667.16
2018-02-01,25.25,25.4,25.2,24.02,42714.33,-0.12,-0.47,25.604,25.618,25.839,46061.31,63610.5,70758.37
2018-02-02,25.02,26.47,25.81,24.8,65418.75,0.61,2.42,25.448,25.784,25.78,49377.67,62334.76,70540.87
2018-02-05,25.38,25.8,25.43,25.0,27429.74,-0.38,-1.47,25.444,25.815,25.765,41418.01,57868.62,66507.26
2018-02-06,24.8,25.18,24.67,23.89,47857.62,-0.76,-2.99,25.286,25.788,25.704,44092.94,58586.76,65519.19
2018-02-07,24.99,25.6,25.22,24.12,53508.37,0.55,2.23,25.266,25.581,25.635,47385.76,51948.11,63534.72
2018-02-08,25.0,27.7,26.46,25.0,110391.46,1.24,4.92,25.518,25.561,25.597,60921.19,53491.25,63781.26
2018-02-09,25.45,26.66,25.8,25.04,79370.1,-0.66,-2.49,25.516,25.482,25.542,63711.46,56544.56,64757.38
2018-02-12,26.04,27.37,26.92,25.83,113524.21,1.12,4.34,25.814,25.629,25.595,80930.35,61174.18,66710.61
2018-02-13,26.85,27.5,27.08,26.53,89604.03,0.16,0.59,26.296,25.791,25.689,89279.63,66686.29,67731.96
2018-02-14,27.05,27.06,26.59,26.28,54089.06,-0.49,-1.81,26.57,25.918,25.748,89395.77,68390.77,65666.39
2018-02-22,26.61,27.36,27.36,26.36,74125.27,0.77,2.9,26.75,26.134,25.876,82142.53,71531.86,67571.18
2018-02-23,27.15,27.6,27.4,27.03,79349.25,0.04,0.15,27.07,26.293,26.039,82138.36,72924.91,67629.83
2018-02-26,27.71,28.15,27.65,27.14,112210.15,0.25,0.91,27.216,26.515,26.165,81875.55,81402.95,69635.79
2018-02-27,27.8,29.0,28.0,27.5,145089.19,0.35,1.27,27.4,26.848,26.318,92972.58,91126.11,74856.44
2018-02-28,27.73,28.66,28.4,27.22,127154.6,0.4,1.43,27.762,27.166,26.374,107585.69,98490.73,75219.42
2018-03-01,28.19,29.89,29.72,28.03,206622.06,1.32,4.65,28.234,27.492,26.527,134085.05,108113.79,80802.52
2018-03-02,29.64,29.66,28.5,28.5,139023.62,-1.22,-4.11,28.454,27.762,26.622,146019.92,114079.14,85311.85
2018-03-05,28.55,29.1,28.65,27.97,111883.33,0.15,0.53,28.654,27.935,26.782,145954.56,113915.06,87544.62
2018-03-06,28.6,28.89,28.15,28.1,109918.29,-0.5,-1.75,28.684,28.042,26.917,138920.38,115946.48,91316.38
2018-03-07,28.15,29.39,28.91,27.91,144026.14,0.76,2.7,28.786,28.274,27.096,142294.69,124940.19,96665.48
2018-03-08,28.91,29.25,28.34,28.08,117487.04,-0.57,-1.97,28.51,28.372,27.253,124467.68,129276.37,100404.11
2018-03-09,28.28,29.72,29.38,27.97,174090.5,1.04,3.67,28.686,28.57,27.432,131481.06,138750.49,105837.7
2018-03-12,29.8,29.96,29.47,28.82,188550.72,0.09,0.31,28.85,28.752,27.634,146814.54,146384.55,113893.75
2018-03-13,29.15,29.47,28.55,28.5,109884.54,-0.92,-3.12,28.93,28.807,27.828,146807.79,142864.08,116995.1
2018-03-14,28.44,28.64,27.96,27.9,85620.66,-0.59,-2.07,28.74,28.763,27.965,135126.69,138710.69,118600.71
2018-03-15,27.61,27.92,27.57,27.15,92908.23,-0.39,-1.4,28.586,28.548,28.02,130210.93,127339.31,117726.55
2018-03-16,28.01,28.5,27.66,27.51,112979.78,0.09,0.33,28.242,28.464,28.113,117988.79,124734.92,119407.03
2018-03-19,27.44,28.02,27.46,27.0,71952.36,-0.2,-0.72,27.84,28.345,28.14,94669.11,120741.83,117328.44
2018-03-20,27.0,27.3,27.05,26.43,95292.59,-0.41,-1.49,27.54,28.235,28.139,91750.72,119279.26,117612.87
2018-03-21,27.0,27.58,26.13,25.94,120118.63,-0.92,-3.4,27.174,27.957,28.116,98650.32,116888.51,120914.35
2018-03-22,26.0,26.48,26.05,25.77,88803.91,-0.08,-0.31,26.87,27.728,28.05,97829.45,114020.19,121648.28
2018-03-23,24.89,25.3,23.45,23.45,161805.62,-2.6,-9.98,26.028,27.135,27.853,107594.62,112791.7,125771.1
2018-03-26,22.86,23.8,23.71,22.01,104848.94,0.26,1.11,25.278,26.559,27.656,114173.94,104421.53,125403.04
2018-03-27,24.12,25.15,24.6,23.91,135846.98,0.89,3.75,24.788,26.164,27.486,122284.82,107017.77,124940.93
2018-03-28,24.38,26.15,25.4,24.11,163228.38,0.8,3.25,24.642,25.908,27.336,130906.77,114778.54,126744.62
2018-03-29,25.47,26.08,25.4,25.01,86354.45,0.0,0.0,24.512,25.691,27.12,130416.87,114123.16,120731.24
2018-03-30,25.44,27.21,26.83,25.4,148919.94,1.43,5.63,25.188,25.608,27.036,127839.74,117717.18,121226.05
2018-04-02,26.89,29.18,28.2,26.89,215508.36,1.37,5.11,26.086,25.682,27.014,149971.62,132072.78,126407.3
2018-04-03,27.39,27.98,27.57,26.71,135398.22,-0.63,-2.23,26.68,25.734,26.985,149881.87,136083.34,127681.3
2018-04-04,27.58,27.66,26.27,26.26,100364.62,-1.3,-4.71,26.854,25.748,26.853,137309.12,134107.94,125498.22
2018-04-09,26.06,28.78,28.25,26.06,152009.72,1.98,7.54,27.424,25.968,26.848,150440.17,140428.52,127224.36
2018-04-10,27.81,28.2,27.86,26.98,104752.49,-0.39,-1.38,27.63,26.409,26.772,141606.68,134723.21,123757.46
2018-04-11,27.86,28.39,27.77,27.53,89830.74,-0.09,-0.32,27.544,26.815,26.687,116471.16,133221.39,118821.46
2018-04-12,27.63,28.01,27.3,27.1,69279.76,-0.47,-1.69,27.49,27.085,26.625,103247.47,126564.67,116791.22
2018-04-13,27.7,28.34,27.7,27.4,104257.01,0.4,1.47,27.776,27.315,26.612,104025.94,120667.53,117723.04
2018-04-16,27.57,28.97,28.66,27.53,156408.25,0.96,3.47,27.858,27.641,26.666,104905.65,127672.91,120898.04
2018-04-17,28.8,28.89,27.02,26.85,114651.99,-1.64,-5.72,27.69,27.66,26.634,106885.55,124246.12,120981.65
2018-04-18,27.1,28.48,28.36,26.4,117880.97,1.34,4.96,27.808,27.676,26.679,112495.6,114483.38,123278.08
2018-04-19,28.3,28.3,27.31,27.09,102553.23,-1.05,-3.7,27.81,27.65,26.692,119150.29,111198.88,123641.11
2018-04-20,27.15,27.15,25.27,24.8,148462.52,-2.04,-7.47,27.324,27.55,26.649,127991.39,116008.67,125058.31
2018-04-23,25.27,25.74,24.93,24.47,94017.4,-0.34,-1.34,26.578,27.218,26.593,115513.22,110209.44,125318.98
2018-04-24,24.99,25.96,25.85,24.73,78566.84,0.92,3.69,26.344,27.017,26.713,108296.19,107590.87,121157.04
2018-04-25,25.45,26.18,25.75,25.35,67760.01,-0.1,-0.39,25.822,26.815,26.815,98272.0,105383.8,119302.59
2018-04-26,25.79,26.1,25.01,25.0,61706.1,-0.74,-2.87,25.362,26.586,26.836,90102.57,104626.43,115595.55
2018-04-27,25.22,25.45,24.89,24.66,54985.22,-0.12,-0.48,25.286,26.305,26.81,71407.11,99699.25,110183.39
2018-05-02,25.05,25.3,24.49,23.9,77538.33,-0.4,-1.61,25.198,25.888,26.765,68111.3,91812.26,109742.59
2018-05-03,24.38,25.58,25.35,23.91,69645.4,0.86,3.51,25.098,25.721,26.691,66327.01,87311.6,105778.86
2018-05-04,25.12,25.57,25.18,25.0,51616.24,-0.17,-0.67,24.984,25.403,26.54,63098.26,80685.13,97584.25
2018-05-07,25.3,25.99,25.99,25.15,64424.32,0.81,3.22,25.18,25.271,26.461,63641.9,76872.24,94035.56
2018-05-08,25.99,25.99,25.59,25.35,74100.63,-0.4,-1.54,25.32,25.303,26.427,67464.98,69436.05,92722.36
2018-05-09,25.58,25.68,25.07,24.63,74748.65,-0.52,-2.03,25.436,25.317,26.268,66907.05,67509.17,88859.31
2018-05-10,24.9,25.45,25.16,24.76,58038.99,0.09,0.36,25.398,25.248,26.133,64585.77,65456.39,86523.63
2018-05-11,25.21,25.28,24.51,24.51,47163.57,-0.65,-2.58,25.264,25.124,25.97,63695.23,63396.75,84390.27
2018-05-14,24.41,24.77,23.96,23.93,73434.29,-0.55,-2.24,24.858,25.019,25.803,65497.23,64569.56,84598.0
2018-05-15,24.15,25.77,25.63,24.09,126051.45,1.67,6.97,24.866,25.093,25.699,75887.39,71676.19,85687.72
2018-05-16,25.6,27.85,26.81,25.4,246906.38,1.18,4.6,25.214,25.325,25.607,110318.94,88612.99,90212.63
2018-05-17,27.15,27.65,27.31,26.76,153785.62,0.5,1.86,25.644,25.521,25.621,129468.26,97027.01,92169.31
2018-05-18,27.23,27.6,27.38,26.83,90452.66,0.07,0.26,26.218,25.741,25.572,138126.08,100910.66,90797.89
2018-05-21,27.6,29.38,28.74,27.44,199895.2,1.36,4.97,27.174,26.016,25.644,163418.26,114457.74,95664.99
2018-05-22,28.77,30.47,29.86,28.57,221147.22,1.12,3.9,28.02,26.443,25.873,182437.42,129162.4,99299.23
2018-05-23,29.68,30.15,29.87,29.22,133636.42,0.01,0.03,28.632,26.923,26.12,159783.42,135051.18,101280.18
2018-05-24,29.6,32.3,31.11,29.38,220917.31,1.24,4.15,29.392,27.518,26.383,173209.76,151339.01,108397.7
2018-05-25,31.22,31.34,30.93,30.41,113760.35,-0.18,-0.58,30.102,28.16,26.642,177871.3,157998.69,110697.72
2018-05-28,30.92,31.47,31.3,30.06,183313.48,0.37,1.2,30.614,28.894,26.957,174554.96,168986.61,116778.09
2018-05-29,31.4,31.4,29.35,29.11,204126.28,-1.95,-6.23,30.512,29.266,27.18,171150.77,176794.09,124235.14
2018-05-30,29.19,29.99,29.3,28.45,184811.48,-0.05,-0.17,30.398,29.515,27.42,181385.78,170584.6,129598.8
2018-05-31,29.5,29.95,29.88,28.51,192679.2,0.58,1.98,30.152,29.772,27.647,175738.16,174473.96,135750.49
2018-06-01,29.46,29.48,28.31,27.87,142517.95,-1.57,-5.25,29.628,29.865,27.803,181489.68,179680.49,140295.57
2018-06-04,28.55,30.89,30.5,28.32,224972.73,2.29,8.12,29.468,30.041,28.029,189821.53,182188.24,148322.99
2018-06-05,30.55,31.16,31.15,29.85,158142.95,0.65,2.13,29.828,30.17,28.307,180624.86,175887.82,152525.11
2018-06-06,30.97,31.66,30.59,30.35,140076.0,-0.56,-1.8,30.086,30.242,28.583,171677.77,176531.77,155791.48
2018-06-07,30.7,32.1,29.85,29.1,171087.09,-0.74,-2.42,30.08,30.116,28.817,167359.34,171548.75,161443.88
2018-06-08,29.62,30.25,29.96,29.5,98692.77,0.11,0.37,30.41,30.019,29.09,158594.31,170041.99,164020.34
2018-06-11,29.52,30.25,29.51,29.3,90906.6,-0.45,-1.5,30.212,29.84,29.367,131781.08,160801.31,164893.96
2018-06-12,29.48,29.68,28.81,28.01,128291.79,-0.7,-2.37,29.744,29.786,29.526,125810.85,153217.86,165005.97
2018-06-13,28.79,29.28,27.8,27.76,110864.05,-1.01,-3.51,29.186,29.636,29.576,119968.46,145823.11,158203.86
2018-06-14,27.7,28.45,28.18,27.41,104206.22,0.38,1.37,28.852,29.466,29.619,106592.29,136975.82,155724.89
2018-06-15,28.1,28.2,27.3,26.78,98327.46,-0.88,-3.12,28.32,29.365,29.615,106519.22,132556.77,156118.63
2018-06-19,26.5,27.5,25.91,24.8,122766.94,-1.39,-5.09,27.6,28.906,29.474,112891.29,122336.19,152262.21
2018-06-20,25.88,27.44,26.95,25.58,95300.73,1.04,4.01,27.228,28.486,29.328,106293.08,116051.97,145969.89
2018-06-21,27.12,27.18,26.22,25.77,95170.65,-0.73,-2.71,26.912,28.049,29.146,103154.4,111561.43,144046.6
2018-06-22,25.89,27.66,27.37,25.56,96460.85,1.15,4.39,26.75,27.801,28.959,101605.33,104098.81,137823.78
2018-06-25,27.4,27.86,27.46,27.01,80780.78,0.09,0.33,26.782,27.551,28.785,98095.99,102307.61,136174.8
2018-06-26,26.97,28.61,28.38,26.63,106621.16,0.92,3.35,27.276,27.438,28.639,94866.83,103879.06,132340.18
2018-06-27,28.29,28.68,27.5,27.39,96550.12,-0.88,-3.1,27.386,27.307,28.547,95116.71,100704.9,126961.38
2018-06-28,27.35,28.26,27.13,27.01,81713.54,-0.37,-1.34,27.568,27.24,28.438,92425.29,97789.85,121806.48
2018-06-29,26.9,29.2,29.0,26.7,148027.19,1.87,6.89,27.894,27.322,28.394,102738.56,102171.94,119573.88
2018-07-02,29.0,29.18,28.5,27.86,111665.08,-0.5,-1.72,28.102,27.442,28.404,108915.42,103505.7,118031.24
2018-07-03,28.56,30.29,29.9,28.3,153196.2,1.4,4.91,28.406,27.841,28.374,118230.43,106548.63,114442.41
2018-07-04,29.58,29.65,29.45,28.76,124010.97,-0.45,-1.5,28.796,28.091,28.289,123722.6,109419.65,112735.81
2018-07-05,29.25,29.51,28.33,28.28,99234.62,-1.12,-3.8,29.036,28.302,28.176,127226.81,109826.05,110693.74
2018-07-06,28.45,29.75,28.87,27.97,136334.12,0.54,1.91,29.01,28.452,28.127,124888.2,113813.38,108956.09
2018-07-09,28.79,29.65,29.21,28.69,111188.12,0.34,1.18,29.152,28.627,28.089,124792.81,116854.11,109580.86
2018-07-10,29.22,29.39,29.05,28.21,98545.02,-0.16,-0.55,28.982,28.694,28.066,113862.57,116046.5,109962.78
2018-07-11,28.39,28.49,28.1,26.96,113728.27,-0.95,-3.27,28.712,28.754,28.031,111806.03,117764.31,109234.6
2018-07-12,28.11,29.56,29.03,27.98,139309.45,0.93,3.31,28.852,28.944,28.092,119821.0,123523.9,110656.87
2018-07-13,29.1,29.33,28.66,28.61,70931.22,-0.37,-1.27,28.81,28.91,28.116,106740.42,115814.31,108993.12
2018-07-16,28.95,30.22,29.91,28.8,133839.84,1.25,4.36,28.95,29.051,28.247,111270.76,118031.78,110768.74
2018-07-17,29.7,31.6,31.42,29.61,204396.28,1.51,5.05,29.424,29.203,28.522,132441.01,123151.79,114850.21
2018-07-18,31.2,34.49,33.76,30.89,221936.52,2.34,7.45,30.556,29.634,28.863,154082.66,132944.35,121182.0
2018-07-19,33.04,33.98,33.55,32.78,115963.85,-0.21,-0.62,31.46,30.156,29.229,149413.54,134617.27,122221.66
2018-07-20,33.3,34.87,33.0,32.56,192429.08,-0.55,-1.64,32.328,30.569,29.511,173713.11,140226.77,127020.07
2018-07-23,33.35,35.92,35.9,32.7,213362.44,2.9,8.79,33.526,31.238,29.933,189617.63,150444.2,133649.15
2018-07-24,35.7,35.7,35.02,34.6,151416.44,-0.88,-2.45,34.246,31.835,30.265,179021.67,155731.34,135888.92
2018-07-25,34.7,35.69,34.69,34.41,117911.22,-0.33,-0.94,34.432,32.494,30.624,158216.61,156149.63,136956.97
2018-07-26,34.23,34.49,33.41,33.0,127683.95,-1.28,-3.69,34.404,32.932,30.938,160560.63,154987.08,139255.49
2018-07-27,33.2,33.94,33.15,32.78,81750.16,-0.26,-0.78,34.434,33.381,31.146,138424.84,156068.98,135941.64
2018-07-30,33.21,33.59,32.45,32.02,99954.36,-0.7,-2.11,33.744,33.635,31.343,115743.23,152680.43,135356.11
2018-07-31,32.85,33.15,32.67,32.15,86570.24,0.22,0.68,33.274,33.76,31.482,102773.99,140897.83,132024.81
2018-08-01,32.88,33.62,32.4,32.23,115391.44,-0.27,-0.83,32.816,33.624,31.629,102270.03,130243.32,131593.83
2018-08-02,32.05,32.15,31.33,30.33,119383.4,-1.07,-3.3,32.4,33.402,31.779,100609.92,130585.27,132601.27
2018-08-03,31.46,31.6,30.05,30.01,101385.89,-1.28,-4.09,31.78,33.107,31.838,104537.07,121480.95,130853.86
2018-08-06,30.52,30.75,30.16,29.8,105319.28,0.11,0.37,31.322,32.533,31.886,105610.05,110676.64,130560.42
2018-08-07,30.4,32.1,32.05,30.25,142004.48,1.89,6.27,31.198,32.236,32.036,116696.9,109735.44,132733.39
2018-08-08,31.65,32.19,31.5,31.34,82480.62,-0.55,-1.72,31.018,31.917,32.206,110114.73,106192.38,131171.01
2018-08-09,31.61,34.05,33.55,31.31,148921.06,2.05,6.51,31.462,31.931,32.432,116022.27,108316.09,131651.59
2018-08-10,33.4,34.05,33.8,33.33,96746.39,0.25,0.74,32.212,31.996,32.689,115094.37,109815.72,132942.35
2018-08-13,33.39,36.81,36.81,33.25,176873.95,3.01,8.9,33.542,32.432,33.034,129405.3,117507.68,135094.05
2018-08-14,36.28,36.76,36.39,35.54,129330.33,-0.42,-1.14,34.41,32.804,33.282,126870.47,121783.68,131340.76
2018-08-15,36.39,36.41,34.68,34.05,108597.49,-1.71,-4.7,35.046,33.032,33.328,132093.84,121104.29,125673.8
2018-08-16,34.3,35.4,34.0,33.51,101359.75,-0.68,-1.96,35.136,33.299,33.351,122581.58,119301.92,124943.6
2018-08-17,34.48,34.99,32.14,31.8,132842.36,-1.86,-5.47,34.804,33.508,33.308,129800.78,122447.57,121964.26
2018-08-20,32.54,34.29,33.85,31.98,132699.83,1.71,5.32,34.212,33.877,33.205,120965.95,125185.63,117931.13
2018-08-21,33.8,34.41,34.05,33.17,96894.17,0.2,0.59,33.744,34.077,33.157,114478.72,120674.6,115205.02
2018-08-22,34.17,34.38,34.08,33.36,80605.67,0.03,0.09,33.624,34.335,33.126,108880.36,120487.1,113339.74
2018-08-23,34.08,36.61,36.29,33.94,145058.7,2.21,6.49,34.082,34.609,33.27,117620.15,120100.86,114208.48
2018-08-24,35.87,36.55,35.7,35.45,87578.71,-0.59,-1.63,34.794,34.799,33.398,108567.42,119184.1,114499.91
2018-08-27,35.9,37.88,36.25,35.5,122931.67,0.55,1.54,35.274,34.743,33.588,106613.78,113789.87,115648.77
2018-08-28,36.4,37.53,37.38,36.13,112378.45,1.13,3.12,35.94,34.842,33.823,109710.64,112094.68,116939.18
2018-08-29,36.85,37.09,36.28,35.11,106030.93,-1.1,-2.94,36.38,35.002,34.017,114795.69,111838.02,116471.16
2018-08-30,35.6,37.12,36.03,35.44,99719.56,-0.25,-0.69,36.328,35.205,34.252,105727.86,111674.01,115487.96
2018-08-31,36.28,36.93,35.8,35.62,70270.51,-0.23,-0.64,36.348,35.571,34.54,102266.22,105416.82,113932.2
2018-09-03,35.4,38.05,37.83,33.98,119375.96,2.03,5.67,36.664,35.969,34.923,101555.08,104084.43,114635.03
2018-09-04,37.45,39.87,39.1,37.22,142813.22,1.27,3.36,37.008,36.474,35.276,107642.04,108676.34,114675.47
2018-09-05,39.0,39.33,38.1,38.0,92943.08,-1.0,-2.56,37.372,36.876,35.606,105024.47,109910.08,115198.59
2018-09-06,38.15,39.29,38.25,37.5,85890.42,0.15,0.39,37.816,37.072,35.841,102258.64,103993.25,112047.06
2018-09-07,38.1,38.98,34.98,34.58,190745.55,-3.27,-8.55,37.652,37.0,35.9,126353.65,114309.94,116747.02
2018-09-10,34.0,35.25,35.0,33.75,112466.21,0.02,0.06,37.086,36.875,35.809,124971.7,113263.39,113526.63
2018-09-11,34.96,35.64,35.32,34.33,92181.47,0.32,0.91,36.33,36.669,35.756,114845.35,111243.69,111669.19
2018-09-12,35.3,35.76,34.26,33.8,84752.27,-1.06,-3.0,35.562,36.467,35.735,113207.18,109115.83,110476.92
2018-09-13,34.9,35.8,35.0,33.33,139861.72,0.74,2.16,34.912,36.364,35.785,124001.44,113130.04,112402.02
2018-09-14,34.81,35.09,33.36,32.93,125525.36,-1.64,-4.69,34.588,36.12,35.846,110957.41,118655.53,112036.17
2018-09-17,32.76,33.35,32.87,31.88,74291.48,-0.49,-1.47,34.162,35.624,35.797,103322.46,114147.08,109115.76
2018-09-18,32.8,34.03,33.83,32.0,110535.31,0.96,2.92,33.864,35.097,35.786,106993.23,110919.29,109797.81
2018-09-19,33.5,35.0,34.11,33.18,107874.07,0.28,0.83,33.834,34.698,35.787,111617.59,112412.39,111161.23
2018-09-20,34.01,34.59,34.49,33.82,65833.27,0.38,1.11,33.732,34.322,35.697,96811.9,110406.67,107199.96
2018-09-21,34.49,34.85,34.62,33.9,71713.34,0.13,0.38,33.984,34.286,35.643,86049.49,98503.45,106406.69
2018-09-25,34.56,36.07,35.5,34.39,86642.98,0.88,2.54,34.51,34.336,35.606,88519.79,95921.13,104592.26
2018-09-26,35.3,35.92,35.59,35.02,65959.38,0.09,0.25,34.862,34.363,35.516,79604.61,93298.92,102271.3
2018-09-27,35.54,35.97,34.25,34.21,90102.05,-1.34,-3.77,34.89,34.362,35.415,76050.2,93833.9,101474.86
2018-09-28,34.23,34.63,33.76,33.0,83353.43,-0.49,-1.43,34.744,34.238,35.301,79554.24,88183.07,100656.55
2018-10-08,32.88,33.99,32.65,32.42,73449.66,-1.11,-3.29,34.35,34.167,35.144,79901.5,82975.5,100815.51
2018-10-09,32.85,33.47,31.45,30.7,113680.1,-1.2,-3.67,33.54,34.025,34.825,85308.92,86914.36,100530.72
2018-10-10,31.46,32.1,32.06,30.93,70266.93,0.61,1.94,32.834,33.848,34.473,86170.43,82887.52,96903.4
2018-10-11,30.75,31.18,28.85,28.85,111571.86,-3.21,-10.01,31.754,33.322,34.01,90464.4,83257.3,97834.84
2018-10-12,28.4,29.72,29.39,27.21,116130.54,0.54,1.87,30.88,32.812,33.567,97019.82,88287.03,99346.85
2018-10-15,29.39,29.7,29.15,28.9,75814.23,-0.24,-0.82,30.18,32.265,33.276,97492.73,88697.12,93600.28
2018-10-16,28.5,29.4,27.64,27.01,90663.9,-1.51,-5.18,29.418,31.479,32.908,92889.49,89099.21,92510.17
2018-10-17,28.28,29.93,29.73,28.08,127522.5,2.09,7.56,28.952,30.893,32.628,104340.61,95255.52,94277.22
2018-10-18,29.3,30.21,29.29,28.92,101740.07,-0.44,-1.48,29.04,30.397,32.38,102374.25,96419.32,95126.61
2018-10-19,28.68,30.66,30.43,28.28,101768.28,1.14,3.89,29.248,30.064,32.151,99501.8,98260.81,93221.94
2018-10-22,31.34,32.46,32.03,30.32,116773.69,1.6,5.26,29.824,30.002,32.085,107693.69,102593.21,92784.35
2018-10-23,31.6,31.88,31.05,30.8,59327.73,-0.98,-3.06,30.506,29.962,31.994,101426.45,97157.97,92036.17
2018-10-24,31.06,31.6,30.18,29.68,76417.18,-0.87,-2.8,30.596,29.774,31.811,91205.39,97773.0,90330.26
2018-10-25,28.59,29.73,29.38,28.06,64383.75,-0.8,-2.65,30.614,29.827,31.575,83734.13,93054.19,88155.74
2018-10-26,29.88,30.08,28.89,28.28,60026.93,-0.49,-1.67,30.306,29.777,31.295,75385.86,87443.83,87865.43
2018-10-29,28.93,29.31,29.16,28.01,57805.04,0.27,0.94,29.732,29.778,31.022,63592.13,85642.91,87170.01
2018-10-30,28.95,29.31,29.11,27.65,74929.53,-0.05,-0.17,29.344,29.925,30.702,66712.49,84069.47,86584.34
2018-10-31,29.1,29.76,29.15,28.82,85260.08,0.04,0.14,29.138,29.867,30.38,68481.07,79843.23,87549.37
2018-11-01,29.5,30.69,30.09,29.11,134215.94,0.94,3.23,29.28,29.947,30.172,82447.5,83090.82,89755.07
2018-11-02,30.8,31.29,31.03,30.3,127549.23,0.94,3.12,29.708,30.007,30.036,95951.96,85668.91,91964.86
2018-11-05,30.68,31.45,31.25,30.35,75944.52,0.22,0.71,30.126,29.929,29.966,99579.86,81585.99,92089.6
2018-11-06,30.71,31.09,30.46,30.03,47980.94,-0.79,-2.53,30.396,29.87,29.916,94190.14,80451.31,88804.64
2018-11-07,30.7,32.08,31.31,30.6,98491.95,0.85,2.79,30.828,29.983,29.879,96836.52,82658.79,90215.89
2018-11-08,31.45,31.74,30.42,30.3,56719.71,-0.89,-2.84,30.894,30.087,29.957,81337.27,81892.39,87473.29
2018-11-09,30.2,30.98,30.28,30.06,42271.11,-0.14,-0.46,30.744,30.226,30.002,64281.65,80116.81,83780.32
2018-11-12,29.8,31.94,31.93,29.8,85091.13,1.65,5.45,30.88,30.503,30.141,66110.97,82845.41,84244.16
2018-11-13,31.4,32.84,32.32,31.17,96388.61,0.39,1.22,31.252,30.824,30.375,75792.5,84991.32,84530.4
2018-11-14,32.3,32.47,32.18,31.75,49102.46,-0.14,-0.43,31.426,31.127,30.497,65914.6,81375.56,80609.39
2018-11-15,32.02,32.66,32.46,31.88,48207.99,0.28,0.87,31.834,31.364,30.656,64212.26,72774.77,77932.79
2018-11-16,32.45,34.1,33.07,32.35,80256.26,0.61,1.88,32.392,31.568,30.788,71809.29,68045.47,76857.19
2018-11-19,32.95,33.3,32.85,32.07,53080.12,-0.22,-0.67,32.576,31.728,30.829,65407.09,65759.03,73672.51
2018-11-20,32.67,32.7,31.46,31.36,48006.58,-1.39,-4.23,32.404,31.828,30.849,55730.68,65761.59,73106.45
2018-11-21,31.05,31.59,31.2,30.5,53075.18,-0.26,-0.83,32.208,31.817,30.9,56525.23,61219.92,71939.35
2018-11-22,31.23,31.56,30.8,30.62,45262.18,-0.4,-1.28,31.876,31.855,30.971,55936.06,60074.16,70983.27
2018-11-23,30.93,30.93,29.75,29.4,53540.76,-1.05,-3.41,31.212,31.802,31.014,50592.96,61201.13,70658.97
2018-11-26,29.7,30.1,29.53,29.3,27204.02,-0.22,-0.74,30.548,31.562,31.033,45417.74,55412.42,69128.92
2018-11-27,29.85,30.33,30.0,29.7,39683.37,0.47,1.59,30.256,31.33,31.077,43753.1,49741.89,67366.61
2018-11-28,30.03,30.23,30.18,29.6,39810.01,0.18,0.6,30.052,31.13,31.129,41100.07,48812.65,65094.1
2018-11-29,30.51,30.53,29.25,29.0,41535.48,-0.93,-3.08,29.742,30.809,31.087,40354.73,48145.4,60460.08
2018-11-30,29.0,29.25,28.7,27.81,79800.93,-0.55,-1.88,29.532,30.372,30.97,45606.76,48099.86,58072.67
2018-12-03,29.55,29.9,29.71,29.15,71480.89,1.01,3.52,29.568,30.058,30.893,54462.14,49939.94,57849.48
2018-12-04,29.71,29.89,29.66,29.23,38785.68,-0.05,-0.17,29.5,29.878,30.853,54282.6,49017.85,57389.72
2018-12-05,28.9,30.2,30.0,28.68,46121.76,0.34,1.15,29.464,29.758,30.788,55544.95,48322.51,54771.21
2018-12-06,29.72,29.72,28.96,28.5,56671.85,-1.04,-3.47,29.406,29.574,30.715,58572.22,49463.48,54768.82
2018-12-07,29.04,29.44,28.9,28.8,21731.94,-0.06,-0.21,29.446,29.489,30.646,46958.42,46282.59,53741.86
2018-12-10,28.68,29.18,27.86,27.8,48069.58,-1.04,-3.6,29.076,29.322,30.442,42276.16,48369.15,51890.78
2018-12-11,28.2,28.96,28.88,28.14,44618.04,1.02,3.66,28.92,29.21,30.27,43442.63,48862.62,49302.25
2018-12-12,28.9,29.77,29.32,28.9,45904.57,0.44,1.52,28.784,29.124,30.127,43399.2,49472.07,49142.36
2018-12-13,29.38,29.67,29.26,29.07,37150.26,-0.06,-0.2,28.844,29.125,29.967,39494.88,49033.55,48589.47
2018-12-14,29.22,29.22,28.3,28.0,42445.34,-0.96,-3.28,28.724,29.085,29.729,43637.56,45297.99,46698.93
2018-12-17,28.2,28.5,28.38,28.02,21922.68,0.08,0.28,28.828,28.952,29.505,38408.18,40342.17,45141.06
2018-12-18,28.34,28.56,27.88,27.58,42378.82,-0.5,-1.76,28.628,28.774,29.326,37960.33,40701.48,44859.67
2018-12-19,27.88,28.15,27.55,27.44,23987.43,-0.33,-1.18,28.274,28.529,29.144,33576.91,38488.05,43405.28
2018-12-20,27.55,27.85,27.8,27.38,23049.29,0.25,0.91,27.982,28.413,28.994,30756.71,35125.8,42294.64
2018-12-21,27.8,28.37,27.92,27.5,34532.07,0.12,0.43,27.906,28.315,28.902,29174.06,36405.81,41344.2
2018-12-24,27.92,28.3,28.04,27.61,30331.21,0.12,0.43,27.838,28.333,28.828,30855.76,34631.97,41500.56
2018-12-25,27.6,27.84,27.25,26.88,43581.77,-0.79,-2.82,27.712,28.17,28.69,31096.35,34528.34,41695.48
2018-12-26,27.26,27.43,26.5,26.19,43230.19,-0.75,-2.75,27.502,27.888,28.506,34944.91,34260.91,41866.49
2018-12-27,26.81,27.14,26.01,26.01,34255.33,-0.49,-1.85,27.144,27.563,28.344,37186.11,33971.41,41502.48
2018-12-28,26.38,26.38,25.96,25.05,35469.12,-0.05,-0.19,26.752,27.329,28.207,37373.52,33273.79,39285.89
2019-01-02,26.0,26.3,25.51,25.3,34203.01,-0.45,-1.73,26.246,27.042,27.997,38147.88,34501.82,37422.0
2019-01-03,25.5,25.77,25.0,24.71,38347.45,-0.51,-2.0,25.796,26.754,27.764,37101.02,34098.69,37400.09
2019-01-04,24.8,26.18,25.91,24.62,42287.48,0.91,3.64,25.678,26.59,27.56,36912.48,35928.69,37208.37
2019-01-07,26.12,27.43,27.06,25.91,74799.74,1.15,4.44,25.888,26.516,27.465,45021.36,41103.74,38114.77
2019-01-08,26.75,27.17,26.63,26.55,29736.78,-0.43,-1.59,26.022,26.387,27.351,43874.89,40624.21,38515.01
2019-01-09,26.7,27.13,26.36,26.35,40580.03,-0.27,-1.01,26.192,26.219,27.276,45150.3,41649.09,38140.53
2019-01-10,26.69,26.69,26.2,26.02,28528.84,-0.16,-0.61,26.432,26.114,27.142,43186.57,40143.8,37336.07
2019-01-11,26.2,26.57,26.11,25.71,28350.33,-0.09,-0.34,26.472,26.075,26.982,40399.14,38655.81,36458.36
2019-01-14,26.38,26.78,26.68,26.02,35510.97,0.57,2.18,26.396,26.142,26.853,32541.39,38781.38,36376.39
2019-01-15,26.5,27.16,27.07,26.21,39432.45,0.39,1.46,26.484,26.253,26.791,34480.52,39177.71,36225.75
2019-01-16,27.25,28.88,27.3,27.04,86230.4,0.23,0.85,26.672,26.432,26.737,43610.6,44380.45,39441.14
2019-01-17,27.66,27.66,27.0,26.97,34520.2,-0.3,-1.1,26.832,26.632,26.693,44808.87,43997.72,39048.2
2019-01-18,26.93,27.18,26.85,26.3,34863.0,-0.15,-0.56,26.98,26.726,26.658,46111.4,43255.27,39591.98
2019-01-21,26.87,27.88,27.55,26.85,49328.25,0.7,2.61,27.154,26.775,26.646,48874.86,40708.13,40905.93
2019-01-22,27.59,27.68,27.36,27.2,21008.49,-0.19,-0.69,27.212,26.848,26.618,45190.07,39835.3,40229.75
2019-01-23,27.17,27.69,27.59,27.17,26104.37,0.23,0.84,27.27,26.971,26.595,33164.86,38387.73,40018.41
2019-01-24,27.59,28.12,27.6,27.31,32055.46,0.01,0.04,27.39,27.111,26.613,32671.91,38740.39,39442.09
2019-01-25,27.48,27.92,27.37,27.34,30875.82,-0.23,-0.83,27.494,27.237,26.656,31874.48,38992.94,38824.38
2019-01-28,27.37,28.47,28.12,27.37,49356.64,0.75,2.74,27.608,27.381,26.762,31880.16,40377.51,39579.44
2019-01-29,28.02,28.4,28.27,27.3,31029.28,0.15,0.53,27.79,27.501,26.877,33884.31,39537.19,39357.45
2019-01-30,28.0,28.3,27.88,27.86,15941.02,-0.39,-1.38,27.848,27.559,26.996,31851.64,32508.25,38444.35
2019-01-31,27.86,28.2,27.78,27.6,20412.06,-0.1,-0.36,27.884,27.637,27.135,29522.96,31097.44,37547.58
2019-02-01,27.9,28.46,28.36,27.88,28664.44,0.58,2.09,28.082,27.788,27.257,29080.69,30477.58,36866.43
2019-02-11,28.12,30.82,30.78,28.12,96678.24,2.42,8.53,28.614,28.111,27.443,38545.01,35212.58,37960.35
2019-02-12,30.44,31.5,30.7,30.44,63769.35,-0.08,-0.26,29.1,28.445,27.647,45093.02,39488.67,39661.98
2019-02-13,30.89,32.5,32.0,30.59,82592.51,1.3,4.24,29.924,28.886,27.929,58423.32,45137.48,41762.61
2019-02-14,31.74,31.99,31.5,31.27,43915.86,-0.5,-1.56,30.668,29.276,28.194,63124.08,46323.52,42531.96
2019-02-15,31.3,32.23,31.11,31.01,45035.1,-0.39,-1.24,31.218,29.65,28.444,66398.21,47739.45,43366.2
2019-02-18,31.5,32.47,32.25,31.24,45727.12,1.14,3.66,31.512,30.063,28.722,56207.99,47376.5,43877.0
2019-02-19,32.18,33.07,32.05,31.69,67396.74,-0.2,-0.62,31.782,30.441,28.971,56933.47,51013.24,45275.22
2019-02-20,32.29,32.45,31.41,30.91,52520.67,-0.64,-2.0,31.664,30.794,29.177,50919.1,54671.21,43589.73
2019-02-21,31.3,32.36,31.43,31.26,73776.39,0.02,0.06,31.65,31.159,29.398,56891.2,60007.64,45552.54
2019-02-22,31.2,31.96,31.83,30.7,58387.3,0.4,1.27,31.794,31.506,29.647,59561.64,62979.93,46728.76
2019-02-25,32.02,34.58,34.29,32.02,120688.53,2.46,7.73,32.202,31.857,29.984,74553.93,65380.96,50296.77
2019-02-26,34.29,34.3,33.23,32.11,115548.99,-1.06,-3.09,32.438,32.11,30.278,84184.38,70558.92,55023.79
2019-02-27,33.25,33.51,31.99,31.23,104764.68,-1.24,-3.73,32.554,32.109,30.498,94633.18,72776.14,58956.81
2019-02-28,31.6,32.5,32.05,31.57,44317.9,0.06,0.19,32.678,32.164,30.72,88741.48,72816.34,59569.93
2019-03-01,32.17,32.92,31.9,31.38,74565.66,-0.15,-0.47,32.692,32.243,30.947,91977.15,75769.4,61754.42
2019-03-04,32.4,33.55,32.32,31.97,152667.28,0.42,1.32,32.298,32.25,31.157,98372.9,86463.41,66919.96
2019-03-05,32.32,33.39,33.35,31.96,138991.11,1.03,3.19,32.322,32.38,31.411,103061.33,93622.85,72318.05
2019-03-06,33.2,33.6,33.36,32.53,116629.11,0.01,0.03,32.596,32.575,31.685,105434.21,100033.7,77352.45
2019-03-07,33.27,36.25,34.96,32.69,202601.45,1.6,4.8,33.178,32.928,32.044,137090.92,112916.2,86461.92
2019-03-08,33.85,36.83,34.85,33.3,187374.92,-0.11,-0.32,33.768,33.23,32.368,159652.77,125814.96,94397.45
2019-03-11,35.43,36.17,36.0,34.45,129592.26,1.15,3.3,34.504,33.401,32.629,155037.77,126705.34,96043.15
2019-03-12,36.8,38.58,37.37,36.08,166358.25,1.37,3.81,35.308,33.815,32.963,160511.2,131786.26,101172.59
2019-03-13,37.25,37.25,34.4,34.34,142981.95,-2.97,-7.95,35.516,34.056,33.083,165781.77,135607.99,104192.06
2019-03-14,34.77,34.89,33.53,33.14,75946.17,-0.87,-2.53,35.23,34.204,33.184,140450.71,138770.82,105793.58
2019-03-15,33.85,34.13,32.97,32.5,91742.94,-0.56,-1.67,34.854,34.311,33.277,121324.31,140488.54,108128.97
2019-03-18,33.14,33.63,33.58,32.5,67345.92,0.61,1.85,34.37,34.437,33.344,108875.05,131956.41,109209.91
2019-03-19,33.56,34.64,33.76,33.42,70386.69,0.18,0.54,33.648,34.478,33.429,89680.73,125095.97,109359.41
2019-03-20,33.55,33.95,33.48,32.46,71160.26,-0.28,-0.83,33.464,34.49,33.533,75316.4,120549.08,110291.39
2019-03-21,33.48,34.32,33.7,33.21,74911.62,0.22,0.66,33.498,34.364,33.646,75109.49,107780.1,110348.15
2019-03-22,33.99,33.99,33.41,32.89,59403.34,-0.29,-0.86,33.586,34.22,33.725,68641.57,94982.94,110398.95
2019-03-25,32.5,33.34,32.35,32.27,68847.85,-1.06,-3.17,33.34,33.855,33.628,68941.95,88908.5,107806.92
2019-03-26,32.64,32.98,31.65,31.49,67439.74,-0.7,-2.16,32.918,33.283,33.549,68352.56,79016.65,105401.46
2019-03-27,31.8,31.99,31.41,30.82,58557.36,-0.24,-0.76,32.504,32.984,33.52,65831.98,70574.19,103091.09
2019-03-28,31.41,32.24,31.57,30.91,54434.96,0.16,0.51,32.078,32.788,33.496,61736.65,68423.07,103596.94
2019-03-29,31.41,32.85,32.65,30.9,85986.03,1.08,3.42,31.926,32.756,33.534,67053.19,67847.38,104167.96
2019-04-01,32.83,34.14,33.97,32.82,91707.07,1.32,4.04,32.25,32.795,33.616,71625.03,70283.49,101119.95
2019-04-02,33.9,34.91,34.15,33.82,90031.1,0.18,0.53,32.75,32.834,33.656,76143.3,72247.93,98671.95
2019-04-03,33.99,35.0,34.27,33.87,56820.31,0.12,0.35,33.322,32.913,33.702,75795.89,70813.94,95681.51
2019-04-04,34.29,34.8,33.5,33.22,95664.96,-0.77,-2.25,33.708,32.893,33.629,84041.89,72889.27,90334.69
2019-04-08,34.18,34.18,32.56,32.08,84955.67,-0.94,-2.81,33.69,32.808,33.514,83835.82,75444.51,85213.72
2019-04-09,32.4,33.32,32.53,32.08,57608.43,-0.03,-0.09,33.402,32.826,33.341,77016.09,74320.56,81614.53
2019-04-10,32.28,32.53,32.07,31.6,58213.64,-0.46,-1.41,32.986,32.868,33.076,70652.6,73397.95,76207.3
2019-04-11,31.94,32.28,31.39,31.34,51063.09,-0.68,-2.12,32.41,32.866,32.925,69501.16,72648.53,71611.36
2019-04-12,31.25,31.63,31.41,31.08,37809.71,0.02,0.06,31.992,32.85,32.819,57930.11,70986.0,69704.53
2019-04-15,31.75,32.44,31.19,31.16,60000.79,-0.22,-0.7,31.718,32.704,32.73,52939.13,68387.48,68117.43
2019-04-16,31.17,32.37,32.14,30.21,79101.64,0.95,3.05,31.64,32.521,32.658,57237.77,67126.93,68705.21
2019-04-17,32.1,32.5,32.0,31.81,58834.4,-0.14,-0.44,31.626,32.306,32.57,57361.93,64007.26,68127.6
2019-04-18,32.16,32.28,32.2,31.7,41422.54,0.2,0.62,31.788,32.099,32.506,55433.82,62467.49,66640.71
2019-04-19,32.2,32.5,32.13,31.9,42197.69,-0.07,-0.22,31.932,31.962,32.428,56311.41,57120.76,65005.02
2019-04-22,32.11,32.28,31.52,31.5,40191.23,-0.61,-1.9,31.998,31.858,32.333,52349.5,52644.32,64044.41
2019-04-23,31.83,32.02,31.23,30.89,44662.32,-0.29,-0.92,31.816,31.728,32.277,45461.64,51349.71,62835.13
2019-04-24,31.3,31.97,31.95,30.52,63306.7,0.72,2.31,31.806,31.716,32.292,46356.1,51859.01,62628.48
2019-04-25,31.76,31.88,30.69,30.4,56269.05,-1.26,-3.94,31.504,31.646,32.256,49325.4,52379.61,62514.07
2019-04-26,30.69,30.92,30.25,30.05,47297.93,-0.44,-1.43,31.128,31.53,32.19,50345.45,53328.43,62157.22
2019-04-29,30.77,31.98,30.8,30.62,100033.67,0.55,1.82,30.984,31.491,32.098,62313.93,57331.72,62859.6
2019-04-30,30.65,31.77,31.14,30.5,36923.12,0.34,1.1,30.966,31.391,31.956,60766.09,53113.87,60120.4
2019-05-06,29.9,29.9,28.39,28.03,70928.62,-2.75,-8.83,30.254,31.03,31.668,62290.48,54323.29,59165.28
2019-05-07,28.55,28.84,28.11,27.74,49694.48,-0.28,-0.99,29.738,30.621,31.36,60975.56,55150.48,58808.98
2019-05-08,27.49,28.65,27.92,26.92,59864.74,-0.19,-0.68,29.272,30.2,31.081,63488.93,56917.19,57018.97
2019-05-09,27.7,28.47,28.1,27.6,31109.13,0.18,0.65,28.732,29.858,30.858,49704.02,56008.98,54326.65
2019-05-10,28.24,29.84,29.58,28.24,72678.88,1.48,5.27,28.42,29.693,30.711,56855.17,58810.63,55080.17
2019-05-13,29.11,30.28,29.69,29.11,38396.54,0.11,0.37,28.68,29.467,30.592,50348.75,56319.62,54089.31
2019-05-14,29.4,29.99,29.06,28.88,38844.35,-0.63,-2.12,28.87,29.304,30.475,48178.73,54577.15,53478.38
2019-05-15,29.5,29.69,29.6,29.1,30052.36,0.54,1.86,29.206,29.239,30.385,42216.25,52852.59,53090.51
2019-05-16,29.52,29.84,29.42,29.38,24383.78,-0.18,-0.61,29.47,29.101,30.296,40871.18,45287.6,51309.66
2019-05-17,29.65,30.81,29.9,29.56,71848.57,0.48,1.63,29.534,28.977,30.184,40705.12,48780.15,50947.01
2019-05-20,29.67,30.7,30.6,29.67,44147.93,0.7,2.34,29.716,29.198,30.114,41855.4,46102.08,50212.68
2019-05-21,30.5,31.25,30.65,29.88,47630.76,0.05,0.16,30.034,29.452,30.037,43612.68,45895.7,50523.09
2019-05-22,30.6,31.51,31.43,30.55,58793.13,0.78,2.54,30.4,29.803,30.002,49360.83,45788.54,51352.86
2019-05-23,31.53,31.53,30.23,30.11,45524.66,-1.2,-3.82,30.562,30.016,29.937,53589.01,47230.1,51619.54
2019-05-24,30.33,30.85,29.61,29.61,35544.77,-0.62,-2.05,30.504,30.019,29.856,46328.25,43516.69,51163.66
2019-05-27,29.87,32.0,31.86,29.87,81815.45,2.25,7.6,30.756,30.236,29.852,53861.75,47858.58,52089.1
2019-05-28,31.87,32.18,32.0,31.37,70952.08,0.14,0.44,31.026,30.53,29.917,58526.02,51069.35,52823.25
2019-05-29,32.23,32.68,32.27,31.87,78712.01,0.27,0.84,31.194,30.797,30.018,62509.79,55935.31,54393.95
2019-05-30,32.15,32.6,32.38,31.64,52880.53,0.11,0.34,31.624,31.093,30.097,63980.97,58784.99,52036.29
2019-05-31,32.17,33.8,33.35,32.06,77550.75,0.97,3.0,32.372,31.438,30.208,72382.16,59355.21,54067.68
2019-06-03,33.34,34.35,32.98,32.84,88162.01,-0.37,-1.11,32.596,31.676,30.437,73651.48,63756.62,54929.35
2019-06-04,33.25,33.25,31.95,31.15,90504.42,-0.93,-2.83,32.586,31.806,30.629,77561.94,68043.98,56969.84
2019-06-05,32.25,32.69,31.4,31.39,60497.47,-0.55,-1.72,32.412,31.803,30.803,73919.04,68214.42,57001.48
2019-06-06,31.64,32.27,31.5,31.25,49813.29,0.1,0.32,32.236,31.93,30.973,73305.59,68643.28,57936.69
2019-06-10,31.5,32.4,32.36,31.33,43813.24,0.86,2.73,32.038,32.205,31.112,66558.09,69470.13,56493.41
2019-06-11,32.3,33.3,33.22,31.54,65077.86,0.86,2.66,32.086,32.341,31.289,61941.26,67796.37,57827.47
2019-06-12,33.22,33.49,33.03,32.82,33196.43,-0.19,-0.57,32.302,32.444,31.487,50479.66,64020.8,57545.08
2019-06-13,32.9,34.17,33.83,32.71,75702.5,0.8,2.42,32.788,32.6,31.699,53520.66,63719.85,59827.58
2019-06-14,33.7,34.26,33.25,33.25,50362.85,-0.58,-1.71,33.138,32.687,31.89,53630.58,63468.08,61126.54
2019-06-17,33.4,33.71,32.65,32.57,28124.2,-0.6,-1.8,33.196,32.617,32.028,50492.77,58525.43,58940.32
2019-06-18,32.68,34.15,33.9,32.68,63931.02,1.25,3.83,33.332,32.709,32.193,50263.4,56102.33,59929.47
2019-06-19,34.59,35.5,34.15,34.07,74995.78,0.25,0.74,33.556,32.929,32.368,58623.27,54551.46,61297.72
2019-06-20,34.03,35.17,34.66,34.02,53196.38,0.51,1.49,33.722,33.255,32.529,54122.05,53821.36,61017.89
2019-06-21,34.83,35.6,35.17,34.7,53131.86,0.51,1.47,34.106,33.622,32.776,54675.85,54153.21,61398.25
2019-06-24,35.37,36.25,35.42,34.91,62005.75,0.25,0.71,34.66,33.928,33.067,61452.16,55972.46,62721.29
2019-06-25,35.37,35.37,34.91,34.36,33607.46,-0.51,-1.44,34.862,34.097,33.219,55387.45,52825.42,60310.89
2019-06-26,34.7,35.68,35.17,34.63,37353.55,0.26,0.74,35.066,34.311,33.378,47859.0,53241.14,58630.97
2019-06-27,35.02,35.77,35.44,34.9,34189.5,0.27,0.77,35.222,34.472,33.536,44057.62,49089.84,56404.84
2019-06-28,35.06,36.3,36.19,34.74,53491.05,0.75,2.12,35.426,34.766,33.727,44129.46,49402.66,56435.37
2019-07-01,36.9,37.55,36.93,36.36,59491.46,0.74,2.04,35.728,35.194,33.906,43626.6,52539.38,55532.4
2019-07-02,36.7,37.4,36.3,36.12,38764.27,-0.63,-1.71,36.006,35.434,34.072,44657.97,50022.71,53062.52
2019-07-03,36.22,36.25,35.9,35.5,29761.85,-0.4,-1.1,36.152,35.609,34.269,43139.63,45499.31,50025.39
2019-07-04,36.13,36.7,35.95,35.65,31842.33,0.05,0.14,36.254,35.738,34.497,42670.19,43363.91,48592.63
2019-07-05,36.06,36.09,35.55,34.9,37907.05,-0.4,-1.11,36.126,35.776,34.699,39553.39,41841.43,47997.32
2019-07-08,35.71,35.85,33.68,32.68,80573.9,-1.87,-5.26,35.476,35.602,34.765,43769.88,43698.24,49835.35
2019-07-09,33.77,34.24,33.44,33.0,59814.54,-0.24,-0.71,34.904,35.455,34.776,47979.93,46318.95,49572.19
2019-07-10,33.81,34.05,33.42,33.2,36561.67,-0.02,-0.06,34.408,35.28,34.796,49339.9,46239.76,49740.45
2019-07-11,33.82,34.0,33.34,33.06,29220.89,-0.08,-0.24,33.886,35.07,34.771,48815.61,45742.9,47416.37
2019-07-12,33.09,33.68,33.28,32.7,24240.04,-0.06,-0.18,33.432,34.779,34.773,46082.21,42817.8,46110.23
2019-07-15,32.88,34.68,34.02,32.51,56398.17,0.74,2.22,33.5,34.488,34.841,41247.06,42508.47,47523.93
2019-07-16,34.02,34.3,33.58,33.28,40630.1,-0.44,-1.29,33.528,34.216,34.825,37410.17,42695.05,46358.88
2019-07-17,33.58,33.99,33.73,33.28,21549.49,0.15,0.45,33.59,33.999,34.804,34407.74,41873.82,43686.57
2019-07-18,33.34,33.64,32.82,32.73,33618.96,-0.91,-2.7,33.486,33.686,34.712,35287.35,42051.48,42707.69
2019-07-19,32.81,34.65,34.06,32.81,63631.27,1.24,3.78,33.642,33.537,34.657,43165.6,44623.9,43232.67
2019-07-22,34.27,34.43,33.3,33.03,39683.41,-0.76,-2.23,33.498,33.499,34.551,39822.65,40534.85,42116.55
2019-07-23,33.38,35.5,35.04,33.19,61335.85,1.74,5.22,33.79,33.659,34.557,43963.8,40686.99,43502.97
2019-07-24,35.04,35.59,35.15,34.72,47992.56,0.11,0.31,34.074,33.832,34.556,49252.41,41830.07,44034.92
2019-07-25,35.11,35.4,35.3,34.73,40132.67,0.15,0.43,34.57,34.028,34.549,50555.15,42921.25,44332.08
2019-07-26,35.11,35.27,34.82,34.65,29120.54,-0.48,-1.36,34.722,34.182,34.481,43653.01,43409.3,43113.55
2019-07-29,34.86,36.0,34.9,34.51,43278.13,0.08,0.23,35.042,34.27,34.379,44371.95,42097.3,42302.88
2019-07-30,34.96,35.5,34.8,34.64,44738.72,-0.1,-0.29,34.994,34.392,34.304,41052.52,42508.16,42601.61
2019-07-31,34.66,35.8,35.8,34.3,59247.55,1.0,2.87,35.124,34.599,34.299,43303.52,46277.97,44075.89
2019-08-01,35.38,35.78,35.03,34.8,38798.71,-0.77,-2.15,35.07,34.82,34.253,43036.73,46795.94,44423.71
2019-08-02,33.83,34.75,34.13,33.45,38794.01,-0.9,-2.57,34.932,34.827,34.182,44971.42,44312.22,44468.06
2019-08-05,34.28,34.55,33.55,33.55,33157.47,-0.58,-1.7,34.662,34.852,34.176,42947.29,43659.62,42097.24
2019-08-06,32.73,33.18,32.56,31.7,50342.58,-0.99,-2.95,34.214,34.604,34.132,44068.06,42560.29,41623.64
2019-08-07,32.88,34.11,33.6,32.79,49870.93,1.04,3.19,33.774,34.449,34.141,42192.74,42748.13,42289.1
2019-08-08,33.67,34.25,33.57,33.32,31912.16,-0.03,-0.09,33.482,34.276,34.152,40815.43,41926.08,42423.67
2019-08-09,33.57,34.0,33.17,32.9,34172.5,-0.4,-1.19,33.29,34.111,34.147,39891.13,42431.28,42920.29
2019-08-12,33.32,33.51,33.4,32.2,53165.34,0.23,0.69,33.26,33.961,34.116,43892.7,43420.0,42758.65
2019-08-13,33.02,33.2,32.12,30.86,85784.35,-1.28,-3.83,33.172,33.693,34.043,50981.06,47524.56,45016.36
2019-08-14,32.12,32.79,31.6,31.48,55480.26,-0.52,-1.62,32.772,33.273,33.936,52102.92,47147.83,46712.9
2019-08-15,31.0,32.12,32.0,30.8,52035.2,0.4,1.27,32.458,32.97,33.895,56127.53,48471.48,47633.71
2019-08-16,31.99,33.0,32.6,31.87,49862.04,0.6,1.88,32.344,32.817,33.822,59265.44,49578.28,46945.25
2019-08-19,32.84,34.45,34.21,32.75,65344.61,1.61,4.94,32.506,32.883,33.868,61701.29,52797.0,48228.31
2019-08-20,34.22,34.88,33.92,33.52,32684.61,-0.29,-0.85,32.866,33.019,33.812,51081.34,51031.2,46795.75
2019-08-21,33.92,34.1,33.48,33.12,38494.84,-0.44,-1.3,33.242,33.007,33.728,47684.26,49893.59,46320.86
2019-08-22,33.45,33.68,32.92,32.5,43699.92,-0.56,-1.67,33.426,32.942,33.609,46017.2,51072.37,46499.22
2019-08-23,33.06,33.68,33.13,32.61,44390.43,0.21,0.64,33.532,32.938,33.525,44922.88,52094.16,47262.72
2019-08-26,32.4,33.35,32.8,32.01,51815.13,-0.33,-1.0,33.25,32.878,33.42,42216.99,51959.14,47689.57
2019-08-27,32.98,33.5,32.6,32.29,77724.7,-0.2,-0.61,32.986,32.926,33.31,51225.0,51153.17,49338.87
2019-08-28,32.49,32.56,31.9,31.31,66873.06,-0.7,-2.15,32.67,32.956,33.115,56900.65,52292.45,49720.14
2019-08-29,32.16,35.09,35.09,32.1,165096.45,3.19,10.0,33.104,33.265,33.118,81179.95,63598.58,56035.03
2019-08-30,35.29,35.86,34.0,33.92,129178.96,-1.09,-3.11,33.278,33.405,33.111,98137.66,71530.27,60554.28
2019-09-02,34.36,35.02,34.91,33.92,118738.18,0.91,2.68,33.7,33.475,33.179,111522.27,76869.63,64833.31
2019-09-03,34.75,35.94,35.59,34.3,110926.93,0.68,1.95,34.298,33.642,33.331,118162.72,84693.86,67862.53
2019-09-04,35.37,37.12,36.91,35.27,117316.71,1.32,3.71,35.3,33.985,33.496,128251.45,92576.05,71234.82
2019-09-05,37.01,38.28,36.78,36.69,119146.98,-0.13,-0.35,35.638,34.371,33.657,119061.55,100120.75,75596.56
2019-09-06,36.94,40.2,38.51,36.94,161527.41,1.73,4.7,36.54,34.909,33.924,125531.24,111834.45,81964.31
2019-09-09,39.05,41.2,40.98,39.0,125764.36,2.47,6.41,37.754,35.727,34.303,126936.48,119229.37,85594.26
2019-09-10,40.76,42.33,41.06,40.28,106190.78,0.08,0.2,38.848,36.573,34.75,125989.25,122075.98,86614.58
2019-09-11,41.0,41.58,40.62,40.07,62624.16,-0.44,-1.07,39.59,37.445,35.201,115050.74,121651.09,86971.77
2019-09-12,41.05,41.3,41.04,40.05,51219.66,0.42,1.03,40.442,38.04,35.653,101465.27,110263.41,86931.0
2019-09-16,41.14,41.71,41.35,40.56,53188.23,0.31,0.76,41.01,38.775,36.09,79797.44,102664.34,87097.31
2019-09-17,41.27,41.27,40.3,39.8,53146.82,-1.05,-2.54,40.874,39.314,36.395,65273.93,96105.2,86487.42
2019-09-18,40.89,40.9,40.57,40.0,40760.96,0.27,0.67,40.776,39.812,36.727,52187.97,89088.61,86891.23
2019-09-19,40.58,41.03,41.03,39.9,45513.78,0.46,1.13,40.858,40.224,37.105,48765.89,81908.31,87242.18
2019-09-20,40.99,41.1,40.18,39.62,61542.48,-0.85,-2.07,40.686,40.564,37.468,50830.45,76147.86,88134.31
2019-09-23,39.88,40.18,40.18,39.14,65694.65,0.0,0.0,40.452,40.731,37.82,53331.74,66564.59,89199.52
2019-09-24,39.83,44.2,43.33,39.3,137586.81,3.15,7.84,41.058,40.966,38.347,70219.74,67746.83,93488.1
2019-09-25,43.0,43.85,41.9,41.7,85935.5,-1.43,-3.3,41.324,41.05,38.812,79254.64,65721.31,93898.64
2019-09-26,42.25,42.77,40.36,39.4,76903.87,-1.54,-3.67,41.19,41.024,39.235,85532.66,67149.28,94400.18
2019-09-27,40.7,40.75,40.34,39.55,43568.79,-0.02,-0.05,41.222,40.954,39.497,81937.92,66384.19,88323.8
2019-09-30,40.02,40.79,39.45,39.0,37609.88,-0.89,-2.21,41.076,40.764,39.77,76320.97,64826.35,83745.35
2019-10-08,39.44,40.6,38.66,38.38,48899.11,-0.79,-2.0,40.142,40.6,39.957,58583.43,64401.58,80253.39
2019-10-09,38.48,39.64,39.11,38.48,44496.05,0.45,1.16,39.584,40.454,40.133,50295.54,64775.09,76931.85
2019-10-10,39.25,40.17,39.85,38.63,47577.37,0.74,1.89,39.482,40.336,40.28,44430.24,64981.45,73444.88
2019-10-11,39.7,40.1,39.39,39.02,25713.51,-0.46,-1.15,39.292,40.257,40.411,40859.18,61398.55,68773.21
2019-10-14,40.09,41.17,40.0,39.51,44623.46,0.61,1.55,39.402,40.239,40.485,42261.9,59291.44,62928.01
2019-10-15,39.7,39.7,38.88,37.5,60385.27,-1.12,-2.8,39.446,39.794,40.38,44559.13,51571.28,59659.06
2019-10-16,38.53,39.38,38.49,38.48,21325.21,-0.39,-1.0,39.322,39.453,40.252,39924.96,45110.25,55415.78
2019-10-17,38.89,39.07,38.55,38.3,24334.78,0.06,0.16,39.062,39.272,40.148,35276.45,39853.34,53501.31
2019-10-18,38.83,38.85,37.74,37.74,29273.34,-0.81,-2.1,38.732,39.012,39.983,35988.41,38423.8,52403.99
2019-10-21,38.01,38.28,37.83,37.35,25132.58,0.09,0.24,38.298,38.85,39.807,32090.24,37176.07,51001.21
2019-10-22,37.81,39.2,38.73,37.8,31284.08,0.9,2.38,38.268,38.857,39.729,26270.0,35414.57,49908.07
2019-10-23,38.71,38.9,38.1,37.91,22480.12,-0.63,-1.63,38.19,38.756,39.605,26500.98,33212.97,48994.03
2019-10-24,37.62,38.46,38.11,37.61,19055.27,0.01,0.03,38.102,38.582,39.459,25445.08,30360.76,47671.11
2019-10-25,38.07,38.36,38.01,37.33,28071.57,-0.1,-0.26,38.156,38.444,39.351,25204.72,30596.57,45997.56
2019-10-28,38.9,39.56,39.15,38.81,47363.41,1.14,3.0,38.42,38.359,39.299,29650.89,30870.56,45081.0
2019-10-29,39.5,39.5,37.7,37.41,56301.48,-1.45,-3.7,38.214,38.241,39.018,34654.37,30462.18,41016.73
2019-10-30,37.71,37.9,37.04,36.44,53245.18,-0.66,-1.75,38.002,38.096,38.775,40807.38,33654.18,39382.22
2019-10-31,37.1,37.45,36.36,36.08,41641.86,-0.68,-1.84,37.652,37.877,38.575,45324.7,35384.89,37619.12
2019-11-01,36.3,36.74,36.41,36.0,33996.14,0.05,0.14,37.332,37.744,38.378,46509.61,35857.17,37140.48
2019-11-04,36.7,38.95,38.51,36.67,72037.79,2.1,5.77,37.204,37.812,38.331,51444.49,40547.69,38861.88
2019-11-05,38.8,38.89,38.83,37.95,39787.43,0.32,0.83,37.43,37.822,38.34,48141.68,41398.03,38406.3
2019-11-06,38.72,39.5,38.65,38.25,37685.02,-0.18,-0.46,37.752,37.877,38.317,45029.65,42918.52,38065.74
2019-11-07,38.44,39.65,39.4,38.33,41440.38,0.75,1.94,38.36,38.006,38.294,44989.35,45157.03,37758.89
2019-11-08,39.7,40.24,39.47,39.35,39314.81,0.07,0.18,38.972,38.152,38.298,46053.09,46281.35,38438.96
2019-11-11,39.66,39.94,38.98,38.81,37216.69,-0.49,-1.24,39.066,38.135,38.247,39088.87,45266.68,38068.62
2019-11-12,39.18,39.32,38.9,38.15,34896.34,-0.08,-0.2,39.08,38.255,38.248,38110.65,43126.16,36794.17
2019-11-13,38.95,39.43,39.05,38.58,33978.71,0.15,0.39,39.16,38.456,38.276,37369.39,41199.52,37426.85
2019-11-14,38.84,40.14,39.93,38.84,45626.47,0.88,2.25,39.266,38.813,38.345,38206.6,41597.98,38491.43
2019-11-15,39.78,40.87,39.92,39.58,52999.07,-0.01,-0.03,39.356,39.164,38.454,40943.46,43498.27,39677.72
2019-11-18,39.91,40.3,39.73,39.08,36014.75,-0.19,-0.48,39.506,39.286,38.549,40703.07,39895.97,40221.83
2019-11-19,39.75,40.45,40.26,39.44,35098.58,0.53,1.33,39.778,39.429,38.626,40743.52,39427.08,40412.55
2019-11-20,40.59,41.08,40.2,40.04,42819.53,-0.06,-0.15,40.008,39.584,38.731,42511.68,39940.53,41429.52
2019-11-21,40.32,40.32,39.58,39.21,38094.87,-0.62,-1.54,39.938,39.602,38.804,41005.36,39605.98,42381.5
2019-11-22,39.76,41.0,39.08,38.72,52906.42,-0.5,-1.26,39.77,39.563,38.858,40986.83,40965.14,43623.25
2019-11-25,39.01,39.4,36.32,35.89,108695.9,-2.76,-7.06,39.088,39.297,38.716,55523.06,48113.06,46689.87
2019-11-26,36.7,38.1,37.1,36.4,84966.25,0.78,2.15,38.456,39.117,38.686,65496.59,53120.06,48123.11
2019-11-27,37.15,37.5,36.53,36.38,56496.9,-0.57,-1.54,37.722,38.865,38.661,68232.07,55371.87,48285.7
2019-11-28,36.61,36.88,35.76,35.66,48295.77,-0.77,-2.11,36.958,38.448,38.631,70272.25,55638.8,48618.39
2019-11-29,35.75,36.5,36.09,35.6,35800.75,0.33,0.92,36.36,38.065,38.615,66851.11,53918.97,48708.62
2019-12-02,36.09,36.37,35.65,35.4,45746.37,-0.44,-1.22,36.226,37.657,38.472,54261.21,54892.13,47394.05
2019-12-03,35.91,35.99,35.98,35.25,36278.48,0.33,0.93,36.002,37.229,38.329,44523.65,55010.12,47218.6
2019-12-04,35.76,35.94,35.57,35.24,41325.67,-0.41,-1.14,35.81,36.766,38.175,41489.41,54860.74,47400.64
2019-12-05,35.78,36.66,36.45,35.52,38309.56,0.88,2.47,35.948,36.453,38.028,39492.17,54882.21,47244.09
2019-12-06,36.21,37.38,37.36,36.15,42089.13,0.91,2.5,36.202,36.281,37.922,40749.84,53800.48,47382.81
2019-12-09,37.04,37.63,37.17,36.6,38116.6,-0.19,-0.51,36.506,36.366,37.832,39223.89,46742.55,47427.81
2019-12-10,37.18,37.18,36.76,36.19,38279.06,-0.41,-1.1,36.662,36.332,37.725,39624.0,42073.83,47596.94
2019-12-11,36.7,37.09,36.95,36.45,34243.92,0.19,0.52,36.938,36.374,37.62,38207.65,39848.53,47610.2
2019-12-12,36.93,37.49,36.95,36.51,39662.29,0.0,0.0,37.038,36.493,37.471,38478.2,38985.18,47311.99
2019-12-13,37.24,37.68,37.29,36.8,53629.73,0.34,0.92,37.024,36.613,37.339,40786.32,40768.08,47343.53
2019-12-16,37.22,38.16,38.16,36.85,57026.02,0.87,2.33,37.222,36.864,37.261,44568.2,41896.05,48394.09
2019-12-17,38.04,38.8,38.8,38.01,60247.65,0.64,1.68,37.63,37.146,37.188,48961.92,44292.96,49651.54
2019-12-18,39.0,39.12,38.53,38.38,42948.89,-0.27,-0.7,37.946,37.442,37.104,50702.92,44455.29,49658.01
2019-12-19,38.54,38.98,38.29,37.68,36216.49,-0.24,-0.62,38.214,37.626,37.04,50013.76,44245.98,49564.09
2019-12-20,38.45,38.45,37.16,37.1,35748.27,-1.13,-2.95,38.188,37.606,36.944,46437.46,43611.89,48706.19
2019-12-23,37.15,37.35,36.4,35.96,54541.15,-0.76,-2.04,37.836,37.529,36.948,45940.49,45254.35,45998.45
2019-12-24,36.22,36.65,36.57,36.03,37387.06,0.17,0.47,37.39,37.51,36.921,41368.37,45165.15,43619.49
2019-12-25,36.62,38.87,38.71,36.21,80021.5,2.14,5.85,37.426,37.686,37.03,48782.89,49742.91,44795.72
2019-12-26,38.41,39.03,39.03,38.07,41122.22,0.32,0.83,37.574,37.894,37.194,49764.04,49888.9,44437.04
2019-12-27,39.2,39.94,38.89,38.85,64097.83,-0.14,-0.36,37.92,38.054,37.334,55433.95,50935.71,45851.89
2019-12-30,39.01,39.97,39.3,38.2,59963.4,0.41,1.05,38.5,38.168,37.516,56518.4,51229.45,46562.75
2019-12-31,39.29,39.99,39.0,38.74,40934.56,-0.3,-0.76,38.986,38.188,37.667,57227.9,49298.14,46795.55
2020-01-02,39.11,39.95,39.73,38.8,50854.95,0.73,1.87,39.19,38.308,37.875,51394.59,50088.74,47272.01
2020-01-03,39.9,39.97,39.18,38.9,41216.21,-0.55,-1.38,39.22,38.397,38.012,51413.39,50588.72,47417.35
2020-01-06,39.07,39.96,39.72,38.8,45119.54,0.54,1.38,39.386,38.653,38.13,47617.73,51525.84,47568.87
2020-01-07,39.72,40.4,40.4,39.19,58477.29,0.68,1.71,39.606,39.053,38.291,47320.51,51919.46,48586.9
2020-01-08,40.35,40.35,38.86,38.65,75846.69,-1.54,-3.81,39.578,39.282,38.396,54302.94,55765.42,50465.28
2020-01-09,39.2,39.77,39.43,38.92,54353.53,0.57,1.47,39.518,39.354,38.52,55002.65,53198.62,51470.76
2020-01-10,39.7,40.48,39.33,39.3,55808.78,-0.1,-0.25,39.548,39.384,38.639,57921.17,54667.28,52278.09
2020-01-13,39.5,40.28,40.24,38.88,61821.71,0.91,2.31,39.652,39.519,38.787,61261.6,54439.67,52687.69
2020-01-14,40.3,40.4,39.83,39.7,38259.65,-0.41,-1.02,39.538,39.572,38.87,57218.07,52269.29,51749.37
2020-01-15,39.82,40.5,40.45,39.69,45159.18,0.62,1.56,39.856,39.717,38.953,51080.57,52691.75,50994.95
2020-01-16,40.51,40.9,40.4,39.85,39330.95,-0.05,-0.12,40.05,39.784,39.046,48076.05,51539.35,50814.05
2020-01-17,40.52,41.88,41.13,40.25,58508.63,0.73,1.81,40.41,39.979,39.188,48616.02,53268.6,51928.66
2020-01-20,40.96,41.0,40.93,39.69,68218.81,-0.2,-0.49,40.548,40.1,39.377,49895.44,55578.52,53552.18
2020-01-21,40.41,40.67,39.41,39.41,44924.56,-1.52,-3.71,40.464,40.001,39.527,51228.43,54223.25,53071.35
2020-01-22,38.8,39.65,39.3,38.0,49939.63,-0.11,-0.28,40.234,40.045,39.664,52184.52,51632.54,53698.98
2020-01-23,38.89,39.94,37.56,36.85,69034.41,-1.74,-4.43,39.666,39.858,39.606,58125.21,53100.63,53149.63
2020-02-03,33.8,33.8,33.8,33.8,7520.0,-3.76,-10.01,38.2,39.305,39.345,47927.48,48271.75,51469.52
2020-02-04,30.49,33.38,32.43,30.49,145311.08,-1.37,-4.05,36.5,38.524,39.022,63345.94,56620.69,55530.18
2020-02-05,32.66,35.18,33.88,32.6,94560.1,1.45,4.47,35.394,37.929,38.751,73273.04,62250.74,57260.01
2020-02-06,33.7,35.12,34.83,33.5,64116.85,0.95,2.8,34.5,37.367,38.542,76108.49,64146.5,58419.13
2020-02-07,35.08,36.8,36.56,34.21,95705.57,1.73,4.97,34.3,36.983,38.384,81442.72,69783.96,60661.66
2020-02-10,36.61,37.6,37.32,36.18,67692.71,0.76,2.08,35.004,36.602,38.291,93477.26,70702.37,61985.48
2020-02-11,37.0,37.71,37.21,36.68,43230.32,-0.11,-0.29,35.96,36.23,38.165,73061.11,68203.52,61891.02
2020-02-12,36.92,39.6,39.45,36.92,74302.01,2.24,6.02,37.074,36.234,38.118,69009.49,71141.27,62682.26
2020-02-13,39.1,39.93,39.25,38.82,68225.95,-0.2,-0.51,37.958,36.229,38.137,69831.31,72969.9,62301.22
2020-02-14,38.9,39.45,38.4,38.07,58635.03,-0.85,-2.17,38.326,36.313,38.086,62417.2,71929.96,62515.3
2020-02-17,38.79,40.38,39.2,38.79,50963.65,0.8,2.08,38.702,36.853,38.079,59071.39,76274.33,62273.04
2020-02-18,39.54,40.46,40.15,39.02,61586.7,0.95,2.42,39.29,37.625,38.075,62742.67,67901.89,62261.29
2020-02-19,40.0,40.5,39.55,39.36,39286.35,-0.6,-1.49,39.31,38.192,38.061,55739.54,62374.51,62312.62
2020-02-20,39.51,41.54,40.94,38.64,104099.55,1.39,3.52,39.648,38.803,38.085,62914.26,66372.78,65259.64
2020-02-21,41.0,42.13,40.84,40.31,64968.15,-0.1,-0.24,40.136,39.231,38.107,64180.88,63299.04,66541.5
2020-02-24,41.1,44.9,44.5,40.8,102545.27,3.66,8.96,41.196,39.949,38.276,74497.2,66784.3,68743.34
2020-02-25,43.5,46.0,44.8,42.97,91190.02,0.3,0.67,42.126,40.708,38.469,80417.87,71580.27,69891.9
2020-02-26,44.1,44.99,40.85,40.5,93393.24,-3.95,-8.82,42.386,40.848,38.541,91239.25,73489.39,72315.33
2020-02-27,40.99,43.22,41.81,39.83,80160.21,0.96,2.35,42.56,41.104,38.667,86451.38,74682.82,73826.36
2020-02-28,40.25,41.28,38.81,38.81,70244.77,-3.0,-7.17,42.154,41.145,38.729,87506.7,75843.79,73886.88
2020-03-02,36.6,42.69,42.4,36.6,172450.14,3.59,9.25,41.734,41.465,39.159,101487.68,87992.44,82133.38
2020-03-03,45.0,45.28,41.76,41.4,105080.34,-0.64,-1.51,41.126,41.626,39.626,104265.74,92341.8,80121.85
2020-03-04,41.76,44.4,43.01,40.1,101801.69,1.25,2.99,41.558,41.972,40.082,105947.43,98593.34,80483.93
2020-03-05,44.5,45.8,43.2,42.75,79393.47,0.19,0.44,41.836,42.198,40.501,105794.08,96122.73,81247.76
2020-03-06,42.47,43.1,42.88,41.7,37307.33,-0.32,-0.74,42.65,42.402,40.817,99206.59,93356.65,78327.85
2020-03-09,41.1,41.5,38.59,38.59,191844.64,-4.29,-10.01,41.888,41.811,40.88,103085.49,102286.59,84535.44
2020-03-10,37.79,38.88,37.5,36.59,147707.33,-1.09,-2.83,41.036,41.081,40.895,111610.89,107938.32,89759.29
2020-03-11,37.8,38.2,36.41,36.35,97092.78,-1.09,-2.91,39.716,40.637,40.743,110669.11,108308.27,90898.83
2020-03-12,36.0,36.0,35.48,34.6,58477.78,-0.93,-2.55,38.172,40.004,40.554,106485.97,106140.03,90411.42
2020-03-13,33.95,35.5,34.81,32.7,84958.2,-0.67,-1.89,36.558,39.604,40.375,116016.15,107611.37,91727.58
2020-03-16,35.15,35.64,33.01,33.01,78824.08,-1.8,-5.17,35.442,38.665,40.065,93412.03,98248.76,93120.6
2020-03-17,33.7,33.88,32.94,31.53,88170.37,-0.07,-0.21,34.53,37.783,39.705,81504.64,96557.77,94449.79
2020-03-18,33.43,33.66,31.45,31.44,69242.18,-1.49,-4.52,33.538,36.627,39.3,75934.52,93301.82,95947.58
2020-03-19,31.25,32.3,31.99,30.92,65083.74,0.54,1.72,32.84,35.506,38.852,77255.71,91870.84,93996.79
2020-03-20,32.3,32.58,32.01,31.38,50266.3,0.02,0.06,32.28,34.419,38.411,70317.33,93166.74,93261.69
2020-03-23,31.14,31.6,30.27,29.79,79055.06,-1.74,-5.44,31.732,33.587,37.699,70363.53,81887.78,92087.18
2020-03-24,30.75,31.1,30.32,29.2,86218.14,0.05,0.17,31.208,32.869,36.975,69973.08,75738.86,91838.59
2020-03-25,31.68,31.68,30.95,30.39,85085.48,0.63,2.08,31.108,32.323,36.48,73141.74,74538.13,91423.2
2020-03-26,30.89,31.12,30.72,30.5,45378.58,-0.23,-0.74,30.854,31.847,35.926,69200.71,73228.21,89684.12
2020-03-27,31.25,32.49,31.22,31.05,80434.83,0.5,1.63,30.696,31.488,35.546,75234.42,72775.88,90193.62
2020-03-30,30.4,30.45,29.16,28.8,72673.65,-2.06,-6.6,30.474,31.103,34.884,73958.14,72160.83,85204.8
2020-03-31,29.62,29.7,28.96,28.96,40986.13,-0.2,-0.69,30.202,30.705,34.244,64911.73,67442.41,82000.09
2020-04-01,29.19,29.76,29.19,28.68,50306.8,0.23,0.79,29.85,30.479,33.553,57956.0,65548.87,79425.34
2020-04-02,29.19,30.4,30.4,28.86,53284.83,1.21,4.14,29.786,30.32,32.913,59537.25,64368.98,78119.91
2020-04-03,30.42,30.42,29.54,29.36,47002.56,-0.86,-2.83,29.45,30.073,32.246,52850.79,64042.61,78604.67
2020-04-07,30.28,30.46,30.43,29.92,53461.04,0.89,3.01,29.704,30.089,31.838,49008.27,61483.2,71685.49
2020-04-08,30.32,31.0,30.55,30.13,50396.99,0.12,0.39,30.022,30.112,31.491,50890.44,57901.09,66819.98
2020-04-09,30.85,31.09,30.95,30.4,45097.38,0.4,1.31,30.374,30.112,31.218,49848.56,53902.28,64220.21
2020-04-10,30.97,31.44,29.74,29.67,61869.9,-1.21,-3.91,30.242,30.014,30.931,51565.57,55551.41,64389.81
2020-04-13,29.74,29.74,28.75,28.74,38746.49,-0.99,-3.33,30.084,29.767,30.628,49914.36,51382.58,62079.23
2020-04-14,28.85,29.27,29.25,28.85,33843.32,0.5,1.74,29.848,29.776,30.44,45990.82,47499.54,59830.19
2020-04-15,29.51,30.55,30.02,29.12,60450.09,0.77,2.63,29.742,29.882,30.294,48001.44,49445.94,58444.17
2020-04-16,29.8,30.3,30.01,28.75,43094.61,-0.01,-0.03,29.554,29.964,30.222,47600.88,48724.72,57136.8
2020-04-17,30.46,30.68,29.6,29.51,56082.46,-0.41,-1.37,29.526,29.884,30.102,46443.39,49004.48,56686.73
2020-04-20,29.91,30.1,30.07,29.43,43837.38,0.47,1.59,29.79,29.937,30.005,47461.57,48687.97,56365.29
2020-04-21,29.9,30.0,29.72,29.31,39760.11,-0.35,-1.16,29.884,29.866,29.978,48644.93,47317.87,54400.54
2020-04-22,29.7,31.09,30.83,29.31,82331.69,1.11,3.73,30.046,29.894,30.003,53021.25,50511.34,54206.22
2020-04-23,31.16,31.48,31.0,30.51,64547.85,0.17,0.55,30.244,29.899,30.006,57311.9,52456.39,53179.33
2020-04-24,31.17,32.1,31.25,30.76,71077.92,0.25,0.81,30.574,30.05,30.032,60310.99,53377.19,54464.3
2020-04-27,31.28,31.6,29.7,29.45,84804.02,-1.55,-4.96,30.5,30.145,29.956,68504.32,57982.95,54682.76
2020-04-28,29.3,29.36,27.93,26.73,114258.19,-1.77,-5.96,30.142,30.013,29.895,83403.93,66024.43,56761.99
2020-04-29,27.9,28.78,28.45,27.26,53896.63,0.52,1.86,29.666,29.856,29.869,77716.92,65369.09,57407.51
2020-04-30,28.7,31.0,30.66,28.43,83901.44,2.21,7.77,29.598,29.921,29.943,81587.64,69449.77,59087.25
2020-05-06,30.11,31.85,31.18,30.11,75848.0,0.52,1.7,29.584,30.079,29.982,82541.66,71426.32,60215.4
2020-05-07,31.68,31.69,30.64,30.4,47222.74,-0.54,-1.73,29.772,30.136,30.037,75025.4,71764.86,60226.41
2020-05-08,30.94,31.83,31.35,30.73,48861.31,0.71,2.32,30.456,30.299,30.083,61946.02,72674.98,59996.43
2020-05-11,31.79,33.27,32.92,31.42,92887.72,1.57,5.01,31.35,30.508,30.201,69744.24,73730.58,62120.96
2020-05-12,33.05,33.22,32.91,32.07,60025.14,-0.01,-0.03,31.8,30.699,30.299,64968.98,73278.31,62867.35
2020-05-13,32.67,33.1,32.57,32.2,43423.87,-0.34,-1.03,32.078,30.831,30.441,58484.16,70512.91,61945.05
2020-05-14,32.31,32.75,32.11,32.05,36151.82,-0.46,-1.41,32.372,31.072,30.609,56269.97,65647.69,61815.32
2020-05-15,32.13,32.75,32.49,31.7,54528.15,0.38,1.18,32.6,31.528,30.771,57403.34,59674.68,62849.56
2020-05-18,32.5,32.7,31.39,31.3,48807.19,-1.1,-3.39,32.294,31.822,30.839,48587.23,59165.74,62267.41
2020-05-19,31.9,31.9,31.29,30.66,54439.46,-0.1,-0.32,31.97,31.885,30.903,47470.1,56219.54,62834.65
2020-05-20,31.3,31.3,30.7,30.17,59748.23,-0.59,-1.89,31.596,31.837,30.958,50734.97,54609.56,63017.94
2020-05-21,30.91,32.24,30.85,30.4,73899.81,0.15,0.49,31.344,31.858,30.997,58284.57,57277.27,64521.06
2020-05-22,30.7,31.22,29.5,29.23,67292.55,-1.35,-4.38,30.746,31.673,30.986,60837.45,59120.39,65897.69
2020-05-25,29.48,29.74,28.85,28.66,44694.3,-0.65,-2.2,30.238,31.266,30.887,60014.87,54301.05,64015.82
2020-05-26,29.07,29.68,29.45,28.95,34639.17,0.6,2.08,29.87,30.92,30.81,56054.81,51762.46,62520.38
2020-05-27,29.45,29.53,29.2,28.84,28815.07,-0.25,-0.85,29.57,30.583,30.707,49868.18,50301.58,60407.24
2020-05-28,29.02,29.18,29.0,28.26,53557.3,-0.2,-0.69,29.2,30.272,30.672,45799.68,52042.12,58844.9
2020-05-29,28.86,29.69,29.69,28.72,43680.45,0.69,2.38,29.238,29.992,30.76,41077.26,50957.35,55316.02
2020-06-01,29.79,30.39,30.15,29.55,62576.7,0.46,1.55,29.498,29.868,30.845,44653.74,52334.3,55750.02
2020-06-02,30.19,30.33,29.96,29.83,43972.62,-0.19,-0.63,29.6,29.735,30.81,46520.43,51287.62,53753.58
2020-06-03,30.01,30.62,30.09,29.85,50871.75,0.13,0.43,29.778,29.674,30.756,50931.76,50399.97,52504.77
2020-06-04,30.21,30.27,29.87,29.7,36246.57,-0.22,-0.73,29.952,29.576,30.717,47469.62,46634.65,51955.96
