,code,解禁时间,限售股类型,解禁前20日涨跌幅,解禁后20日涨跌幅,解禁股占流通股比例,市场,股票名称,解禁前一日股价
0,603165,2020-01-17T00:00:00,首发原股东限售股份,0.0725663716593275,-0.0665566558206173,2.99873737373737,sh,荣晟环保,18.18
1,600936,2017-08-15T00:00:00,首发原股东限售股份,0.0210249667038177,0.032175031827233,2.98661107666667,sh,广西广电,7.77
2,600617,2016-12-23T00:00:00,定向增发机构配售股份,-0.0802005012635236,-0.0699364214423176,2.98442045516292,sh,国新能源,11.01
3,601811,2019-08-08T00:00:00,首发原股东限售股份,-0.137575236129948,0.334995015313226,2.97753025418222,sh,新华文轩,10.03
4,603637,2020-02-10T00:00:00,首发原股东限售股份,-0.0513495721487519,0.0013879207325887,2.97737601942601,sh,镇海股份,14.41
5,603398,2018-12-10T00:00:00,首发原股东限售股份,-0.0245009075090944,0.0930232557847929,2.97174590071667,sh,邦宝益智,10.75
6,600871,2016-03-03T00:00:00,定向增发机构配售股份,0.0276422769651503,-0.19778481039024,2.96296296222222,sh,石化油服,6.32
7,601038,2015-08-10T00:00:00,首发原股东限售股份,0.4490445856812,-0.28278388238787,2.9594,sh,一拖股份,13.65
8,603218,2020-02-17T00:00:00,首发原股东限售股份,-0.121995464836619,-0.0289256198059937,2.95892622625505,sh,日月股份,19.36
9,603166,2017-11-27T00:00:00,首发原股东限售股份,-0.229523809372633,-0.0111248457775338,2.95027000776884,sh,福达股份,8.09
10,603178,2020-03-30T00:00:00,首发原股东限售股份,-0.125950053979116,-0.0496894408958328,2.94331181445362,sh,圣龙股份,8.05
11,002703,2015-11-02T00:00:00,首发原股东限售股份,0.371874999977479,-0.0954188812311678,2.93239753333333,zxb,浙江世宝,39.51
12,600515,2017-10-25T00:00:00,定向增发机构配售股份,-0.0725530461247478,-0.00590405875259426,2.92241441657159,sh,海航基础,13.55
13,603117,2016-06-29T00:00:00,首发原股东限售股份,0.0722143018223236,-0.0245726496191795,2.91841653333333,sh,万林物流,18.72
14,600733,2019-08-23T00:00:00,定向增发机构配售股份,-0.105521472288548,-0.0452674898021854,2.88647384944734,sh,北汽蓝谷,7.29
15,603803,2018-04-23T00:00:00,首发原股东限售股份,0.0590024330900243,0.0103388856978748,2.86956957746479,sh,瑞斯康达,17.41
16,601619,2020-07-27T00:00:00,首发原股东限售股份,0.0515463910533054,0.225490196394629,2.83718513404683,sh,嘉泽新能,3.06
17,000791,2015-12-28T00:00:00,定向增发机构配售股份,-0.143957345929099,-0.230449826979745,2.82144509932329,szzb,甘肃电投,14.45
18,300285,2015-01-13T00:00:00,首发原股东限售股份,-0.071839951629391,0.00261267148678228,2.81876769258568,cyb,国瓷材料,30.62
19,300601,2018-02-07T00:00:00,首发原股东限售股份,-0.137436762245473,0.317448680212316,2.81124404761905,cyb,康泰生物,40.92
20,600061,2016-02-22T00:00:00,定向增发机构配售股份,-0.174133949179694,-0.0178970917075036,2.81024352774314,sh,国投资本,17.88
21,603839,2020-02-14T00:00:00,首发原股东限售股份,0.01614086546037,0.127075812553469,2.79192700282483,sh,安正时尚,13.85
22,002661,2015-03-16T00:00:00,首发原股东限售股份,0.0771172181577739,0.301744337397874,2.78507152745731,zxb,克明面业,38.41
23,603226,2020-06-16T00:00:00,首发原股东限售股份,-0.0391510520957185,0.0662431943447558,2.77708941007027,sh,菲林格尔,11.02
24,000672,2016-05-09T00:00:00,定向增发机构配售股份,-0.122708039670361,-0.0241157554187224,2.77600860902769,szzb,上峰水泥,6.22
25,002677,2015-12-11T00:00:00,"追加承诺限售股份上市流通,首发原股东限售股份",-0.0565947243573681,0.140315200809792,2.775,zxb,浙江美大,19.67
26,600606,2018-07-02T00:00:00,定向增发机构配售股份,-0.0224215246582934,0.0161148340997474,2.77498111072188,sh,绿地控股,6.54
27,002729,2017-09-13T00:00:00,首发原股东限售股份,-0.240148333198945,0.012698922916396,2.77149321266968,zxb,好利来,62.21
28,002957,2020-07-27T00:00:00,首发原股东限售股份,0.0220677314814815,0.00436334769080548,2.75334641463415,zxb,科瑞技术,25.21
29,603337,2020-01-20T00:00:00,首发原股东限售股份,0.132786093580613,-0.0515771525986966,2.75061298200451,sh,杰克股份,23.46
0,603180,2020-05-12T00:00:00,首发原股东限售股份,0.000764526008043031,0.0408644494954579,2.74826810309907,sh,金牌厨柜,65.45
1,002120,2019-12-24T00:00:00,定向增发机构配售股份,0.00683816345508699,0.0459249676137524,2.74077645227221,zxb,韵达股份,30.92
2,002736,2017-12-29T00:00:00,首发原股东限售股份,-0.142164781817512,0.265536723374989,2.73566163091279,zxb,国信证券,10.62
3,603260,2018-10-30T00:00:00,首发原股东限售股份,-0.166393591768355,-0.0476086483446502,2.7263115,sh,合盛硅业,45.79
4,002644,2015-02-05T00:00:00,首发原股东限售股份,0.0625302956084205,0.0187043796026153,2.72258064516129,zxb,佛慈制药,21.92
5,000710,2019-08-16T00:00:00,"定向增发机构配售股份,追加承诺限售股份上市流通",-0.0321811679897812,0.0560344826418078,2.71604272093736,szzb,贝瑞基因,32.48
6,002676,2015-05-27T00:00:00,首发原股东限售股份,0.233683249568251,-0.272086117402373,2.71029760675923,zxb,顺威股份,27.03
7,600903,2018-11-07T00:00:00,首发原股东限售股份,-0.00467836270523047,-0.0317273794752805,2.70017862309562,sh,贵州燃气,25.53
8,601225,2017-02-03T00:00:00,首发原股东限售股份,0.095041322148724,0.0735849053846312,2.690036900369,sh,陕西煤业,5.3
9,603997,2018-03-02T00:00:00,首发原股东限售股份,-0.0333919156656762,0.159999997245862,2.68421052631579,sh,继峰股份,11.0
10,603818,2018-05-16T00:00:00,首发原股东限售股份,0.0235562345160847,-0.226459368726868,2.67849978724698,sh,曲美家居,13.47
11,601985,2018-06-12T00:00:00,首发原股东限售股份,-0.10582822032065,-0.0325900509337464,2.67001002063071,sh,中国核电,5.83
12,603196,2020-06-01T00:00:00,首发原股东限售股份,-0.0278128945576009,0.0412804667434265,2.6697247706422,sh,日播时尚,7.69
13,603712,2019-02-26T00:00:00,首发原股东限售股份,0.0206422021291427,0.100561797645296,2.664368,sh,七一二,17.8
14,601608,2015-07-06T00:00:00,首发原股东限售股份,-0.487489214738963,0.195286195209793,2.64031095573384,sh,中信重工,11.88
15,603298,2019-12-27T00:00:00,首发原股东限售股份,-0.0377358488465492,-0.0138888885996521,2.62782109694474,sh,杭叉集团,12.24
16,601878,2018-06-26T00:00:00,首发原股东限售股份,-0.281678082191781,-0.0393325387365912,2.6255239978952,sh,浙商证券,8.39
17,603876,2019-04-18T00:00:00,首发原股东限售股份,-0.0415647918876863,-0.181122449044448,2.62500307692308,sh,鼎胜新材,19.6
18,002352,2018-01-23T00:00:00,定向增发机构配售股份,-0.0315952704289424,0.0308246597574851,2.62164508870123,zxb,顺丰控股,49.96
19,601900,2019-02-15T00:00:00,首发原股东限售股份,-0.0236486486303778,0.070357553728622,2.61638594417621,sh,南方传媒,8.67
20,603877,2018-01-09T00:00:00,首发原股东限售股份,-0.0910760189278339,0.168484848445407,2.61392727272727,sh,太平鸟,24.75
21,002811,2019-09-09T00:00:00,首发原股东限售股份,0.0167832168068464,0.0371389273152509,2.60771251111111,zxb,郑中设计,14.54
22,300682,2018-08-01T00:00:00,首发原股东限售股份,-0.229090905535948,-0.0784198110003036,2.597008,cyb,朗新科技,16.96
23,600339,2020-01-03T00:00:00,定向增发机构配售股份,0.0362537765984178,-0.192419825184879,2.59697012576233,sh,中油工程,3.43
24,600233,2019-09-30T00:00:00,定向增发机构配售股份,0.00352112658578396,0.114035087741601,2.58310726717096,sh,圆通速递,11.4
25,603619,2018-12-18T00:00:00,首发原股东限售股份,-0.0377743745836874,-0.16923076912571,2.58303139242152,sh,中曼石油,18.85
26,300768,2020-04-14T00:00:00,首发原股东限售股份,-0.229076620825147,0.148572884811417,2.58228142964259,cyb,迪普科技,39.24
27,603988,2017-11-06T00:00:00,首发原股东限售股份,-0.0086717135962402,0.0793486288033102,2.57142857142857,sh,中电电机,72.02
28,603377,2019-02-14T00:00:00,首发原股东限售股份,0.0893772890198536,0.0255548085520055,2.5666896661536,sh,东方时尚,14.87
29,603989,2018-05-15T00:00:00,首发原股东限售股份,-0.0670870133961231,-0.0781292241847954,2.55555555555556,sh,艾华集团,36.99
0,601212,2020-02-17T00:00:00,首发原股东限售股份,-0.181818181091637,-0.0228758180787971,2.54916999774545,sh,白银有色,3.06
1,002505,2017-09-06T00:00:00,定向增发机构配售股份,-0.0168539326268779,-0.114285691938435,2.54689210558326,zxb,大康农业,3.5
2,603339,2019-05-20T00:00:00,首发原股东限售股份,-0.159710628723108,-0.00596026490972702,2.53884968951984,sh,四方科技,15.1
3,002180,2017-10-09T00:00:00,定向增发机构配售股份,0.0705394190831825,0.0320648343847697,2.53231309969048,zxb,纳思达,28.38
4,601595,2019-08-19T00:00:00,首发原股东限售股份,0.137268359408553,0.200965600212702,2.52207881823968,sh,上海电影,16.57
5,603338,2018-03-26T00:00:00,首发原股东限售股份,-0.0337353076127315,0.0314375899905324,2.51541373715522,sh,浙江鼎力,63.3
6,603105,2019-07-09T00:00:00,首发原股东限售股份,-0.0642201867090697,-0.333333331064096,2.50340909090909,sh,芯能科技,10.2
7,603609,2015-08-10T00:00:00,首发原股东限售股份,0.0915178570110975,-0.285787321059743,2.4865988875,sh,禾丰牧业,19.56
8,600093,2018-07-02T00:00:00,定向增发机构配售股份,-0.174447174173898,0.0912698459727542,2.48102404267361,sh,易见股份,10.08
9,603326,2020-06-16T00:00:00,首发原股东限售股份,0.0482430018567423,0.282840902449892,2.48007656168436,sh,我乐家居,17.6
10,603696,2018-12-10T00:00:00,首发原股东限售股份,-0.0480427051441854,-0.0223946450641298,2.47826086956522,sh,安记食品,10.7
11,603389,2019-12-16T00:00:00,首发原股东限售股份,-0.066115701827644,0.0831858406306643,2.47776365946633,sh,*ST亚振,5.65
12,000723,2019-09-18T00:00:00,定向增发机构配售股份,0.159782608847746,-0.175257731961876,2.47631510189417,szzb,美锦能源,10.67
13,603707,2018-07-19T00:00:00,首发原股东限售股份,0.048220436175144,-0.12887914743492,2.44765669291339,sh,健友股份,27.39
14,603060,2019-11-11T00:00:00,首发原股东限售股份,-0.0984009841578508,-0.049113233274914,2.446790176648,sh,国检集团,21.99
15,000555,2017-01-24T00:00:00,定向增发机构配售股份,-0.068807339480785,0.0620689654943122,2.43425608897681,szzb,神州信息,20.3
16,300527,2019-08-06T00:00:00,首发原股东限售股份,-0.150805270622053,0.301724137923584,2.43008998358395,cyb,中船应急,11.6
17,603001,2015-04-27T00:00:00,首发原股东限售股份,0.182142857241895,0.186178247534068,2.42867403740092,sh,奥康国际,26.48
18,600996,2019-12-27T00:00:00,首发原股东限售股份,0.0453955896004456,-0.0806451607109775,2.42457570917755,sh,贵广网络,8.06
19,002807,2017-09-04T00:00:00,首发原股东限售股份,-0.019543973670717,-0.181893687503997,2.42194238596676,zxb,江阴银行,12.04
20,000727,2016-02-01T00:00:00,定向增发机构配售股份,-0.378405651003897,-0.0454545453151618,2.40701809329421,szzb,*ST东科,6.16
21,603318,2018-04-27T00:00:00,首发原股东限售股份,-0.044037940490975,-0.119858156455894,2.40112994350282,sh,派思股份,14.11
22,603660,2017-12-01T00:00:00,首发原股东限售股份,-0.132495417695,0.0564443101452813,2.39322276,sh,苏州科达,33.13
23,603089,2020-02-03T00:00:00,首发原股东限售股份,-0.0346045197221795,-0.101682516152453,2.39120670624081,sh,正裕工业,13.67
24,002926,2019-02-11T00:00:00,首发原股东限售股份,-0.053937432096164,0.354618015747304,2.38694749142857,zxb,华西证券,8.77
25,002739,2016-01-22T00:00:00,首发原股东限售股份,-0.300435643553476,-0.00871829710926927,2.38333333333333,zxb,万达电影,88.32
26,603861,2019-03-22T00:00:00,首发原股东限售股份,0.11248892845193,-0.0199044586300338,2.37860962029813,sh,白云电器,12.56
27,600909,2017-12-06T00:00:00,首发原股东限售股份,-0.230529595224602,0.0337381926214217,2.3775,sh,华安证券,7.41
28,601952,2020-05-15T00:00:00,首发原股东限售股份,-0.0207920793132338,-0.0829120327493572,2.36669427665442,sh,苏垦农发,9.89
29,603677,2020-02-06T00:00:00,首发原股东限售股份,-0.159967845437273,0.102392346702437,2.36497803766116,sh,奇精机械,10.45
0,002928,2019-03-04T00:00:00,首发原股东限售股份,0.0599151642189597,0.0915457729258218,2.36111555555556,zxb,华夏航空,19.99
1,002645,2015-07-10T00:00:00,首发原股东限售股份,-0.050837988767765,0.321954090469569,2.35262008733624,zxb,华宏科技,16.99
2,603757,2020-07-13T00:00:00,首发原股东限售股份,0.185897435660287,-0.0416686045147139,2.352,sh,大元泵业,18.5
3,601069,2018-01-22T00:00:00,首发原股东限售股份,-0.0956354309559131,0.0170333584564414,2.35177865612648,sh,西部黄金,14.09
4,601615,2020-01-23T00:00:00,首发原股东限售股份,0.0145631065071435,-0.0757575754211976,2.35173005799203,sh,明阳智能,12.54
5,002830,2019-12-13T00:00:00,首发原股东限售股份,-0.0648988136398769,0.0731343283560246,2.3468875502008,zxb,名雕股份,13.4
6,603885,2018-05-28T00:00:00,首发原股东限售股份,0.0653769261284195,0.0102146403467812,2.34630983013486,sh,吉祥航空,15.97
7,603797,2020-04-13T00:00:00,首发原股东限售股份,-0.060894386458539,0.151975683694312,2.34183431386319,sh,联泰环保,9.87
8,603380,2020-06-22T00:00:00,首发原股东限售股份,0.0449507383481667,0.0950273787912238,2.34065493540009,sh,易德龙,16.97
9,600180,2015-08-31T00:00:00,定向增发机构配售股份,-0.387160299299143,0.566838046105026,2.33774039287018,sh,瑞茂通,15.56
10,601965,2015-06-11T00:00:00,首发原股东限售股份,0.307143887244127,-0.382334385101151,2.33743009375,sh,中国汽研,15.85
11,603585,2019-12-16T00:00:00,首发原股东限售股份,0.0286885247394349,0.0627490039736147,2.33333333333333,sh,苏利股份,20.08
12,603101,2019-05-06T00:00:00,首发原股东限售股份,-0.210007047069395,0.0663780540191729,2.33333333333333,sh,汇嘉时代,11.21
13,603528,2019-05-06T00:00:00,首发原股东限售股份,-0.176008968695968,0.0216424040241555,2.30529345913961,sh,多伦科技,7.35
14,600977,2019-08-09T00:00:00,首发原股东限售股份,-0.112796552178267,0.135774218026636,2.30442477876106,sh,中国电影,13.11
15,603958,2019-07-01T00:00:00,首发原股东限售股份,0.00890585217331651,-0.034047920121165,2.29338343268131,sh,哈森股份,7.93
16,603501,2018-05-04T00:00:00,首发原股东限售股份,-0.0831504511094854,-0.133921507712766,2.2828125,sh,韦尔股份,37.6
17,001979,2019-07-02T00:00:00,首发原股东限售股份,-0.0101289136100059,0.0101984058627924,2.28106640303676,szzb,招商蛇口,21.5
18,600170,2015-04-24T00:00:00,"定向增发机构配售股份,股权分置限售股份",0.26103286378329,0.129715357022784,2.28086745960272,sh,上海建工,13.43
19,603517,2018-03-19T00:00:00,首发原股东限售股份,0.0825847562422895,0.0781584600430671,2.274048,sh,绝味食品,37.36
20,603177,2020-02-07T00:00:00,首发原股东限售股份,-0.107495068454225,0.0209944743204129,2.27125506072874,sh,德创环保,9.05
21,000796,2018-11-14T00:00:00,定向增发机构配售股份,0.211570248013864,-0.0259208731181238,2.2614332226787,szzb,凯撒旅业,7.33
22,603658,2017-09-01T00:00:00,首发原股东限售股份,0.079186602884632,0.0526117418766305,2.2509,sh,安图生物,45.11
23,300613,2020-02-20T00:00:00,首发原股东限售股份,0.116570892486045,-0.200714210720594,2.23655220363861,cyb,富瀚微,190.42
24,603043,2020-06-29T00:00:00,首发原股东限售股份,-0.083447864469503,0.0729396905418887,2.21890781362513,sh,广州酒家,31.67
25,603928,2019-12-12T00:00:00,首发原股东限售股份,-0.000877193542838771,0.085162423644798,2.21164859848817,sh,兴业股份,11.39
26,603617,2020-07-15T00:00:00,首发原股东限售股份,0.301526717184419,-0.123167155257479,2.20831415374359,sh,君禾股份,13.64
27,603615,2020-02-13T00:00:00,首发原股东限售股份,-0.129629629068602,0.0602836876167673,2.2058823666919,sh,茶花股份,8.46
28,603486,2019-05-28T00:00:00,首发原股东限售股份,-0.164814105021081,-0.029760772831574,2.20001296758105,sh,科沃斯,43.58
29,603088,2017-11-13T00:00:00,首发原股东限售股份,0.102885821669013,-0.0480091013232912,2.2,sh,宁波精达,43.95
0,600236,2016-12-13T00:00:00,"定向增发机构配售股份,股权分置限售股份",-0.0618401208076316,0.0,2.19396114999379,sh,桂冠电力,6.22
1,002687,2015-07-28T00:00:00,首发原股东限售股份,-0.305105105081886,-0.23336214355802,2.18750859088362,zxb,乔治白,11.57
2,603003,2015-08-17T00:00:00,首发原股东限售股份,0.0751419835412141,-0.429500203102704,2.1770951370996,sh,龙宇燃油,24.61
3,002602,2015-07-29T00:00:00,首发原股东限售股份,0.145689655317409,0.740936555778894,2.17484894259819,zxb,世纪华通,26.58
4,002181,2015-06-19T00:00:00,"定向增发机构配售股份,首发原股东限售股份",0.207433036060624,-0.278306878309997,2.17397787186862,zxb,粤传媒,18.9
5,603883,2018-04-23T00:00:00,首发原股东限售股份,0.0898728628147936,0.0327180321670269,2.17391480435234,sh,老百姓,74.58
6,000056,2018-09-10T00:00:00,定向增发机构配售股份,0.0891762644602008,-0.0818815329675628,2.15867841305607,szzb,皇庭国际,11.48
7,600958,2016-03-23T00:00:00,首发原股东限售股份,0.115443817345094,-0.128794848219062,2.158663507,sh,东方证券,21.74
8,002114,2016-11-16T00:00:00,"定向增发机构配售股份,追加承诺限售股份上市流通",0.0929791271367037,-0.174305555601009,2.15280995886626,zxb,罗平锌电,28.8
9,603767,2020-06-15T00:00:00,首发原股东限售股份,0.0121351890719334,0.216954022467905,2.15235702674745,sh,中马传动,6.96
10,603919,2019-03-11T00:00:00,首发原股东限售股份,0.118061674026913,0.263199369361855,2.1423072390903,sh,金徽酒,12.69
11,300621,2020-03-18T00:00:00,首发原股东限售股份,0.0509490510219336,0.0560836500825129,2.13747924068596,cyb,维业股份,10.52
12,002795,2019-04-29T00:00:00,首发原股东限售股份,-0.0275012257778724,-0.0428194993237095,2.13725490196078,zxb,永和智控,15.18
13,603680,2019-02-27T00:00:00,首发原股东限售股份,0.0637348632935022,-0.00239664470885789,2.13669833333333,sh,今创集团,16.69
14,601211,2016-06-27T00:00:00,首发原股东限售股份,0.027985364522541,0.0511627905852488,2.13049785245902,sh,国泰君安,17.2
15,300304,2015-03-24T00:00:00,首发原股东限售股份,0.169974554735692,-0.0365376250148102,2.125,cyb,云意电气,22.99
16,002880,2020-07-28T00:00:00,首发原股东限售股份,-0.0682706767168522,0.113621691489786,2.1246199813584,zxb,卫光生物,61.96
17,603138,2020-03-06T00:00:00,首发原股东限售股份,-0.0141065886339483,-0.15659776944998,2.12460222462266,sh,海量数据,25.16
18,002868,2020-05-06T00:00:00,首发原股东限售股份,-0.0123380627398154,0.077598874375971,2.1201248049922,zxb,绿康生化,16.01
19,002774,2020-03-25T00:00:00,首发原股东限售股份,-0.139949109609731,0.0562130185595265,2.11456037852254,zxb,快意电梯,6.76
20,603567,2018-04-24T00:00:00,首发原股东限售股份,-0.0551181104735623,0.128030304953002,2.10865426856055,sh,珍宝岛,13.2
21,601155,2018-12-05T00:00:00,首发原股东限售股份,0.0278551533585665,-0.0603948895952953,2.10690423176205,sh,新城控股,25.83
22,603299,2017-01-03T00:00:00,首发原股东限售股份,-0.0604425253845274,-0.186099942541998,2.10334338888889,sh,苏盐井神,17.41
23,002466,2015-03-13T00:00:00,定向增发机构配售股份,0.0798378926634072,0.420153874919628,2.09747949627461,zxb,天齐锂业,53.29
24,603580,2020-05-26T00:00:00,首发原股东限售股份,-0.0561056102259524,0.0708041957386821,2.09445346948248,sh,艾艾精工,11.44
25,603456,2017-10-10T00:00:00,首发原股东限售股份,-0.0493685418421972,-0.0235507247649074,2.09316633959023,sh,九洲药业,16.56
26,603920,2020-04-27T00:00:00,首发原股东限售股份,0.0239185752170405,0.149602385577338,2.08652331289376,sh,世运电路,20.12
27,603628,2020-01-14T00:00:00,首发原股东限售股份,0.12077922043461,-0.108922364286521,2.08333333333333,sh,清源股份,8.63
28,601339,2015-06-12T00:00:00,首发原股东限售股份,0.297365754788327,-0.506126058994327,2.082812015625,sh,百隆东方,25.61
29,603639,2020-01-13T00:00:00,首发原股东限售股份,0.0773457312509143,0.150255002024561,2.07760247288582,sh,海利尔,25.49
0,603320,2020-05-06T00:00:00,首发原股东限售股份,-0.143812709201241,0.0746204183444388,2.07692307692308,sh,迪贝电气,15.36
1,603022,2018-05-18T00:00:00,首发原股东限售股份,-0.00561797765164018,-0.0621468925304169,2.07692307692308,sh,新通联,10.62
2,603800,2018-12-10T00:00:00,首发原股东限售股份,0.0105777056726103,-0.0410628018610831,2.07692307692308,sh,道森股份,12.42
3,603658,2019-09-02T00:00:00,首发原股东限售股份,0.292835820954976,0.0218194412238045,2.07607124180996,sh,安图生物,86.62
4,603116,2016-06-30T00:00:00,首发原股东限售股份,0.0970561177552899,-0.068972035639413,2.07322636054422,sh,红蜻蜓,23.85
5,603638,2020-01-20T00:00:00,首发原股东限售股份,-0.0209218699462365,0.050751252146206,2.0651335634679,sh,艾迪精密,29.95
6,002865,2020-04-27T00:00:00,首发原股东限售股份,-0.176927675176338,0.0217864927678573,2.06083776801651,zxb,钧达股份,13.77
7,300594,2020-06-22T00:00:00,首发原股东限售股份,0.022643811415349,0.0314751612882644,2.05361119734374,cyb,朗进科技,26.37
8,603777,2019-10-17T00:00:00,首发原股东限售股份,-0.111361926011588,-0.100762066340955,2.05013413192385,sh,来伊份,11.81
9,002689,2015-07-17T00:00:00,首发原股东限售股份,-0.577168054877592,0.389339513457055,2.04312249266913,zxb,远大智能,8.63
10,601966,2019-07-08T00:00:00,首发原股东限售股份,0.112387822430808,0.129500581100658,2.04254581866239,sh,玲珑轮胎,17.22
11,300633,2018-04-09T00:00:00,首发原股东限售股份,0.22026971793219,0.436034829057146,2.04056385903524,cyb,开立医疗,29.86
12,002952,2020-03-30T00:00:00,首发原股东限售股份,-0.0602836879680988,-0.104150943374664,2.03635170603675,zxb,亚世光电,26.5
13,603659,2018-11-05T00:00:00,首发原股东限售股份,-0.12619542623901,0.196764216070278,2.0315600545658,sh,璞泰来,42.03
14,603737,2019-06-03T00:00:00,首发原股东限售股份,-0.166540614104961,0.146348344527175,2.02553549135948,sh,三棵树,55.1
15,600981,2018-12-03T00:00:00,定向增发机构配售股份,0.0490654203341775,-0.167037862005437,2.02186558934954,sh,汇鸿集团,4.49
16,603990,2017-12-08T00:00:00,首发原股东限售股份,-0.144353602536164,0.108390564492851,2.0136,sh,麦迪科技,33.49
17,601908,2016-01-11T00:00:00,首发原股东限售股份,-0.120754717064582,-0.0400572244051831,2.00873174079718,sh,京运通,6.99
18,603669,2018-05-29T00:00:00,首发原股东限售股份,0.0511569012918993,-0.164295875049921,2.00751879699248,sh,灵康药业,14.06
19,002847,2020-02-11T00:00:00,首发原股东限售股份,0.127948931404453,0.235482277420684,2.00514553708831,zxb,盐津铺子,40.64
20,603588,2015-12-29T00:00:00,首发原股东限售股份,-0.0137833311661145,-0.291013584077779,2.00440995049505,sh,高能环境,76.56
21,603187,2019-11-29T00:00:00,首发原股东限售股份,-0.0948640482624402,0.0550734311307561,2.000275,sh,海容冷链,29.96
22,603308,2015-01-22T00:00:00,首发原股东限售股份,0.0132450331525703,-0.00544662306476528,1.99739022622172,sh,应流股份,18.36
23,603828,2018-02-26T00:00:00,首发原股东限售股份,-0.218218210916848,0.0358514725053778,1.9940119760479,sh,柯利达,7.81
24,000011,2019-07-19T00:00:00,股权分置限售股份,0.0115183247197482,-0.0817805383946974,1.99348747925554,szzb,深物业A,9.66
25,600297,2018-06-19T00:00:00,定向增发机构配售股份,-0.0785743371137308,-0.210031348053397,1.98962673378941,sh,广汇汽车,6.38
26,002691,2015-07-31T00:00:00,首发原股东限售股份,-0.0785714285792189,-0.0673822298697841,1.98860757795997,zxb,冀凯股份,16.77
27,002831,2017-12-18T00:00:00,首发原股东限售股份,-0.118778625927294,0.0363825362621413,1.98661334666333,zxb,裕同科技,57.72
28,603239,2019-12-30T00:00:00,首发原股东限售股份,0.0819502075399397,-0.00671140929223649,1.98412698412698,sh,浙江仙通,10.43
29,603936,2018-12-10T00:00:00,首发原股东限售股份,0.0127345843870134,-0.0125744539421663,1.98306595365419,sh,博敏电子,15.11
0,603708,2019-12-13T00:00:00,首发原股东限售股份,-0.0697399526970636,0.0262600593403374,1.98144434601202,sh,家家悦,23.61
1,603042,2018-06-04T00:00:00,首发原股东限售股份,-0.144205360513401,-0.130542491839436,1.97142858823529,sh,华脉科技,22.67
2,688388,2020-07-22T00:00:00,首发原股东限售股份,-0.086845248164368,-0.0792227205896723,1.97122474116625,sh,嘉元科技,53.52
3,000564,2017-10-10T00:00:00,定向增发机构配售股份,-0.00154559484841058,-0.140866873330287,1.96586081466232,szzb,供销大集,6.46
4,603229,2020-05-11T00:00:00,首发原股东限售股份,0.0344093647959802,0.766460905506948,1.96406076324565,sh,奥翔药业,29.16
5,603648,2018-09-13T00:00:00,首发原股东限售股份,-0.17330677293854,-0.135742972230512,1.96405541263819,sh,畅联股份,12.45
6,601326,2018-08-16T00:00:00,首发原股东限售股份,-0.0685279190333779,-0.0435967291358214,1.96280429390681,sh,秦港股份,3.67
7,603938,2020-06-29T00:00:00,首发原股东限售股份,0.0577175339453719,0.0276973957210341,1.956815380435,sh,三孚股份,24.19
8,601689,2019-03-19T00:00:00,追加承诺限售股份上市流通,0.31045541978766,-0.0489476261116157,1.95539754548233,sh,拓普集团,20.43
9,603986,2017-08-18T00:00:00,首发原股东限售股份,-0.123675782242287,0.748805172946249,1.946907,sh,兆易创新,71.14
10,603888,2019-10-28T00:00:00,首发原股东限售股份,-0.170872067209843,0.123865456432706,1.94117651058837,sh,新华网,18.73
11,002549,2015-02-25T00:00:00,追加承诺限售股份上市流通,0.0644677660920543,0.101408450635636,1.94117647058824,zxb,凯美特气,14.2
12,002748,2018-03-20T00:00:00,首发原股东限售股份,0.0671704449715671,-0.0708103855878306,1.94080897758401,zxb,世龙实业,12.71
13,002876,2018-05-25T00:00:00,首发原股东限售股份,0.0335497835497835,-0.190434118673647,1.93872334034245,zxb,三利谱,57.3
14,603203,2019-11-08T00:00:00,首发原股东限售股份,-0.0544217687939853,0.101678657108037,1.93745838432834,sh,快克股份,20.85
15,600398,2017-03-13T00:00:00,定向增发机构配售股份,-0.0398148148597051,0.0636451301545895,1.93410450465258,sh,海澜之家,10.37
16,002636,2019-11-28T00:00:00,追加承诺限售股份上市流通,-0.0957446807168177,0.132026143395385,1.93410227117698,zxb,金安国纪,7.65
17,002779,2018-12-10T00:00:00,首发原股东限售股份,0.0829931973936395,0.0596733666168271,1.92973469387755,zxb,中坚科技,15.92
18,000662,2019-04-30T00:00:00,定向增发机构配售股份,-0.175070027776021,-0.0322580646928639,1.92056057292778,szzb,*ST天夏,5.89
19,002747,2018-03-20T00:00:00,首发原股东限售股份,0.157721796232425,0.217596972457911,1.91898178314858,zxb,埃斯顿,10.57
20,002827,2019-12-09T00:00:00,首发原股东限售股份,-0.0562499999266999,0.098233995219219,1.91400564413386,zxb,高争民爆,9.06
21,603556,2019-11-11T00:00:00,首发原股东限售股份,-0.165618448726173,-0.0270100502350122,1.913105918697,sh,海兴电力,15.92
22,603758,2020-05-18T00:00:00,首发原股东限售股份,-0.0250000000411272,0.137115379915694,1.90981636601015,sh,秦安股份,5.85
23,300268,2015-07-08T00:00:00,首发原股东限售股份,-0.598208770808644,0.986164488696714,1.90918473529412,cyb,佳沃股份,13.01
24,603768,2020-03-24T00:00:00,首发原股东限售股份,-0.0895813052552593,0.021390374913344,1.90909090909091,sh,常青股份,9.35
25,601669,2016-05-16T00:00:00,追加承诺限售股份上市流通,-0.0696594430572957,-0.0499168055808231,1.90909090909091,sh,中国电建,6.01
26,601577,2019-09-26T00:00:00,首发原股东限售股份,0.0,0.0381502882319104,1.90900796484928,sh,长沙银行,8.65
27,002867,2020-04-27T00:00:00,首发原股东限售股份,-0.080791867270736,0.195576251364842,1.90844488579223,zxb,周大生,17.18
28,603996,2018-12-24T00:00:00,首发原股东限售股份,-0.0480887795778785,0.0297927461533222,1.90631808278867,sh,*ST中新,7.72
29,603898,2019-02-18T00:00:00,首发原股东限售股份,0.0740979381856791,0.104979004321393,1.90401406564768,sh,好莱客,16.67
0,300396,2017-09-11T00:00:00,首发原股东限售股份,0.0459505911169812,0.0897858444309992,1.90297835753725,cyb,迪瑞医疗,36.42
1,603799,2016-01-29T00:00:00,首发原股东限售股份,-0.445900411696791,0.166891891858323,1.90024175824176,sh,华友钴业,14.8
2,300376,2017-07-07T00:00:00,首发原股东限售股份,0.0840236686358468,-0.181222707406369,1.89496182073595,cyb,易事特,9.16
3,300761,2020-02-18T00:00:00,首发原股东限售股份,-0.171370627063756,-0.0722006933424483,1.89392562984496,cyb,立华股份,49.03
4,603908,2020-03-09T00:00:00,首发原股东限售股份,0.111211576353301,-0.0789259586854492,1.89336272829051,sh,牧高笛,24.58
5,300323,2015-08-19T00:00:00,首发原股东限售股份,0.0255102039260368,-0.383795309077003,1.8925138527649,cyb,华灿光电,14.07
6,603903,2018-03-14T00:00:00,首发原股东限售股份,0.197234352339811,0.0197568359093229,1.88173045159023,sh,中持股份,32.9
7,002549,2016-03-21T00:00:00,追加承诺限售股份上市流通,-0.0149597237609539,0.214953270982592,1.87902705784744,zxb,凯美特气,8.56
8,300581,2019-12-23T00:00:00,首发原股东限售股份,-0.058083832362745,0.130324221233629,1.87898089171975,cyb,晨曦航空,15.73
9,603200,2020-06-01T00:00:00,首发原股东限售股份,-0.34954604407769,-0.184646061864883,1.87792156298656,sh,上海洗霸,50.15
10,603787,2020-04-27T00:00:00,首发原股东限售股份,-0.0281569965934043,-0.00263388968781821,1.87769784172662,sh,新日股份,11.39
11,603367,2018-10-11T00:00:00,首发原股东限售股份,-0.169811318324407,0.0706388205345126,1.876798,sh,辰欣药业,16.28
12,002686,2015-07-03T00:00:00,首发原股东限售股份,-0.372858582405857,0.233209680980993,1.87472430524923,zxb,亿利达,18.67
13,002601,2019-09-20T00:00:00,定向增发机构配售股份,0.00833965120674241,-0.115037593983472,1.87327613630133,zxb,龙蟒佰利,13.3
14,300471,2016-06-13T00:00:00,首发原股东限售股份,0.148172757475083,0.000166833526234526,1.87195945945946,cyb,厚普股份,51.84
15,300656,2018-05-23T00:00:00,首发原股东限售股份,-0.0103962338171831,-0.257130314965312,1.87030132888368,cyb,民德电子,50.45
16,603306,2017-09-27T00:00:00,首发原股东限售股份,-0.0377599999940061,-0.0226139010609529,1.86870741381064,sh,华懋科技,30.07
17,600715,2018-08-21T00:00:00,定向增发机构配售股份,-0.230379746771184,-0.160727674615389,1.86324468464612,sh,文投控股,6.08
18,603385,2018-04-09T00:00:00,首发原股东限售股份,-0.0935517970401693,-0.00058309037900863,1.85567098817568,sh,惠达卫浴,17.15
19,601163,2019-09-09T00:00:00,首发原股东限售股份,0.124463519561745,0.0748091600131054,1.85263213258321,sh,三角轮胎,13.1
20,603808,2018-04-24T00:00:00,首发原股东限售股份,-0.0628066733731253,0.268586399988393,1.85210178924303,sh,歌力思,19.1
21,601226,2017-12-11T00:00:00,首发原股东限售股份,-0.0707547169032494,-0.0626057535285558,1.85185185185185,sh,华电重工,5.91
22,600901,2019-03-01T00:00:00,首发原股东限售股份,0.290050591206573,-0.0980392155851479,1.844454408338,sh,江苏租赁,7.65
23,300342,2015-08-27T00:00:00,首发原股东限售股份,-0.410535609242514,0.123315027640581,1.8418984962406,cyb,天银机电,20.03
24,002695,2015-09-07T00:00:00,首发原股东限售股份,-0.305510270583056,0.189671361511804,1.84168046448028,zxb,煌上煌,21.3
25,300431,2016-03-31T00:00:00,首发原股东限售股份,0.782011671848003,-0.314390290884187,1.83929551515152,cyb,暴风集团,103.82
26,002836,2019-12-30T00:00:00,首发原股东限售股份,0.0176026825055209,-0.233113673980667,1.83848992336077,zxb,新宏泽,12.14
27,603687,2020-07-27T00:00:00,首发原股东限售股份,-0.0315249263987431,0.0196820591067897,1.83576064,sh,大胜达,13.21
28,603077,2015-08-13T00:00:00,首发原股东限售股份,0.314161692714847,-0.4026558563577,1.83457292113191,sh,和邦生物,24.22
29,603023,2018-05-30T00:00:00,首发原股东限售股份,-0.0156250039473085,-0.170695970764529,1.83426627931694,sh,威帝股份,6.93
0,603222,2018-02-22T00:00:00,首发原股东限售股份,-0.176271186423585,-0.258436214020992,1.83336284752966,sh,济民制药,12.15
1,603399,2015-08-31T00:00:00,首发原股东限售股份,-0.144444444641327,-0.125541125544446,1.83178719123729,sh,吉翔股份,9.24
2,002713,2019-02-20T00:00:00,首发原股东限售股份,0.015719467791856,0.119047619313548,1.83075949095384,zxb,东易日盛,16.8
3,300526,2019-08-02T00:00:00,首发原股东限售股份,0.0805515395175518,1.0744092510076,1.8303668882237,cyb,中潜股份,19.89
4,000688,2016-05-25T00:00:00,定向增发机构配售股份,-0.0727728983256942,0.31935047389165,1.83010121582793,szzb,国城矿业,7.39
5,002730,2017-10-13T00:00:00,首发原股东限售股份,-0.0150684838243912,-0.0869262863474192,1.82933361902721,zxb,电光科技,14.38
6,603366,2015-05-21T00:00:00,首发原股东限售股份,0.113636363628038,0.270204510463399,1.82885431400283,sh,日出东方,27.44
7,600681,2019-04-01T00:00:00,定向增发机构配售股份,-0.0803633822513857,-0.0481791473963877,1.82597343446935,sh,百川能源,13.16
8,002838,2020-01-06T00:00:00,首发原股东限售股份,0.0434782609687739,0.80141843956898,1.81776804871907,zxb,道恩股份,11.28
9,300543,2019-09-09T00:00:00,首发原股东限售股份,0.173031588989085,-0.0840032155121405,1.8169014084507,cyb,朗科智能,24.88
10,601212,2018-02-22T00:00:00,首发原股东限售股份,-0.0906200327558243,0.0821678337064137,1.814720752149,sh,白银有色,5.72
11,603599,2018-07-05T00:00:00,首发原股东限售股份,-0.122474752595536,0.0109457541957686,1.81232589117312,sh,广信股份,13.9
12,603918,2016-05-30T00:00:00,首发原股东限售股份,0.319683214216728,-0.109384164227166,1.80327272727273,sh,金桥信息,68.32
13,000020,2015-12-29T00:00:00,股权分置限售股份,0.0419672131280373,-0.16236626807758,1.80114416438114,szzb,深华发A,31.78
14,603126,2017-07-31T00:00:00,首发原股东限售股份,-0.052342626675447,-0.165856622122483,1.79994496422675,sh,中材节能,16.46
15,002945,2020-01-21T00:00:00,首发原股东限售股份,-0.0198938990331981,0.0216508793770515,1.79551514444444,zxb,华林证券,14.78
16,603630,2020-03-16T00:00:00,首发原股东限售股份,-0.00488599364865408,0.0229132569160703,1.78891406658532,sh,拉芳家化,12.22
17,603536,2020-06-15T00:00:00,首发原股东限售股份,-0.0160804750382776,0.0429447849120789,1.78819353389042,sh,惠发食品,14.67
18,300523,2017-07-26T00:00:00,首发原股东限售股份,-0.0831658290878096,0.217593867778693,1.78342805555556,cyb,辰安科技,36.49
19,600959,2018-05-02T00:00:00,首发原股东限售股份,-0.109933774639409,-0.0982142859252969,1.78225899575056,sh,江苏有线,6.72
20,603688,2017-10-31T00:00:00,首发原股东限售股份,-0.060925600422471,0.0224578914509944,1.78220475254601,sh,石英股份,16.03
21,300512,2019-05-27T00:00:00,首发原股东限售股份,-0.224293059101522,0.0521955259159279,1.78162838096553,cyb,中亚股份,12.07
22,603788,2018-01-22T00:00:00,首发原股东限售股份,0.0246738482924038,-0.0204815910970292,1.78132059767746,sh,宁波高发,36.13
23,600704,2018-10-29T00:00:00,定向增发机构配售股份,-0.11967545636871,0.13364055290942,1.77988120081782,sh,物产中大,4.34
24,000429,2019-07-11T00:00:00,定向增发机构配售股份,-0.0432692222949748,-0.0351758797112531,1.77726727075339,szzb,粤高速A,7.96
25,601360,2020-02-27T00:00:00,定向增发机构配售股份,0.115984816426283,-0.246031745991718,1.77032277834093,sh,三六零,26.46
26,002906,2018-10-15T00:00:00,首发原股东限售股份,-0.17059301395123,0.0303623898120146,1.76673937072503,zxb,华阳集团,10.21
27,300779,2020-05-22T00:00:00,首发原股东限售股份,-0.149202242219148,-0.0344329766295364,1.76592748,cyb,惠城环保,19.73
28,603045,2019-05-17T00:00:00,首发原股东限售股份,-0.147577092511013,-0.0496224182355113,1.75870899104963,sh,福达合金,27.09
29,300475,2018-06-12T00:00:00,首发原股东限售股份,-0.123914758999198,-0.130439645748418,1.75862068965517,cyb,聚隆科技,11.1
0,300478,2018-06-11T00:00:00,首发原股东限售股份,-0.0767239062118122,-0.0761478163702992,1.75837815473728,cyb,杭州高新,17.86
1,601878,2020-06-29T00:00:00,首发原股东限售股份,0.0784653227483259,0.551928782552091,1.75820095379353,sh,浙商证券,10.11
2,002837,2019-12-30T00:00:00,"首发原股东限售股份,股权激励限售股份",0.059042883968327,0.561032863657057,1.75794290636161,zxb,英维克,17.04
3,000027,2016-02-25T00:00:00,定向增发机构配售股份,-0.0737913486326269,-0.00274725273524383,1.7578593061274,szzb,深圳能源,7.28
4,002786,2018-12-24T00:00:00,首发原股东限售股份,-0.130000000160902,0.218390804866553,1.7578125,zxb,银宝山新,6.09
5,600381,2018-08-14T00:00:00,定向增发机构配售股份,-0.0764488282883135,-0.0587449941686899,1.75196957389826,sh,青海春天,7.49
6,603458,2018-08-09T00:00:00,首发原股东限售股份,-0.0469099050588612,-0.075520833261952,1.74893139402911,sh,勘设股份,38.4
7,603300,2016-05-30T00:00:00,首发原股东限售股份,-0.2,0.0336917446043165,1.74436550226959,sh,华铁应急,27.8
8,000630,2015-10-16T00:00:00,定向增发机构配售股份,0.197312588427678,0.167164179116832,1.74382505194329,szzb,铜陵有色,16.93
9,603838,2018-07-02T00:00:00,首发原股东限售股份,0.0564713358755998,-0.104685937373953,1.74136513157895,sh,四通股份,10.03
10,002652,2015-01-26T00:00:00,首发原股东限售股份,-0.059382422699658,-0.0239898987984352,1.7406523468576,zxb,扬子新材,15.84
11,603598,2018-05-28T00:00:00,首发原股东限售股份,0.109146816161931,-0.2253483331883,1.73911257189811,sh,引力传媒,14.43
12,603123,2015-05-04T00:00:00,首发原股东限售股份,0.0720064729630016,0.206037735486529,1.73875155610884,sh,翠微股份,13.25
13,600155,2017-09-11T00:00:00,定向增发机构配售股份,0.0339105339163133,-0.0293091416313405,1.73513258909091,sh,华创阳安,14.33
14,601611,2019-06-13T00:00:00,首发原股东限售股份,-0.0248447207255305,-0.0509554144936084,1.7292576419214,sh,中国核建,7.85
15,300645,2018-04-24T00:00:00,首发原股东限售股份,-0.12205454064072,0.154402895054282,1.72514588549708,cyb,正元智慧,33.16
16,603578,2020-03-06T00:00:00,首发原股东限售股份,0.0449545671195039,-0.107551487246533,1.7250496551392,sh,三星新材,21.85
17,000976,2019-02-11T00:00:00,定向增发机构配售股份,-0.146551724530779,0.229797979485552,1.72378198549356,szzb,华铁股份,3.96
18,603579,2020-01-13T00:00:00,首发原股东限售股份,0.1074546675745,-0.0988477865742707,1.72267600155582,sh,荣泰健康,32.98
19,603363,2018-09-26T00:00:00,首发原股东限售股份,-0.0581395351715962,-0.255967078527334,1.72187093333333,sh,傲农生物,12.15
20,603267,2020-05-15T00:00:00,首发原股东限售股份,0.189807816851604,-0.0355039546078068,1.72154876632801,sh,鸿远电子,55.1
21,603773,2019-04-18T00:00:00,首发原股东限售股份,-0.0556312001556117,-0.32399588053553,1.72009839447426,sh,沃格光电,48.55
22,603068,2020-04-16T00:00:00,首发原股东限售股份,-0.154128236461281,0.00367840251441185,1.71504666999477,sh,博通集成,76.12
23,603663,2019-08-01T00:00:00,首发原股东限售股份,0.0265291083085496,0.0358937548253864,1.71315866517022,sh,三祥新材,13.93
24,300316,2015-05-11T00:00:00,首发原股东限售股份,0.17769051190418,0.212300413992873,1.70977891024486,cyb,晶盛机电,16.91
25,603356,2019-01-25T00:00:00,首发原股东限售股份,-0.124314442197194,-0.018789144429958,1.70665866826635,sh,华菱精工,14.37
26,002872,2018-05-21T00:00:00,首发原股东限售股份,0.0402010050251256,-0.404186795491143,1.70488386792453,zxb,ST天圣,31.05
27,600613,2016-06-27T00:00:00,定向增发机构配售股份,0.0140324963097586,0.104789196705412,1.70450527310844,sh,神奇制药,13.73
28,300568,2017-12-01T00:00:00,首发原股东限售股份,-0.24749999994188,-0.0195644149279509,1.70300083333333,cyb,星源材质,27.09
29,000166,2018-02-14T00:00:00,首发原股东限售股份,-0.0676691733265867,0.0120967749901921,1.70284776418545,szzb,申万宏源,4.96
0,601366,2018-04-12T00:00:00,首发原股东限售股份,-0.0614525137495265,0.0793650793650795,1.69902372727273,sh,利群股份,10.08
1,603516,2019-02-11T00:00:00,首发原股东限售股份,-0.202270815915998,0.423299947447849,1.69617774204997,sh,淳中科技,18.97
2,300667,2018-06-19T00:00:00,首发原股东限售股份,-0.261627906976744,0.153061408171951,1.69239088235294,cyb,必创科技,46.99
3,603811,2018-03-15T00:00:00,首发原股东限售股份,0.105734038290857,0.180948878128053,1.69154929577465,sh,诚意药业,27.19
4,300631,2018-03-23T00:00:00,首发原股东限售股份,0.452313503401539,-0.125487646303883,1.69037267080745,cyb,久吾高科,30.76
5,300550,2019-10-28T00:00:00,首发原股东限售股份,-0.164067373814763,0.120522388120612,1.68945133627508,cyb,和仁科技,26.8
6,600339,2018-01-19T00:00:00,定向增发机构配售股份,0.16384180799615,-0.271844660345921,1.68471517089904,sh,中油工程,6.18
7,603665,2020-03-13T00:00:00,首发原股东限售股份,0.0590778098105708,0.00498866237276856,1.68306311578646,sh,康隆达,22.05
8,002699,2015-09-14T00:00:00,首发原股东限售股份,-0.244547257076609,0.512977544458038,1.68149762282092,zxb,美盛文化,34.29
9,002724,2017-11-09T00:00:00,首发原股东限售股份,-0.135619641676229,-0.112714156576566,1.67979957752289,zxb,海洋王,11.09
10,300659,2018-05-28T00:00:00,首发原股东限售股份,-0.111613566289825,-0.232485434521055,1.67963578431373,cyb,中孚信息,43.22
11,002739,2018-01-22T00:00:00,首发原股东限售股份,-0.0947820676322703,-0.37586806912533,1.67531185067808,zxb,万达电影,52.04
12,603906,2020-04-10T00:00:00,首发原股东限售股份,-0.0801980194992485,0.043057050351634,1.67451190157796,sh,龙蟠科技,9.29
13,603333,2015-05-08T00:00:00,首发原股东限售股份,0.00977995115554247,0.846246972504685,1.67347883087838,sh,尚纬股份,8.26
14,603968,2016-05-18T00:00:00,首发原股东限售股份,-0.0599849671792948,-0.11325301196406,1.67214397496088,sh,醋化股份,24.9
15,300592,2018-01-23T00:00:00,首发原股东限售股份,-0.0232558138592545,-0.161904761825742,1.67204411764706,cyb,华凯创意,16.8
16,002878,2020-06-08T00:00:00,首发原股东限售股份,0.0710479573606089,0.125997918866117,1.67059531122782,zxb,元隆雅图,36.18
17,300731,2018-12-10T00:00:00,首发原股东限售股份,-0.161427636035012,-0.0726278798764726,1.66962272727273,cyb,科创新源,25.61
18,603012,2016-03-21T00:00:00,首发原股东限售股份,-0.0236842108368984,0.136927224161942,1.66227427135678,sh,创力集团,18.55
19,603157,2018-09-25T00:00:00,首发原股东限售股份,-0.192173305453931,-0.196366781662245,1.6620965309476,sh,*ST拉夏,11.56
20,300488,2020-07-15T00:00:00,首发原股东限售股份,0.105263158015228,0.0378510378872876,1.66167137974074,cyb,恒锋工具,16.38
21,002352,2020-01-23T00:00:00,"定向增发机构配售股份,首发原股东限售股份",0.000520968960631015,0.302785732941577,1.66132626545899,zxb,顺丰控股,38.41
22,002608,2020-01-06T00:00:00,定向增发机构配售股份,0.0593103450832513,-0.102864583670533,1.66115257995004,zxb,江苏国信,7.68
23,603518,2017-12-04T00:00:00,首发原股东限售股份,-0.126582278535616,-0.0664667665303056,1.66019026526401,sh,锦泓集团,20.01
24,601968,2018-06-12T00:00:00,首发原股东限售股份,-0.0589569167709695,-0.10843373560512,1.6595746446356,sh,宝钢包装,4.15
25,002941,2019-11-28T00:00:00,首发原股东限售股份,-0.0952155378256838,-0.092146596945325,1.65769230769231,zxb,新疆交建,19.1
26,600297,2016-06-16T00:00:00,定向增发机构配售股份,-0.166055045923863,-0.029702970285258,1.65493823047619,sh,广汇汽车,9.09
27,603236,2020-07-16T00:00:00,首发原股东限售股份,0.178012161616931,-0.103010369538385,1.65381165919283,sh,移远通信,218.91
28,000723,2017-02-17T00:00:00,定向增发机构配售股份,-0.176508343945375,0.115354637599087,1.65180203069912,szzb,美锦能源,12.83
29,002656,2015-03-02T00:00:00,首发原股东限售股份,0.0647619048015531,1.09775626129523,1.65062761506276,zxb,ST摩登,16.77
0,300415,2016-01-27T00:00:00,首发原股东限售股份,-0.354381443306115,-0.0878243512472916,1.65,cyb,伊之密,15.03
1,002435,2019-11-19T00:00:00,定向增发机构配售股份,-0.0698795177597556,0.0155440415236627,1.64803136879807,zxb,长江健康,3.86
2,002899,2018-09-17T00:00:00,首发原股东限售股份,0.213995942986853,-0.337928153825006,1.6446,zxb,英派斯,23.94
3,300747,2019-06-25T00:00:00,首发原股东限售股份,0.00445312499999995,-0.00832231469238542,1.64005971875,cyb,锐科激光,128.57
4,603533,2018-09-21T00:00:00,首发原股东限售股份,-0.132553606211244,-0.16224719125238,1.63623085365854,sh,掌阅科技,22.25
5,300573,2017-12-08T00:00:00,首发原股东限售股份,-0.217910447807369,-0.0629770993266499,1.636175,cyb,兴齐眼药,26.2
6,603199,2016-03-28T00:00:00,首发原股东限售股份,0.0773966577848875,-0.0176870747220642,1.63527095375723,sh,九华旅游,36.75
7,603223,2016-06-30T00:00:00,首发原股东限售股份,0.0693017038834951,-0.0575235618027223,1.63333363333333,sh,恒通股份,30.77
8,300608,2018-03-01T00:00:00,首发原股东限售股份,-0.119015957403246,0.255849062993627,1.62895370011181,cyb,思特奇,26.5
9,300500,2019-02-11T00:00:00,首发原股东限售股份,-0.103191954564253,0.105802047822719,1.62810472193087,cyb,启迪设计,20.51
10,688015,2020-07-22T00:00:00,"首发原股东限售股份,首发战略配售股份",-0.0331858408380348,-0.0434782609091742,1.62476024779991,sh,交控科技,43.7
11,603208,2020-02-10T00:00:00,首发原股东限售股份,0.159115233651514,0.435826409364496,1.6225305369171,sh,江山欧派,64.98
12,603969,2018-02-27T00:00:00,首发原股东限售股份,-0.136492220897389,-0.00737100703026243,1.62070818086818,sh,银龙股份,12.21
13,300652,2020-05-18T00:00:00,首发原股东限售股份,-0.00840777711538487,-0.00582935871563378,1.61882274563517,cyb,雷迪克,18.87
14,002908,2018-10-22T00:00:00,首发原股东限售股份,-0.286953379049494,0.0897111001175502,1.61051175764847,zxb,德生科技,19.73
15,603960,2020-03-17T00:00:00,首发原股东限售股份,-0.132902500711797,-0.0716137394885736,1.60961403428334,sh,克来机电,30.86
16,002821,2017-11-20T00:00:00,首发原股东限售股份,-0.0158807324924149,-0.0782150502198362,1.60869621886413,zxb,凯莱英,60.73
17,002711,2017-02-03T00:00:00,首发原股东限售股份,0.201716738315243,0.0482142857121387,1.60266691220459,zxb,*ST欧浦,16.8
18,300732,2018-12-12T00:00:00,首发原股东限售股份,0.0291734197725153,0.0976377954090126,1.602665,cyb,设研院,31.75
19,601619,2018-08-13T00:00:00,首发原股东限售股份,-0.224107136950904,-0.0836120408856096,1.60052965856213,sh,嘉泽新能,5.98
20,600928,2020-03-02T00:00:00,首发原股东限售股份,-0.101892284593684,-0.0923824965769861,1.60017961749978,sh,西安银行,6.17
21,603309,2018-03-02T00:00:00,首发原股东限售股份,-0.056553911148524,-0.0739495798853933,1.5974025974026,sh,维力医疗,17.85
22,603558,2018-01-29T00:00:00,首发原股东限售股份,-0.00164473681694652,-0.0774299834181693,1.5974025974026,sh,健盛集团,12.14
23,603099,2017-08-25T00:00:00,首发原股东限售股份,0.0140715837199909,0.0308339174469721,1.59735073536573,sh,长白山,14.27
24,603416,2019-12-23T00:00:00,首发机构配售股份,0.0399999998177423,0.117216117426634,1.59603984063745,sh,信捷电气,27.3
25,600640,2015-05-15T00:00:00,"定向增发机构配售股份,股权分置限售股份",0.180371352777853,0.200749063655123,1.59374187373218,sh,号百控股,26.7
26,603026,2016-05-30T00:00:00,首发原股东限售股份,0.14454094292804,0.206233062330623,1.59214502762431,sh,石大胜华,36.9
27,002662,2015-03-09T00:00:00,首发原股东限售股份,0.0747594375757254,0.313360881624838,1.59006784289463,zxb,京威股份,14.52
28,603086,2018-05-11T00:00:00,首发原股东限售股份,0.0520368718406185,-0.0754663651780667,1.58977655,sh,先达股份,35.38
29,300144,2015-01-15T00:00:00,首发原股东限售股份,0.134036144643969,0.792828685180441,1.58846279722,cyb,宋城演艺,30.12
0,002670,2019-05-20T00:00:00,定向增发机构配售股份,-0.230882352774798,0.0678776287841862,1.58372570351401,zxb,国盛金控,10.46
1,002879,2018-07-09T00:00:00,首发原股东限售股份,-0.317460316056901,-0.147286821869228,1.5832626052401,zxb,长缆科技,15.48
2,601375,2018-01-03T00:00:00,"首发原股东限售股份,首发机构配售股份",-0.0172684454243074,0.148562299528938,1.57541112332261,sh,中原证券,6.26
3,300709,2018-10-19T00:00:00,首发原股东限售股份,-0.175542406334111,0.24720893133066,1.57188,cyb,精研科技,25.08
4,603315,2018-04-26T00:00:00,首发原股东限售股份,-0.0334110333939734,-0.0876910649475369,1.56863059881201,sh,福鞍股份,12.44
5,002698,2015-09-11T00:00:00,首发原股东限售股份,-0.352342158728932,0.320291004827014,1.56658590379469,zxb,博实股份,31.8
6,603776,2018-08-17T00:00:00,首发原股东限售股份,-0.169278996751734,-0.223327612167225,1.56359985119048,sh,永安行,29.15
7,603725,2018-09-06T00:00:00,首发原股东限售股份,-0.132149901044216,-0.0227272724020734,1.5619772082879,sh,天安新材,13.2
8,300521,2017-07-05T00:00:00,首发原股东限售股份,-0.0119943077861353,-0.272222222222222,1.56051175,cyb,爱司凯,48.6
9,603227,2016-05-18T00:00:00,首发原股东限售股份,-0.145123658422772,-0.0152838427947599,1.55944140862174,sh,雪峰科技,18.32
10,002649,2015-01-07T00:00:00,"首发原股东限售股份,定向增发机构配售股份",-0.144215938303427,0.315710423738582,1.55851228373126,zxb,博彦科技,33.29
11,002732,2017-12-05T00:00:00,首发原股东限售股份,-0.164203084934581,0.0618992696040731,1.55588194735499,zxb,燕塘乳业,26.01
12,603029,2019-04-29T00:00:00,首发原股东限售股份,-0.0323785801990551,-0.0823680820893118,1.55547774073208,sh,天鹅股份,15.54
13,300336,2015-07-10T00:00:00,首发原股东限售股份,-0.489402697471543,0.520215633309758,1.552492906364,cyb,新文化,18.55
14,603368,2015-12-04T00:00:00,"首发原股东限售股份,首发机构配售股份",0.0484611080808823,-0.0191076003792659,1.55039764444444,sh,柳药股份,93.68
15,600291,2017-02-06T00:00:00,定向增发机构配售股份,-0.0831155254498765,-0.0746864308996738,1.54919485677083,sh,西水股份,17.54
16,000560,2018-04-24T00:00:00,定向增发机构配售股份,-0.00368550389843474,0.0789149198108406,1.54886783460242,szzb,我爱我家,8.11
17,300516,2019-06-03T00:00:00,首发原股东限售股份,-0.0270193401298898,0.0922418839960405,1.54777070063694,cyb,久之洋,34.21
18,601100,2016-10-28T00:00:00,追加承诺限售股份上市流通,0.0433823529353497,0.108527131526667,1.54777070063694,sh,恒立液压,14.19
19,000498,2019-04-11T00:00:00,定向增发机构配售股份,0.0453781507058127,-0.128617363598478,1.54193249724124,szzb,山东路桥,6.22
20,300657,2018-05-25T00:00:00,首发原股东限售股份,-0.160196445142691,-0.220996936912986,1.54003353846154,cyb,弘信电子,35.91
21,603998,2015-12-07T00:00:00,首发原股东限售股份,0.183867141003555,-0.0795591182168714,1.53190755685987,sh,方盛制药,49.9
22,002780,2016-12-09T00:00:00,首发原股东限售股份,-0.141849123128082,-0.189117291386245,1.53158464705882,zxb,三夫户外,82.7
23,300685,2018-08-02T00:00:00,首发原股东限售股份,-0.119141914246542,0.0783064834599369,1.5306,cyb,艾德生物,53.38
24,002803,2019-07-12T00:00:00,首发原股东限售股份,-0.00690390437848425,-0.0972972974264552,1.52495395568122,zxb,吉宏股份,20.35
25,603336,2019-11-25T00:00:00,首发原股东限售股份,-0.0537273338004269,0.000709723074384764,1.5240841452551,sh,宏辉果蔬,14.09
26,603955,2018-03-12T00:00:00,首发原股东限售股份,0.0690170315532944,-0.136109558531273,1.52237710344828,sh,大千生态,35.78
27,300529,2017-08-02T00:00:00,首发原股东限售股份,-0.109462578447079,0.113291373843091,1.51755357142857,cyb,健帆生物,27.01
28,002829,2019-12-13T00:00:00,首发原股东限售股份,0.047214353280276,0.0500450855473331,1.51140783699798,zxb,星网宇达,22.18
29,603043,2018-06-27T00:00:00,首发原股东限售股份,-0.017508757885763,0.243505064136041,1.51014448,sh,广州酒家,22.71
0,603626,2020-02-10T00:00:00,首发原股东限售股份,0.041083100037356,0.198206277322809,1.50760661497548,sh,科森科技,11.15
1,603668,2018-01-17T00:00:00,首发原股东限售股份,-0.113504556726872,-0.0813084110147657,1.506375,sh,天马科技,10.7
2,688016,2020-07-22T00:00:00,"首发原股东限售股份,首发战略配售股份",0.0548694952556487,-0.00933942991342681,1.50517936553969,sh,心脉医疗,308.37
3,300726,2018-11-21T00:00:00,首发原股东限售股份,-0.0521739133210511,-0.138580395928424,1.50104364089776,cyb,宏达电子,20.71
4,601368,2018-06-12T00:00:00,首发原股东限售股份,-0.057571965312242,-0.0834707994576392,1.50103359171809,sh,绿城水务,7.53
5,603128,2015-05-29T00:00:00,首发原股东限售股份,0.236451224420165,-0.205865988810246,1.5,sh,华贸物流,30.8
6,603999,2018-12-10T00:00:00,首发原股东限售股份,0.148225469404698,-0.0818181817571024,1.5,sh,读者传媒,5.5
7,000617,2018-01-16T00:00:00,追加承诺限售股份上市流通,0.0183418928443689,-0.054755043199056,1.5,szzb,中油资本,13.88
8,603817,2020-02-20T00:00:00,首发原股东限售股份,-0.106936416816149,-0.0291262132663689,1.49996990060399,sh,海峡环保,6.18
9,603015,2018-03-05T00:00:00,首发原股东限售股份,-0.0978520286156857,0.0621693071210254,1.49812734082397,sh,弘讯科技,7.56
10,600688,2016-08-22T00:00:00,股权分置限售股份,0.0396694218762736,-0.0604133546841333,1.4974358974359,sh,上海石化,6.29
11,300694,2019-10-15T00:00:00,首发原股东限售股份,-0.0475651191385199,-0.200951248682146,1.49153421883708,cyb,蠡湖股份,16.82
12,000557,2019-12-06T00:00:00,定向增发机构配售股份,-0.0147058823289096,0.0358208955735472,1.49112024007086,szzb,西部创业,3.35
13,002936,2019-09-19T00:00:00,首发原股东限售股份,0.0105042020235697,-0.0145530150231423,1.49078938333333,zxb,郑州银行,4.81
14,603738,2019-09-30T00:00:00,首发原股东限售股份,-0.0315186245239719,-0.183431952767337,1.48871871121639,sh,泰晶科技,20.28
15,603096,2020-04-27T00:00:00,首发原股东限售股份,-0.0276595743694602,0.21830593599103,1.48670545775945,sh,新经典,50.27
16,603686,2018-01-26T00:00:00,首发原股东限售股份,-0.0870229007900484,0.0158862876307548,1.48640511371532,sh,龙马环卫,23.92
17,002755,2018-05-16T00:00:00,首发原股东限售股份,-0.019230769275027,-0.224510720279946,1.48625887877063,zxb,奥赛康,25.5
18,603538,2018-04-09T00:00:00,首发原股东限售股份,-0.15983452425724,-0.205013428827216,1.485,sh,美诺华,22.34
19,300595,2018-01-17T00:00:00,首发原股东限售股份,-0.0282306162184641,-0.00654664487399259,1.48373169934641,cyb,欧普康视,48.88
20,300534,2017-09-13T00:00:00,首发原股东限售股份,0.015752993054066,-0.0421836228327378,1.48280926890369,cyb,陇神戎发,16.12
21,603038,2020-01-16T00:00:00,首发原股东限售股份,0.0352697097622949,-0.0828323314248695,1.48136900716797,sh,华立股份,14.97
22,601579,2015-08-25T00:00:00,首发原股东限售股份,-0.123142250741473,-0.162227603235947,1.48,sh,会稽山,12.39
23,603000,2015-04-27T00:00:00,首发原股东限售股份,0.140852575511545,0.136540557372457,1.47862164714641,sh,人民网,64.23
24,002749,2018-03-20T00:00:00,首发原股东限售股份,0.0667686035625747,0.0815416466563958,1.476,zxb,国光股份,62.79
25,603322,2019-07-29T00:00:00,首发原股东限售股份,-0.178571428627998,0.0266304347474266,1.47570050603812,sh,超讯通信,18.4
26,603330,2020-02-13T00:00:00,首发原股东限售股份,-0.0625000002561479,0.0748299320099624,1.47434414415529,sh,上海天洋,14.7
27,300443,2016-04-22T00:00:00,首发原股东限售股份,-0.155733001519313,-0.154081066060433,1.47354054174067,cyb,金雷股份,72.04
28,603826,2020-04-14T00:00:00,首发原股东限售股份,-0.027718550198311,0.228070175216872,1.47021005842934,sh,坤彩科技,22.8
29,002790,2019-03-12T00:00:00,首发原股东限售股份,0.0696864110296505,0.0993485345058971,1.47,zxb,瑞尔特,12.28
