,code,xcode,name,ipo_date,issue_date,amount,markets,price,pe,limit,funds,ballot
0,688596,787596,正帆科技,2020-08-10,,6424,1638,0.0,0.0,1.6,0.0,0.0
1,688393,787393,安必平,2020-08-10,,2334,665,0.0,0.0,0.65,0.0,0.0
2,300868,300868,杰美特,2020-08-10,,3200,912,0.0,0.0,0.9,4.98,0.0
3,300867,300867,圣元环保,2020-08-10,,6800,1734,0.0,0.0,1.7,0.0,0.0
4,300869,300869,康泰医学,2020-08-10,,4100,779,0.0,0.0,0.75,3.388,0.0
5,688521,787521,芯原股份,2020-08-07,,4832,821,0.0,0.0,0.8,8.747,0.0
6,688379,787379,华光新材,2020-08-07,,2200,627,0.0,0.0,0.6,4.1,0.0
7,603931,732931,格林达,2020-08-07,,2545,1018,0.0,0.0,1.0,5.442,0.0
8,300865,300865,大宏立,2020-08-07,,2392,682,0.0,0.0,0.65,4.159,0.0
9,300866,300866,安克创新,2020-08-07,,4100,697,0.0,0.0,0.65,0.0,0.0
10,300863,300863,卡倍亿,2020-08-07,,1381,394,0.0,0.0,0.35,3.968,0.0
11,605333,707333,沪光股份,2020-08-06,,4010,1203,5.3,22.97,1.2,2.125,0.0
12,688519,787519,南亚新材,2020-08-06,,5860,1494,0.0,0.0,1.45,9.913,0.0
13,605003,707003,众望布艺,2020-08-06,,2200,880,0.0,0.0,0.8,5.665,0.0
14,688055,787055,龙腾光电,2020-08-06,,33333,5667,0.0,0.0,5.65,16.006,0.0
15,605388,707388,均瑶健康,2020-08-06,,7000,2100,0.0,0.0,2.1,9.401,0.0
16,605088,707088,冠盛股份,2020-08-05,,4000,1600,15.57,22.98,1.6,6.228,0.0
17,688335,787335,复洁环保,2020-08-05,,1820,519,0.0,0.0,0.5,5.612,0.0
18,688229,787229,博睿数据,2020-08-05,,1110,316,0.0,0.0,0.3,4.711,0.0
19,300862,300862,蓝盾光电,2020-08-05,,3297,939,0.0,0.0,0.95,0.0,0.0
20,300860,300860,锋尚文化,2020-08-04,,1802,519,0.0,0.0,0.5,14.432,0.0
21,300861,300861,美畅股份,2020-08-04,,4001,768,0.0,0.0,0.75,24.69,0.0
22,002993,002993,奥海科技,2020-08-03,,4520,1808,26.88,22.99,1.8,12.15,0.0
23,688065,787065,凯赛生物,2020-08-03,,4167,708,133.45,120.7,0.7,0.0,0.0
24,688313,787313,仕佳光子,2020-07-31,,4600,874,10.82,0.0,0.85,0.0,0.0
25,688185,787185,康希诺,2020-07-31,,2480,456,209.71,0.0,0.45,10.67,0.0
26,605366,707366,宏柏新材,2020-07-31,,8300,3320,9.98,22.78,3.3,8.283,0.0
27,688155,787155,先惠技术,2020-07-30,,1891,719,38.77,47.74,0.5,4.64,0.03
28,605100,707100,华丰股份,2020-07-29,,2170,1953,39.43,22.99,0.8,8.556000000000001,0.02
29,688286,787286,敏芯股份,2020-07-29,,1330,506,62.67,65.46,0.35,8.049,0.03
30,688339,787339,亿华通,2020-07-29,,1763,461,76.65,0.0,0.25,0.0,0.04
31,605066,707066,天正电气,2020-07-29,,7100,6390,10.02,22.98,2.1,7.114,0.04
32,688556,787556,高测股份,2020-07-27,,4046,1538,14.41,80.67,1.15,6.57,0.03
33,605158,707158,华达新材,2020-07-27,,9840,8856,8.55,20.66,3.9,8.413,0.04
34,300859,300859,西域旅游,2020-07-27,,3875,3488,7.19,15.28,1.55,2.786,0.03
35,002992,002992,宝明科技,2020-07-23,2020-08-03,3450,3105,22.35,22.99,1.35,7.711,0.02
36,688338,787338,赛科希德,2020-07-23,,2041,778,50.35,57.99,0.55,4.246,0.03
37,605399,707399,晨光新材,2020-07-23,,4600,4140,13.16,22.99,1.8,6.053999999999999,0.03
38,002991,002991,甘源食品,2020-07-22,2020-07-31,2330,2097,38.76,22.99,0.9,9.033,0.02
39,688311,787311,盟升电子,2020-07-22,2020-07-31,2867,1092,41.58,68.31,0.8,5.85,0.03
40,688586,787586,江航装备,2020-07-22,2020-07-31,10094,2746,10.27,47.17,1.8,5.945,0.04
41,002995,002995,天地在线,2020-07-22,,1617,1617,33.84,22.99,1.6,5.472,0.01
42,605318,707318,法狮龙,2020-07-21,2020-08-03,3229,2906,13.09,22.99,1.2,4.227,0.03
43,605222,707222,起帆电缆,2020-07-21,2020-07-31,5000,4500,18.43,22.98,1.5,9.215,0.04
44,601456,780456,国联证券,2020-07-21,2020-07-31,47572,42815,4.25,19.6,14.2,0.0,0.15
45,605118,707118,力鼎光电,2020-07-20,2020-07-30,4100,3690,9.28,22.99,1.2,3.805,0.03
46,603408,732408,建霖家居,2020-07-20,2020-07-30,4500,4050,15.53,22.98,1.3,6.989,0.04
47,688050,787050,爱博医疗,2020-07-20,2020-07-29,2629,889,33.55,55.55,0.65,8.78,0.03
48,605188,707188,国光连锁,2020-07-16,2020-07-28,4958,4462,4.65,22.98,1.4,2.305,0.04
49,300858,300858,科拓生物,2020-07-15,2020-07-27,2063,1857,23.7,22.99,0.8,4.888999999999999,0.02
50,300855,300855,图南股份,2020-07-14,2020-07-23,5000,4500,10.51,22.99,2.0,5.255,0.03
51,300857,300857,协创数据,2020-07-14,2020-07-27,5164,4648,9.3,22.99,2.05,4.802,0.03
52,688561,787561,奇安信,2020-07-14,2020-07-22,10194,2159,56.1,0.0,1.4,47.761,0.04
53,688418,787418,震有科技,2020-07-13,2020-07-22,4841,1646,16.25,54.27,1.2,6.095,0.03
54,300856,300856,科思股份,2020-07-13,2020-07-22,2822,2540,30.56,22.44,1.1,8.624,0.02
55,688589,787589,力合微,2020-07-13,2020-07-22,2700,1026,17.91,48.48,0.75,3.7310000000000003,0.03
56,688336,787336,三生国健,2020-07-13,2020-07-22,6162,1766,28.18,59.31,1.15,33.516,0.04
57,688508,787508,芯朋微,2020-07-13,2020-07-22,2820,1072,28.3,52.16,0.8,6.312,0.03
58,688077,787077,大地熊,2020-07-13,2020-07-22,2000,760,28.07,49.01,0.55,4.011,0.03
59,300853,300853,申昊科技,2020-07-13,2020-07-24,2041,1837,30.41,22.99,0.8,6.206,0.02
60,688069,787069,德林海,2020-07-13,2020-07-22,1487,567,67.2,42.36,0.4,4.942,0.03
61,300848,300848,美瑞新材,2020-07-08,2020-07-20,1667,1667,28.18,22.99,1.65,4.698,0.01
62,688580,787580,伟思医疗,2020-07-08,2020-07-21,1709,651,67.58,48.88,0.45,5.162999999999999,0.03
63,688256,787256,寒武纪,2020-07-08,2020-07-20,4010,972,64.39,0.0,0.6,29.276999999999997,0.04
64,688500,787500,慧辰资讯,2020-07-07,2020-07-16,1857,706,34.21,41.72,0.5,6.051,0.03
65,688488,787488,艾迪药业,2020-07-07,2020-07-20,6000,1621,13.99,285.07,1.05,8.234,0.04
66,688981,787981,中芯国际,2020-07-07,2020-07-16,193846,25284,27.46,0.0,42.1,202.855,0.21
67,300851,300851,交大思诺,2020-07-06,2020-07-17,2173,1956,28.69,21.36,0.85,6.235,0.02
68,688567,787567,孚能科技,2020-07-06,2020-07-17,21413,4541,15.9,1737.49,2.95,36.162,0.05
69,688579,787579,山大地纬,2020-07-06,2020-07-17,4001,1140,8.12,46.49,0.75,4.237,0.04
70,605108,707108,同庆楼,2020-07-06,2020-07-16,5000,4500,16.7,18.67,2.0,8.35,0.03
71,688165,787165,埃夫特,2020-07-03,2020-07-15,13045,3720,6.35,0.0,2.45,12.665,0.05
72,688309,787309,恒誉环保,2020-07-03,2020-07-14,2000,760,24.79,31.44,0.55,7.1339999999999995,0.04
73,688180,787180,君实生物,2020-07-02,2020-07-15,8713,2120,55.5,0.0,1.35,29.355999999999998,0.04
74,300850,300850,新强联,2020-07-02,2020-07-13,2650,2385,19.66,22.38,1.05,5.21,0.02
75,688060,787060,云涌科技,2020-07-01,2020-07-10,1500,570,44.47,41.9,0.4,3.6260000000000003,0.04
76,300849,300849,锦盛新材,2020-06-29,2020-07-10,2500,2250,13.99,22.99,1.0,3.498,0.02
77,605199,707199,葫芦娃,2020-06-29,2020-07-10,4010,3609,5.19,22.98,1.2,2.081,0.04
78,300852,300852,四会富仕,2020-06-29,2020-07-13,1416,1416,33.06,22.99,1.4,4.681,0.01
79,300840,300840,酷特智能,2020-06-24,2020-07-08,6000,5400,5.94,22.96,2.4,3.5639999999999996,0.04
80,688027,787027,国盾量子,2020-06-24,2020-07-09,2000,680,36.18,196.99,0.5,3.554,0.04
81,688568,787568,中科星图,2020-06-24,2020-07-08,5500,1898,16.21,37.88,1.4,7.906000000000001,0.04
82,688377,787377,迪威尔,2020-06-23,2020-07-08,4867,1849,16.42,33.56,1.35,5.952999999999999,0.04
83,300847,300847,中船汉光,2020-06-23,2020-07-09,4934,4441,6.94,18.0,1.95,3.424,0.03
84,300845,300845,捷安高科,2020-06-22,2020-07-03,2309,2078,17.63,21.15,0.9,4.071000000000001,0.02
85,688277,787277,天智航,2020-06-22,2020-07-07,4190,1081,12.04,0.0,0.7,5.083,0.04
86,688600,787600,皖仪科技,2020-06-19,2020-07-03,3334,1267,15.5,38.81,0.95,3.14,0.04
87,300843,300843,胜蓝股份,2020-06-19,2020-07-02,3723,3351,10.01,19.74,1.45,3.727,0.03
88,300846,300846,首都在线,2020-06-18,2020-07-01,5000,4500,3.37,22.95,1.5,1.685,0.04
89,300839,300839,博汇股份,2020-06-17,2020-06-30,2600,2340,16.26,22.99,1.0,4.228,0.03
90,688528,787528,秦川物联,2020-06-17,2020-07-01,4200,1596,11.33,45.43,1.15,4.652,0.04
91,688558,787558,国盛智科,2020-06-17,2020-06-30,3300,1254,17.37,29.77,0.9,8.257,0.04
92,603087,732087,甘李药业,2020-06-16,2020-06-29,4020,3618,63.32,22.99,1.2,25.455,0.04
93,600956,730956,新天绿能,2020-06-12,2020-06-29,13475,12128,3.18,8.96,4.0,4.285,0.07
94,300824,300824,北鼎股份,2020-06-10,2020-06-19,5435,4892,5.91,22.01,2.15,3.2119999999999997,0.04
95,688555,787555,泽达易盛,2020-06-10,2020-06-23,2078,790,19.49,31.95,0.55,5.138,0.04
96,688518,787518,联赢激光,2020-06-10,2020-06-22,7480,2842,7.81,43.04,2.1,6.789,0.04
97,688520,787520,神州细胞,2020-06-09,2020-06-22,5000,1430,25.64,0.0,0.95,21.015,0.04
98,300842,300842,帝科股份,2020-06-09,2020-06-18,2500,2250,15.96,22.99,1.0,3.99,0.03
99,605166,707166,聚合顺,2020-06-08,2020-06-18,7889,7100,7.05,22.97,3.1,5.562,0.05
100,688505,787505,复旦张江,2020-06-08,2020-06-19,12000,2863,8.95,46.93,1.9,7.273,0.05
101,688106,787106,金宏气体,2020-06-05,2020-06-16,12108,3110,15.48,43.93,2.0,10.879000000000001,0.05
102,300841,300841,康华生物,2020-06-04,2020-06-16,1500,1500,70.37,22.99,1.5,10.556,0.01
103,688004,787004,博汇科技,2020-06-03,2020-06-12,1420,540,28.77,35.53,0.4,4.165,0.04
104,002989,002989,中天精装,2020-06-01,2020-06-10,3785,3407,24.52,20.85,1.5,9.283,0.03
105,688599,787599,天合光能,2020-05-29,2020-06-10,31020,8903,8.16,27.61,5.85,32.596,0.08
106,300838,300838,浙江力诺,2020-05-27,2020-06-08,3409,3068,10.78,22.98,1.35,3.9210000000000003,0.03
107,688157,787157,松井股份,2020-05-27,2020-06-09,1990,756,34.48,30.18,0.55,0.0,0.04
108,688312,787312,燕麦科技,2020-05-27,2020-06-08,3587,1241,19.68,32.26,0.9,6.099,0.04
109,300837,300837,浙矿股份,2020-05-26,2020-06-05,2500,2250,17.57,19.0,1.0,4.393,0.03
110,002986,002986,宇新股份,2020-05-21,2020-06-02,2834,2551,39.99,19.31,1.1,11.333,0.03
111,688360,787360,德马科技,2020-05-21,2020-06-02,2142,814,25.12,40.02,0.6,4.592,0.04
112,601827,780827,三峰环境,2020-05-21,2020-06-05,37827,34044,6.84,22.67,11.3,25.874000000000002,0.15
113,600918,730918,中泰证券,2020-05-20,2020-06-03,69686,62718,4.38,48.08,20.9,0.0,0.24
114,605288,707288,凯迪股份,2020-05-20,2020-06-01,1250,1250,92.59,22.99,1.2,11.574000000000002,0.01
115,605168,707168,三人行,2020-05-18,2020-05-28,1727,1727,60.62,22.99,1.7,10.467,0.02
116,300836,300836,佰奥智能,2020-05-18,2020-05-28,1231,1231,28.18,22.99,1.2,3.47,0.01
117,603950,732950,长源东谷,2020-05-14,2020-05-26,5788,5209,15.81,22.99,2.3,9.151,0.04
118,002990,002990,盛视科技,2020-05-14,2020-05-25,3156,2840,36.81,22.99,1.25,11.617,0.03
119,300835,300835,龙磁科技,2020-05-14,2020-05-25,1767,1767,20.0,20.56,1.75,3.534,0.01
120,688516,787516,奥特维,2020-05-12,2020-05-21,2467,840,23.28,33.15,0.6,8.622,0.04
121,605001,707001,威奥股份,2020-05-11,2020-05-22,7556,6800,16.14,22.99,3.0,12.195,0.05
122,300833,300833,浩洋股份,2020-05-08,2020-05-20,2108,1897,52.09,22.99,0.8,10.982000000000001,0.03
123,002988,002988,豪美新材,2020-05-07,2020-05-18,5821,5239,10.94,22.98,2.3,6.369,0.03
124,688566,787566,吉贝尔,2020-05-06,2020-05-18,4674,1594,23.69,48.2,1.15,7.519,0.04
125,688598,787598,金博股份,2020-05-06,2020-05-18,2000,762,47.2,59.6,0.55,3.648,0.04
126,601778,780778,晶科科技,2020-05-06,2020-05-19,59459,53513,4.37,16.58,17.8,26.816,0.22
127,300832,300832,新产业,2020-04-28,2020-05-12,4120,3708,31.39,18.0,1.2,12.933,0.04
128,688588,787588,凌志软件,2020-04-24,2020-05-11,4001,1140,11.49,34.82,0.75,3.234,0.05
129,002987,002987,京北方,2020-04-23,2020-05-07,4017,3615,23.04,21.93,1.2,9.255,0.03
130,688466,787466,金科环境,2020-04-23,2020-05-08,2569,976,24.61,34.61,0.7,8.21,0.04
131,300831,300831,派瑞股份,2020-04-22,2020-05-07,8000,7200,3.98,20.93,3.2,3.1839999999999997,0.04
132,688365,787365,光云科技,2020-04-20,2020-04-29,4010,1024,10.8,47.9,0.65,4.132,0.04
133,603212,732212,赛伍技术,2020-04-20,2020-04-30,4001,3601,10.46,22.57,1.2,4.185,0.04
134,300830,300830,金现代,2020-04-20,2020-05-06,8603,7742,4.4,22.95,2.55,3.785,0.05
135,002983,002983,芯瑞达,2020-04-16,2020-04-28,3542,3188,12.97,22.98,1.05,4.593999999999999,0.03
136,002985,002985,北摩高科,2020-04-16,2020-04-29,3754,3379,22.53,16.21,1.5,8.458,0.03
137,603439,732439,贵州三力,2020-04-16,2020-04-28,4074,3667,7.35,22.97,1.2,2.9939999999999998,0.04
138,603392,732392,万泰生物,2020-04-15,2020-04-29,4360,3924,8.75,22.98,1.3,3.815,0.04
139,002982,002982,湘佳股份,2020-04-15,2020-04-24,2563,2307,29.63,13.29,1.0,7.593999999999999,0.02
140,688318,787318,财富趋势,2020-04-15,2020-04-27,1667,641,107.41,42.12,0.45,8.193999999999999,0.04
141,300829,300829,金丹科技,2020-04-13,2020-04-22,2830,2547,22.53,22.98,1.1,6.376,0.03
142,601609,780609,金田铜业,2020-04-10,2020-04-22,24200,21780,6.55,22.97,7.2,15.850999999999999,0.12
143,300828,300828,锐新科技,2020-04-09,2020-04-21,2757,2481,12.26,22.05,1.1,3.38,0.03
144,688126,787126,沪硅产业,2020-04-09,2020-04-20,62007,13457,3.89,0.0,8.65,26.443,0.1
145,603682,732682,锦和商业,2020-04-09,2020-04-21,9450,8505,7.91,22.28,2.8,7.711,0.06
146,002978,002978,安宁股份,2020-04-08,2020-04-17,4060,3654,27.47,21.77,1.2,11.152999999999999,0.03
147,002981,002981,朝阳科技,2020-04-08,2020-04-17,2400,2160,17.32,20.15,0.95,4.157,0.02
148,603095,732095,越剑智能,2020-04-02,2020-04-15,3300,2970,26.16,22.99,1.3,8.633,0.03
149,688222,787222,成都先导,2020-04-01,2020-04-16,4068,1059,20.52,110.77,0.65,7.412999999999999,0.05
150,002980,002980,华盛昌,2020-03-31,2020-04-15,3333,3000,14.89,22.98,1.3,4.963,0.03
151,300827,300827,上能电气,2020-03-31,2020-04-10,1833,1833,21.64,21.51,1.8,3.967,0.02
152,688096,787096,京源环保,2020-03-27,2020-04-09,2683,1020,14.34,25.56,0.75,3.134,0.04
153,688085,787085,三友医疗,2020-03-26,2020-04-09,5133,1754,20.96,48.96,1.3,6.725,0.04
154,002979,002979,雷赛智能,2020-03-26,2020-04-08,5200,4680,9.8,22.99,2.05,5.096,0.03
155,603353,732353,和顺石油,2020-03-25,2020-04-07,3338,3004,27.79,22.99,1.3,9.276,0.03
156,300826,300826,测绘股份,2020-03-25,2020-04-03,2000,2000,22.88,22.28,2.0,4.5760000000000005,0.02
157,300825,300825,阿尔特,2020-03-18,2020-03-27,7642,6877,6.14,17.87,3.05,4.692,0.04
158,688228,787228,开普云,2020-03-17,2020-03-27,1678,580,59.26,53.58,0.4,0.0,0.04
159,688189,787189,南新制药,2020-03-16,2020-03-26,3500,1334,34.94,55.48,0.95,7.481,0.04
160,603221,732221,爱丽家居,2020-03-11,2020-03-23,6000,5400,12.9,22.98,2.4,7.74,0.04
161,688051,787051,佳华科技,2020-03-10,2020-03-20,1933,736,50.81,35.93,0.55,0.0,0.04
162,300823,300823,建科机械,2020-03-10,2020-03-19,2340,2106,16.58,19.34,0.9,3.88,0.03
163,002977,002977,天箭科技,2020-03-05,2020-03-17,1790,1790,29.98,22.98,1.75,5.3660000000000005,0.01
164,300822,300822,贝仕达克,2020-03-04,2020-03-13,2667,2400,23.57,17.96,1.05,6.2860000000000005,0.03
165,300819,300819,聚杰微纤,2020-03-03,2020-03-12,2487,2238,15.07,22.99,0.95,3.748,0.03
166,300821,300821,东岳硅材,2020-03-03,2020-03-12,30000,27000,6.9,17.97,9.0,20.7,0.11
167,603949,732949,雪龙集团,2020-02-27,2020-03-10,3747,3372,12.66,22.99,1.4,4.744,0.03
168,002976,002976,瑞玛工业,2020-02-26,2020-03-06,2500,2250,19.01,22.55,1.0,4.753,0.02
169,603948,732948,建业股份,2020-02-19,2020-03-02,4000,3600,14.25,17.94,1.6,5.756,0.03
170,688086,787086,紫晶存储,2020-02-17,2020-02-26,4760,1813,21.49,39.8,1.35,13.487,0.04
171,601696,780696,中银证券,2020-02-13,2020-02-26,27800,25020,5.47,22.97,8.3,0.0,0.13
172,603719,732719,良品铺子,2020-02-12,2020-02-24,4100,3690,11.9,22.99,1.2,4.879,0.04
173,688396,787396,华润微,2020-02-12,2020-02-27,33694,6153,12.8,48.31,8.45,0.0,0.08
174,688177,787177,百奥泰,2020-02-11,2020-02-21,6000,1734,32.76,0.0,1.15,20.894000000000002,0.05
175,688169,787169,石头科技,2020-02-11,2020-02-21,1667,648,271.12,39.46,0.45,13.865,0.04
176,688233,787233,神工股份,2020-02-11,2020-02-21,4000,1522,21.67,26.1,1.1,12.325,0.04
177,688200,787200,华峰测控,2020-02-07,2020-02-18,1530,529,107.41,72.58,0.35,10.94,0.05
178,300817,300817,双飞股份,2020-02-06,2020-02-18,2106,1895,18.37,22.99,0.8,3.8689999999999998,0.03
179,688090,787090,瑞松科技,2020-02-05,2020-02-17,1684,640,27.55,43.3,0.45,4.298,0.04
180,688208,787208,道通科技,2020-02-04,2020-02-13,5000,1430,24.36,36.16,0.95,7.36,0.05
181,300820,300820,英杰电气,2020-02-04,2020-02-13,1584,1584,33.66,18.98,1.55,5.332000000000001,0.02
182,300818,300818,耐普矿机,2020-02-03,2020-02-12,1750,1750,21.14,22.99,1.75,3.7,0.02
183,688080,787080,映翰通,2020-01-22,2020-02-12,1311,498,27.63,32.38,0.35,3.053,0.04
184,688398,787398,赛特新材,2020-01-22,2020-02-11,2000,760,24.12,42.51,0.55,4.605,0.04
185,688186,787186,广大特材,2020-01-21,2020-02-11,4180,1588,17.16,23.4,1.15,7.763999999999999,0.05
186,603893,732893,瑞芯微,2020-01-20,2020-02-07,4200,3780,9.68,22.98,1.2,4.066,0.04
187,300816,300816,艾可蓝,2020-01-17,2020-02-10,2000,2000,20.28,21.78,2.0,4.056,0.02
188,688298,787298,东方生物,2020-01-16,2020-02-05,3000,1140,21.25,40.73,0.85,0.0,0.04
189,603195,732195,公牛集团,2020-01-16,2020-02-06,6000,5400,59.45,22.93,1.8,35.772,0.05
190,002975,002975,博杰股份,2020-01-16,2020-02-05,1737,1737,34.6,21.53,1.7,6.0089999999999995,0.01
191,603290,732290,斯达半导,2020-01-15,2020-02-04,4000,3600,12.74,22.98,1.6,5.096,0.04
192,688159,787159,有方科技,2020-01-14,2020-01-23,2292,779,20.35,49.31,0.55,6.277,0.04
193,688266,787266,泽璟制药,2020-01-14,2020-01-23,6000,1722,33.76,0.0,1.1,25.409000000000002,0.05
194,300815,300815,玉禾田,2020-01-14,2020-01-23,3460,3114,29.55,22.98,1.35,10.224,0.03
195,688026,787026,洁特生物,2020-01-13,2020-01-22,2500,950,16.49,34.93,0.7,3.404,0.04
196,688158,787158,优刻得,2020-01-08,2020-01-20,5850,1404,33.23,176.11,0.9,0.0,0.05
197,688278,787278,特宝生物,2020-01-07,2020-01-17,4650,1205,8.24,109.4,0.8,0.0,0.05
198,688100,787100,威胜信息,2020-01-07,2020-01-21,5000,1275,13.78,42.46,0.85,6.832000000000001,0.05
199,601816,780816,京沪高铁,2020-01-06,2020-01-16,628563,234379,4.88,23.39,94.2,0.0,0.79
200,300813,300813,泰林生物,2020-01-03,2020-01-14,1300,1300,18.35,22.97,1.3,2.385,0.01
201,002971,002971,和远气体,2020-01-02,2020-01-13,4000,3600,10.82,22.97,1.6,4.328,0.03
202,688178,787178,万德斯,2020-01-02,2020-01-14,2125,808,25.2,29.14,0.6,5.944,0.04
203,603551,732551,奥普家居,2020-01-02,2020-01-15,4001,3601,15.21,21.85,1.2,6.402,0.04
204,002973,002973,侨银环保,2019-12-25,2020-01-06,4089,3680,5.74,22.99,1.2,2.347,0.04
205,688181,787181,八亿时空,2019-12-25,2020-01-06,2412,828,43.98,37.35,0.6,3.532,0.04
206,300812,300812,易天股份,2019-12-25,2020-01-09,1938,1938,21.46,22.99,1.9,4.159,0.02
207,688081,787081,兴图新科,2019-12-24,2020-01-06,1840,699,28.21,51.7,0.5,4.558,0.04
208,300811,300811,铂科新材,2019-12-19,2019-12-30,1440,1440,26.22,22.99,1.4,3.7760000000000002,0.01
209,002972,002972,科安达,2019-12-18,2019-12-27,4408,3967,11.49,21.73,1.3,5.065,0.04
210,688078,787078,龙软科技,2019-12-18,2019-12-30,1769,672,21.59,49.04,0.5,3.053,0.04
211,603109,732109,神驰机电,2019-12-18,2019-12-31,3667,3300,18.38,22.21,1.4,6.74,0.04
212,688268,787268,华特气体,2019-12-17,2019-12-26,3000,1140,22.16,42.89,0.85,5.186,0.04
213,688123,787123,聚辰股份,2019-12-12,2019-12-23,3021,1151,33.25,52.79,0.85,8.062000000000001,0.05
214,603995,732995,甬金股份,2019-12-11,2019-12-24,5767,5190,22.52,16.24,2.3,12.987,0.04
215,601512,780512,中新集团,2019-12-11,2019-12-20,14989,13490,9.67,17.34,4.4,14.494000000000002,0.09
216,688089,787089,嘉必优,2019-12-10,2019-12-19,3000,1033,23.9,43.12,0.75,6.086,0.05
217,300807,300807,天迈科技,2019-12-05,2019-12-19,1700,1700,17.68,22.99,1.7,3.0060000000000002,0.02
218,002970,002970,锐明技术,2019-12-04,2019-12-17,2160,1944,38.0,22.99,0.85,8.208,0.03
219,688037,787037,芯源微,2019-12-04,2019-12-16,2100,720,26.97,112.7,0.5,4.295,0.05
220,603053,732053,成都燃气,2019-12-03,2019-12-17,8889,8000,10.45,22.99,2.6,9.289,0.07
221,688039,787039,当虹科技,2019-12-02,2019-12-11,2000,682,50.48,65.85,0.5,6.629,0.04
222,601658,780658,邮储银行,2019-11-28,2019-12-10,594799,181026,5.5,9.58,170.6,0.0,1.26
223,688218,787218,江苏北人,2019-11-27,2019-12-11,2934,1002,17.36,44.67,0.7,4.356,0.05
224,688198,787198,佰仁医疗,2019-11-27,2019-12-09,2400,816,23.68,68.07,0.6,5.09,0.04
225,688258,787258,卓易信息,2019-11-26,2019-12-09,2174,826,26.49,54.25,0.6,3.989,0.04
226,688399,787399,硕世生物,2019-11-25,2019-12-05,1466,557,46.78,49.21,0.4,4.585,0.04
227,688357,787357,建龙微纳,2019-11-22,2019-12-04,1446,550,43.28,53.16,0.4,4.051,0.04
228,688118,787118,普元信息,2019-11-22,2019-12-04,2385,906,26.9,57.02,0.65,3.739,0.04
229,688358,787358,祥生医疗,2019-11-21,2019-12-03,2000,762,50.53,44.31,0.55,10.470999999999998,0.04
230,300809,300809,华辰装备,2019-11-21,2019-12-04,3923,3531,18.77,22.99,1.55,7.3629999999999995,0.03
231,300810,300810,中科海讯,2019-11-21,2019-12-06,1970,1970,24.6,22.95,1.95,4.846,0.02
232,002968,002968,新大正,2019-11-20,2019-12-03,1791,1791,26.76,22.99,1.75,4.793,0.01
233,688310,787310,迈得医疗,2019-11-20,2019-12-03,2090,794,24.79,42.21,0.55,3.907,0.05
234,300801,300801,泰和科技,2019-11-19,2019-11-28,3000,2700,30.42,20.0,1.2,9.126,0.03
235,002969,002969,嘉美包装,2019-11-19,2019-12-02,9526,8574,3.67,22.48,2.85,3.572,0.05
236,300808,300808,久量股份,2019-11-19,2019-11-29,4000,3600,11.04,20.61,1.6,4.9239999999999995,0.03
237,601916,780916,浙商银行,2019-11-14,2019-11-26,255000,186081,4.94,9.39,76.5,0.0,0.69
238,300806,300806,斯迪克,2019-11-13,2019-11-25,2921,2629,11.27,22.98,1.15,3.292,0.03
239,603390,732390,通达电气,2019-11-13,2019-11-25,8792,7913,10.07,22.99,3.5,8.854,0.06
240,300798,300798,锦鸡股份,2019-11-12,2019-11-22,4178,3760,5.53,22.95,1.25,2.31,0.04
241,300805,300805,电声股份,2019-11-12,2019-11-21,4233,3810,10.2,22.99,1.25,4.3180000000000005,0.04
242,688196,787196,卓越新能,2019-11-11,2019-11-21,3000,1152,42.93,38.54,0.85,7.9510000000000005,0.05
243,688138,787138,清溢光电,2019-11-11,2019-11-20,6680,2538,8.78,42.01,1.9,4.555,0.05
244,688111,787111,金山办公,2019-11-07,2019-11-18,10100,2121,45.86,78.37,1.4,21.625999999999998,0.05
245,688101,787101,三达膜,2019-11-06,2019-11-15,8347,3206,18.26,34.96,2.4,14.81,0.05
246,300803,300803,指南针,2019-11-06,2019-11-18,5690,5121,6.25,22.99,1.7,3.556,0.05
247,300796,300796,贝斯美,2019-11-05,2019-11-15,3030,2727,14.25,22.99,1.2,4.3180000000000005,0.03
248,688300,787300,联瑞新材,2019-11-05,2019-11-15,2149,817,27.28,41.7,0.6,3.531,0.04
249,300802,300802,矩子科技,2019-11-05,2019-11-14,2500,2250,22.04,22.99,1.0,5.51,0.03
250,603489,732489,八方股份,2019-10-30,2019-11-11,3000,2700,43.44,22.99,1.2,13.032,0.03
251,002967,002967,广电计量,2019-10-30,2019-11-08,8267,7440,7.43,22.99,3.3,6.142,0.04
252,300564,300564,筑博设计,2019-10-30,2019-11-08,2500,2250,22.69,22.99,1.0,5.672999999999999,0.03
253,688021,787021,奥福环保,2019-10-25,2019-11-06,2000,760,26.17,46.62,0.55,6.568,0.04
254,688202,787202,美迪西,2019-10-25,2019-11-05,1550,527,41.5,48.61,0.35,3.938,0.04
255,688166,787166,博瑞医药,2019-10-25,2019-11-08,4100,1169,12.71,72.46,0.75,4.333,0.05
256,688389,787389,普门科技,2019-10-25,2019-11-05,4300,1097,9.1,74.65,0.7,7.117999999999999,0.05
257,688288,787288,鸿泉物联,2019-10-25,2019-11-06,2500,850,24.99,46.26,0.6,6.539,0.04
258,688023,787023,安恒信息,2019-10-25,2019-11-05,1852,634,56.5,72.38,0.45,8.439,0.04
259,688128,787128,中国电研,2019-10-25,2019-11-05,5000,1429,18.79,42.92,0.95,9.996,0.05
260,688299,787299,长阳科技,2019-10-24,2019-11-06,7064,2691,13.71,48.72,2.0,6.435,0.05
261,688363,787363,华熙生物,2019-10-24,2019-11-06,4956,1442,47.79,54.64,0.95,32.74,0.05
262,688199,787199,久日新材,2019-10-24,2019-11-05,2781,1069,66.68,42.16,0.8,17.349,0.04
263,300800,300800,力合科技,2019-10-24,2019-11-06,2000,2000,50.64,22.99,2.0,10.13,0.02
264,688058,787058,宝兰德,2019-10-23,2019-11-01,1000,380,79.3,61.76,0.25,3.32,0.05
265,688025,787025,杰普特,2019-10-22,2019-10-31,2309,880,43.86,49.02,0.65,10.755999999999998,0.04
266,300797,300797,钢研纳克,2019-10-22,2019-11-01,6205,5585,4.5,22.98,2.45,2.792,0.04
267,688369,787369,致远互联,2019-10-21,2019-10-31,1925,732,49.39,59.99,0.5,4.058,0.04
268,688366,787366,昊海生科,2019-10-21,2019-10-30,1780,613,89.23,42.2,0.45,15.583,0.04
269,688108,787108,赛诺医疗,2019-10-18,2019-10-30,5000,1425,6.99,32.75,0.95,3.096,0.05
270,603610,732610,麒盛科技,2019-10-17,2019-10-29,3758,3383,44.66,22.99,1.5,16.785,0.03
271,300799,300799,左江科技,2019-10-17,2019-10-29,1700,1700,21.48,22.99,1.7,3.6519999999999997,0.02
272,002963,002963,豪尔赛,2019-10-16,2019-10-28,3759,3383,23.66,20.83,1.5,8.894,0.03
273,002965,002965,祥鑫科技,2019-10-16,2019-10-25,3768,3391,19.89,21.28,1.5,7.495,0.03
274,688139,787139,海尔生物,2019-10-16,2019-10-25,7927,3020,15.53,89.05,2.25,10.645999999999999,0.05
275,688098,787098,申联生物,2019-10-16,2019-10-28,5000,1425,8.8,43.87,0.95,4.88,0.05
276,601077,780077,渝农商行,2019-10-14,2019-10-29,135700,99024,7.36,9.26,40.7,0.0,0.35
277,300795,300795,米奥会展,2019-10-10,2019-10-22,2504,2254,14.27,22.99,1.0,3.573,0.03
278,603815,732815,交建股份,2019-10-09,2019-10-21,4990,4491,5.14,22.99,1.4,2.565,0.05
279,300793,300793,佳禾智能,2019-10-08,2019-10-18,4168,3751,13.43,22.98,1.6,5.598,0.04
280,603786,732786,科博达,2019-09-25,2019-10-15,4010,3609,26.89,22.99,1.2,10.783,0.04
281,688368,787368,晶丰明源,2019-09-25,2019-10-14,1540,586,56.68,46.9,0.4,7.909,0.05
282,688036,787036,传音控股,2019-09-19,2019-09-30,8000,2120,35.15,42.78,1.35,31.885,0.05
283,688068,787068,热景生物,2019-09-18,2019-09-30,1555,590,29.46,48.85,0.4,3.366,0.05
284,688030,787030,山石网科,2019-09-18,2019-09-30,4506,1535,21.06,55.08,1.1,9.877,0.05
285,300792,300792,壹网壹创,2019-09-18,2019-09-27,2000,2000,38.3,20.27,2.0,7.66,0.02
286,688116,787116,天奈科技,2019-09-16,2019-09-25,5796,2207,16.0,57.07,1.65,9.654,0.05
287,300791,300791,仙乐健康,2019-09-12,2019-09-25,2000,2000,54.73,22.99,2.0,10.946,0.02
288,300790,300790,宇瞳光学,2019-09-10,2019-09-20,2858,2572,18.16,22.99,1.1,5.19,0.03
289,002962,002962,五方光电,2019-09-05,2019-09-17,5040,4536,14.39,22.99,2.0,7.252999999999999,0.03
290,688168,787168,安博通,2019-08-28,2019-09-06,1280,486,56.88,48.52,0.35,3.597,0.04
291,603927,732927,中科软,2019-08-28,2019-09-09,4240,3816,16.18,21.54,1.2,6.86,0.04
292,002961,002961,瑞达期货,2019-08-27,2019-09-05,4500,4050,5.57,22.98,1.35,2.506,0.04
293,603093,732093,南华期货,2019-08-21,2019-08-30,7000,6300,4.84,22.99,2.1,3.388,0.05
294,603755,732755,日辰股份,2019-08-15,2019-08-28,2466,2219,15.7,22.98,0.9,3.872,0.03
295,002959,002959,小熊电器,2019-08-14,2019-08-23,3000,2700,34.25,22.99,1.2,10.275,0.03
296,603992,732992,松霖科技,2019-08-14,2019-08-26,4100,3690,13.54,22.99,1.2,5.551,0.04
297,300789,300789,唐源电气,2019-08-14,2019-08-28,1150,1150,35.58,21.35,1.15,4.092,0.01
298,003816,003816,中国广核,2019-08-12,2019-08-26,504986,184252,2.49,14.6,75.7,111.67200000000001,0.6
299,300787,300787,海能实业,2019-08-06,2019-08-15,2122,1910,27.33,22.99,0.8,5.7989999999999995,0.03
300,688321,787321,微芯生物,2019-07-31,2019-08-12,5000,1280,20.43,467.51,0.85,8.699,0.05
301,603115,732115,海星股份,2019-07-31,2019-08-09,5200,4680,10.18,15.44,2.0,5.294,0.04
302,002960,002960,青鸟消防,2019-07-30,2019-08-09,6000,5400,17.34,12.25,2.4,10.404000000000002,0.04
303,688099,787099,晶晨股份,2019-07-29,2019-08-08,4112,1185,38.5,58.42,0.75,15.948,0.05
304,688188,787188,柏楚电子,2019-07-29,2019-08-08,2500,954,68.58,50.19,0.7,9.724,0.05
305,603662,732662,柯力传感,2019-07-25,2019-08-06,2985,2687,19.83,22.98,1.1,5.919,0.03
306,603530,732530,神马电力,2019-07-24,2019-08-05,4004,3604,5.94,22.98,1.2,2.379,0.04
307,002966,002966,苏州银行,2019-07-18,2019-08-02,33333,30000,7.86,12.01,10.0,26.2,0.13
308,603613,732613,国联股份,2019-07-18,2019-07-30,3521,3169,15.13,22.98,1.4,5.327000000000001,0.03
309,002957,002957,科瑞技术,2019-07-17,2019-07-26,4100,3690,15.1,22.99,1.2,6.191,0.04
310,603279,732279,景津环保,2019-07-17,2019-07-29,4050,3645,13.56,22.98,1.2,5.492000000000001,0.04
311,603687,732687,大胜达,2019-07-16,2019-07-26,5000,4500,7.35,22.97,1.5,3.675,0.04
312,603983,732983,丸美股份,2019-07-16,2019-07-25,4100,3690,20.54,22.99,1.2,8.421,0.04
313,688020,787020,方邦股份,2019-07-12,2019-07-22,2000,762,53.88,38.51,0.55,11.683,0.05
314,688033,787033,天宜上佳,2019-07-12,2019-07-22,4788,1369,20.37,35.32,0.9,7.529,0.05
315,688022,787022,瀚川智能,2019-07-12,2019-07-22,2700,1026,25.79,44.36,0.75,5.315,0.05
316,688028,787028,沃尔德,2019-07-12,2019-07-22,2000,760,26.68,34.12,0.55,4.703,0.05
317,688066,787066,航天宏图,2019-07-12,2019-07-22,4150,1577,17.25,46.15,1.15,6.346,0.05
318,688015,787015,交控科技,2019-07-12,2019-07-22,4000,1365,16.18,43.03,1.0,6.121,0.05
319,688388,787388,嘉元科技,2019-07-12,2019-07-22,5780,2204,28.26,36.98,1.6,10.709000000000001,0.05
320,688122,787122,西部超导,2019-07-11,2019-07-22,4420,1260,15.0,67.8,0.8,8.758,0.06
321,688088,787088,虹软科技,2019-07-11,2019-07-22,4600,1157,28.88,74.41,0.75,11.992,0.05
322,688029,787029,南微医学,2019-07-11,2019-07-22,3334,1282,52.45,39.92,0.95,10.520999999999999,0.05
323,688016,787016,心脉医疗,2019-07-11,2019-07-22,1800,579,46.23,39.75,0.4,7.5360000000000005,0.05
324,300786,300786,国林科技,2019-07-11,2019-07-23,1335,1335,26.02,22.99,1.3,3.4739999999999998,0.01
325,688007,787007,光峰科技,2019-07-10,2019-07-22,6800,1763,17.5,47.89,1.15,11.179,0.06
326,688005,787005,容百科技,2019-07-10,2019-07-22,4500,1287,26.62,58.21,0.85,17.396,0.05
327,688009,787009,中国通号,2019-07-10,2019-07-22,180000,37800,5.85,18.8,25.2,106.84700000000001,0.23
328,688019,787019,安集科技,2019-07-10,2019-07-22,1328,488,39.19,48.26,0.35,3.4189999999999996,0.05
329,688018,787018,乐鑫科技,2019-07-10,2019-07-22,2000,694,62.6,56.67,0.5,11.255999999999998,0.05
330,688333,787333,铂力特,2019-07-10,2019-07-22,2000,570,33.0,68.4,0.35,7.672999999999999,0.05
331,688010,787010,福光股份,2019-07-10,2019-07-22,3880,1468,25.22,49.39,1.05,6.95,0.05
332,688011,787011,新光光电,2019-07-10,2019-07-22,2500,952,38.09,58.32,0.7,9.641,0.05
333,688012,787012,中微公司,2019-07-10,2019-07-22,5349,1530,29.01,148.79,1.0,10.832,0.06
334,603256,732256,宏和科技,2019-07-09,2019-07-19,8780,7902,4.43,22.96,2.6,3.89,0.06
335,688008,787008,澜起科技,2019-07-08,2019-07-22,11298,2373,24.8,40.12,1.55,23.299,0.06
336,603236,732236,移远通信,2019-07-04,2019-07-16,2230,2007,43.93,22.99,0.8,9.796,0.03
337,300783,300783,三只松鼠,2019-07-03,2019-07-12,4100,3690,14.68,22.99,1.2,6.019,0.04
338,688006,787006,杭可科技,2019-07-03,2019-07-22,4100,1173,27.43,39.8,0.75,6.435,0.06
339,300785,300785,值得买,2019-07-03,2019-07-15,1333,1333,28.42,17.45,1.3,3.7889999999999997,0.01
340,688002,787002,睿创微纳,2019-07-02,2019-07-22,6000,1626,20.0,79.09,1.05,5.265,0.06
341,688003,787003,天准科技,2019-07-02,2019-07-22,4840,1844,25.5,57.48,1.35,10.962,0.05
342,688001,787001,华兴源创,2019-06-27,2019-07-22,4010,1146,24.26,41.08,0.75,10.994000000000002,0.06
343,300788,300788,中信出版,2019-06-25,2019-07-05,4754,4278,14.85,15.15,1.9,7.131,0.04
344,601236,780236,红塔证券,2019-06-24,2019-07-05,36400,32760,3.46,35.56,10.9,0.0,0.15
345,601698,780698,中国卫通,2019-06-18,2019-06-28,40000,36000,2.72,26.01,12.0,10.88,0.17
346,603867,732867,新化股份,2019-06-17,2019-06-27,3500,3150,16.29,14.18,1.4,5.702000000000001,0.03
347,600968,730968,海油发展,2019-06-14,2019-06-26,186510,167859,2.04,22.93,55.9,38.048,0.61
348,300594,300594,朗进科技,2019-06-12,2019-06-21,2223,2000,19.02,22.98,0.85,4.228,0.03
349,603863,732863,松炀资源,2019-06-11,2019-06-21,5147,4633,9.95,22.69,2.0,5.122000000000001,0.04
350,603217,732217,元利科技,2019-06-11,2019-06-20,2276,2048,54.96,20.72,0.9,12.509,0.03
351,002956,002956,西麦食品,2019-06-05,2019-06-19,2000,2000,36.66,22.99,2.0,7.332000000000001,0.02
352,603915,732915,国茂股份,2019-06-04,2019-06-14,8438,7594,10.35,22.98,2.5,8.732999999999999,0.06
353,300782,300782,卓胜微,2019-06-04,2019-06-18,2500,2250,35.29,22.99,1.0,8.822000000000001,0.03
354,300781,300781,因赛集团,2019-05-28,2019-06-06,2114,1903,16.53,22.98,0.8,3.4939999999999998,0.03
355,300780,300780,德恩精工,2019-05-22,2019-05-31,3667,3300,11.58,22.99,1.45,4.246,0.03
356,603327,732327,福蓉科技,2019-05-13,2019-05-23,5100,4590,8.45,22.55,1.5,4.309,0.04
357,300779,300779,惠城环保,2019-05-13,2019-05-22,2500,2250,13.59,22.99,1.0,3.397,0.03
358,603982,732982,泉峰汽车,2019-05-10,2019-05-22,5000,4500,9.79,22.98,2.0,4.895,0.04
359,002955,002955,鸿合科技,2019-05-10,2019-05-23,3431,3088,52.41,22.99,1.35,17.982,0.03
360,300775,300775,三角防务,2019-05-10,2019-05-21,4955,4460,5.91,20.29,1.4,2.928,0.04
361,300776,300776,帝尔激光,2019-05-07,2019-05-17,1654,1654,57.71,22.99,1.6,9.543,0.01
362,300777,300777,中简科技,2019-05-06,2019-05-16,4001,3601,6.06,22.98,1.1,2.425,0.04
363,600989,730989,宝丰能源,2019-04-30,2019-05-16,73336,66002,11.12,22.07,22.0,81.55,0.25
364,603267,732267,鸿远电子,2019-04-30,2019-05-15,4134,3721,20.24,16.5,1.6,8.367,0.03
365,300778,300778,新城市,2019-04-25,2019-05-10,2000,2000,27.33,22.99,2.0,5.466,0.02
366,002953,002953,日丰股份,2019-04-24,2019-05-09,4302,3872,10.52,16.34,1.7,4.526,0.03
367,603697,732697,有友食品,2019-04-23,2019-05-08,7950,7155,7.87,13.92,3.1,6.257000000000001,0.05
368,603967,732967,中创物流,2019-04-17,2019-04-29,6667,6000,15.32,22.24,2.6,10.213,0.04
369,300772,300772,运达股份,2019-04-17,2019-04-26,7349,6614,6.52,22.97,2.8,4.792,0.04
370,300773,300773,拉卡拉,2019-04-16,2019-04-25,4001,3601,33.28,22.99,1.2,13.315,0.04
371,300771,300771,智莱科技,2019-04-11,2019-04-22,2500,2250,30.24,14.57,1.0,7.56,0.03
372,300770,300770,新媒股份,2019-04-10,2019-04-19,3210,2889,36.17,22.99,1.25,11.610999999999999,0.03
373,603317,732317,天味食品,2019-04-03,2019-04-16,4132,3719,13.46,22.99,1.2,5.562,0.04
374,300769,300769,德方纳米,2019-04-03,2019-04-15,1069,1069,41.78,21.46,1.0,4.466,0.01
375,603068,732068,博通集成,2019-04-02,2019-04-15,3468,3121,18.63,22.99,1.3,6.461,0.03
376,300768,300768,迪普科技,2019-04-02,2019-04-12,4001,3601,11.23,22.99,1.2,4.493,0.04
377,603379,732379,三美股份,2019-03-21,2019-04-02,5973,5376,32.43,13.06,1.7,19.372,0.05
378,002952,002952,亚世光电,2019-03-18,2019-03-28,1826,1372,31.14,22.99,0.65,4.746,0.02
379,603681,732681,永冠新材,2019-03-14,2019-03-26,4165,3748,10.0,22.98,1.6,4.165,0.04
380,300767,300767,震安科技,2019-03-14,2019-03-29,2000,2000,19.19,13.95,2.0,3.838,0.02
381,002958,002958,青农商行,2019-03-13,2019-03-26,55556,50000,3.96,10.74,16.65,0.0,0.19
382,300765,300765,新诺威,2019-03-13,2019-03-22,5000,4500,24.47,22.99,2.0,12.235,0.04
383,300766,300766,每日互动,2019-03-12,2019-03-25,4010,3609,13.08,22.98,1.2,5.245,0.04
384,300763,300763,锦浪科技,2019-03-08,2019-03-19,2000,2000,26.64,19.68,2.0,5.327999999999999,0.02
385,002951,002951,金时科技,2019-03-06,2019-03-15,4500,4050,9.94,22.99,1.35,4.473,0.04
386,300762,300762,上海瀚讯,2019-03-05,2019-03-14,3336,3002,16.28,22.99,1.3,5.431,0.03
387,002950,002950,奥美医疗,2019-02-27,2019-03-11,4800,4320,11.03,22.03,1.4,5.294,0.04
388,600928,730928,西安银行,2019-02-19,2019-03-01,44444,40000,4.68,10.28,13.3,20.8,0.21
389,300758,300758,七彩化学,2019-02-13,2019-02-22,2668,2401,22.09,22.99,1.05,5.894,0.03
390,002949,002949,华阳国际,2019-02-13,2019-02-26,4903,4413,10.51,22.99,1.95,5.153,0.04
391,603956,732956,威派格,2019-02-12,2019-02-22,4260,3834,5.7,22.97,1.2,2.428,0.05
392,300761,300761,立华股份,2019-01-30,2019-02-18,4128,3715,29.35,16.05,1.2,12.116,0.05
393,601865,780865,福莱特,2019-01-29,2019-02-15,15000,13500,2.0,9.56,4.5,3.0,0.1
394,002947,002947,恒铭达,2019-01-23,2019-02-01,3038,2734,18.72,22.99,1.2,5.687,0.03
395,300755,300755,华致酒行,2019-01-17,2019-01-29,5789,5210,16.79,22.98,2.3,9.72,0.05
396,002946,002946,新乳业,2019-01-16,2019-01-25,8537,7683,5.45,22.96,2.55,4.6530000000000005,0.06
397,603351,732351,威尔药业,2019-01-16,2019-01-30,1667,1667,35.5,22.99,1.6,5.917000000000001,0.02
398,300759,300759,康龙化成,2019-01-15,2019-01-28,6563,5907,7.66,22.99,1.95,5.027,0.06
399,601615,780615,明阳智能,2019-01-11,2019-01-23,27590,24831,4.75,22.96,8.2,13.105,0.15
400,603700,732700,宁水集团,2019-01-10,2019-01-22,3909,3518,16.63,22.98,1.5,6.501,0.04
401,601298,780298,青岛港,2019-01-09,2019-01-21,45438,40894,4.61,10.51,13.6,20.947,0.22
402,002945,002945,华林证券,2019-01-08,2019-01-17,27000,24300,3.62,22.98,8.1,0.0,0.14
403,002948,002948,青岛银行,2019-01-04,2019-01-16,45098,40588,4.52,10.81,13.5,20.384,0.21
404,603332,732332,苏州龙杰,2019-01-04,2019-01-17,2974,2676,19.44,18.95,1.1,5.78,0.04
405,603739,732739,蔚蓝生物,2019-01-03,2019-01-16,3867,3481,10.19,22.99,1.4,3.94,0.04
406,603121,732121,华培动力,2018-12-27,2019-01-11,4500,4050,11.79,22.98,1.8,5.306,0.04
407,300757,300757,罗博特科,2018-12-26,2019-01-08,2000,2000,21.56,20.59,2.0,4.312,0.02
408,603185,732185,上机数控,2018-12-19,2018-12-28,3150,2835,34.1,22.98,1.2,10.742,0.04
409,300756,300756,中山金马,2018-12-19,2018-12-28,1000,1000,53.86,21.35,1.0,5.386,0.01
410,601860,780860,紫金银行,2018-12-18,2019-01-03,36609,32948,3.14,10.85,10.9,11.495,0.19
411,603629,732629,利通电子,2018-12-12,2018-12-24,2500,2250,19.29,22.63,1.0,4.822,0.03
412,300753,300753,爱朋医疗,2018-12-04,2018-12-13,2020,1818,15.8,22.99,0.7,3.1919999999999997,0.03
413,002942,002942,新农股份,2018-11-22,2018-12-05,3000,2700,14.33,22.98,1.2,4.2989999999999995,0.03
414,300752,300752,隆利科技,2018-11-21,2018-11-30,1817,1817,20.87,15.94,1.8,3.7910000000000004,0.02
415,002943,002943,宇晶股份,2018-11-20,2018-11-29,2500,2250,17.61,22.99,1.0,4.402,0.03
416,603187,732187,海容冷链,2018-11-19,2018-11-29,2000,2000,32.25,22.99,2.0,6.45,0.02
417,002941,002941,新疆交建,2018-11-15,2018-11-28,6500,5850,7.18,22.0,1.95,4.667,0.05
418,603220,732220,中贝通信,2018-11-06,2018-11-15,8444,7600,7.85,22.97,3.3,6.629,0.06
419,601319,780319,中国人保,2018-11-06,2018-11-16,180000,91012,3.34,8.87,30.3,0.0,0.44
420,300751,300751,迈为股份,2018-10-31,2018-11-09,1300,1300,56.68,22.99,1.3,7.367999999999999,0.02
421,300674,300674,宇信科技,2018-10-24,2018-11-07,4001,3601,8.36,22.97,1.2,3.345,0.05
422,002939,002939,长城证券,2018-10-17,2018-10-26,31034,27931,6.31,22.98,9.3,19.582,0.16
423,002940,002940,昂利康,2018-10-11,2018-10-23,2250,2025,23.07,22.99,0.9,5.191,0.03
424,601162,780162,天风证券,2018-10-09,2018-10-19,51800,46620,1.79,22.86,15.5,0.0,0.25
425,300760,300760,迈瑞医疗,2018-09-27,2018-10-16,12160,10944,48.8,22.99,3.6,59.341,0.08
426,300694,300694,蠡湖股份,2018-09-27,2018-10-15,5383,4845,9.89,22.98,2.15,5.324,0.04
427,300749,300749,顶固集创,2018-09-13,2018-09-25,2850,2565,12.22,22.99,1.1,3.483,0.03
428,601577,780577,长沙银行,2018-09-12,2018-09-26,34216,30794,7.99,6.97,10.2,27.338,0.17
429,002937,002937,兴瑞科技,2018-09-12,2018-09-26,4600,4140,9.94,22.99,1.8,4.572,0.04
430,603583,732583,捷昌驱动,2018-09-11,2018-09-21,3020,2718,29.17,22.99,1.2,8.809,0.03
431,002936,002936,郑州银行,2018-09-07,2018-09-19,60000,54000,4.59,6.5,18.0,27.54,0.25
432,300748,300748,金力永磁,2018-09-06,2018-09-21,4160,3744,5.39,22.98,1.2,2.242,0.05
433,603810,732810,丰山集团,2018-09-06,2018-09-17,2000,2000,25.43,20.39,2.0,5.086,0.02
434,002938,002938,鹏鼎控股,2018-09-05,2018-09-18,23114,20803,16.07,22.99,6.9,37.145,0.12
435,603790,732790,雅运股份,2018-08-30,2018-09-12,3680,3312,10.98,15.83,1.3,4.041,0.04
436,603297,732297,永新光学,2018-08-29,2018-09-10,2100,1890,25.87,22.99,0.8,5.433,0.03
437,002935,002935,天奥电子,2018-08-23,2018-09-03,2667,2400,19.38,22.99,0.8,5.169,0.03
438,601068,780068,中铝国际,2018-08-21,2018-08-31,29591,26632,3.45,31.86,8.8,10.209,0.15
439,603192,732192,汇得科技,2018-08-16,2018-08-28,2667,2400,19.6,22.99,1.0,5.227,0.03
440,002933,002933,新兴装备,2018-08-15,2018-08-28,2935,2642,22.45,22.99,1.15,6.5889999999999995,0.03
441,603590,732590,康辰药业,2018-08-14,2018-08-27,4000,3600,24.34,22.99,1.6,9.736,0.04
