exchange,cal_date,is_open
SSE,20160101,0
SSE,20160102,0
SSE,20160103,0
SSE,20160104,1
SSE,20160105,1
SSE,20160106,1
SSE,20160107,1
SSE,20160108,1
SSE,20160109,0
SSE,20160110,0
SSE,20160111,1
SSE,20160112,1
SSE,20160113,1
SSE,20160114,1
SSE,20160115,1
SSE,20160116,0
SSE,20160117,0
SSE,20160118,1
SSE,20160119,1
SSE,20160120,1
SSE,20160121,1
SSE,20160122,1
SSE,20160123,0
SSE,20160124,0
SSE,20160125,1
SSE,20160126,1
SSE,20160127,1
SSE,20160128,1
SSE,20160129,1
SSE,20160130,0
SSE,20160131,0
SSE,20160201,1
SSE,20160202,1
SSE,20160203,1
SSE,20160204,1
SSE,20160205,1
SSE,20160206,0
SSE,20160207,0
SSE,20160208,0
SSE,20160209,0
SSE,20160210,0
SSE,20160211,0
SSE,20160212,0
SSE,20160213,0
SSE,20160214,0
SSE,20160215,1
SSE,20160216,1
SSE,20160217,1
SSE,20160218,1
SSE,20160219,1
SSE,20160220,0
SSE,20160221,0
SSE,20160222,1
SSE,20160223,1
SSE,20160224,1
SSE,20160225,1
SSE,20160226,1
SSE,20160227,0
SSE,20160228,0
SSE,20160229,1
SSE,20160301,1
SSE,20160302,1
SSE,20160303,1
SSE,20160304,1
SSE,20160305,0
SSE,20160306,0
SSE,20160307,1
SSE,20160308,1
SSE,20160309,1
SSE,20160310,1
SSE,20160311,1
SSE,20160312,0
SSE,20160313,0
SSE,20160314,1
SSE,20160315,1
SSE,20160316,1
SSE,20160317,1
SSE,20160318,1
SSE,20160319,0
SSE,20160320,0
SSE,20160321,1
SSE,20160322,1
SSE,20160323,1
SSE,20160324,1
SSE,20160325,1
SSE,20160326,0
SSE,20160327,0
SSE,20160328,1
SSE,20160329,1
SSE,20160330,1
SSE,20160331,1
SSE,20160401,1
SSE,20160402,0
SSE,20160403,0
SSE,20160404,0
SSE,20160405,1
SSE,20160406,1
SSE,20160407,1
SSE,20160408,1
SSE,20160409,0
SSE,20160410,0
SSE,20160411,1
SSE,20160412,1
SSE,20160413,1
SSE,20160414,1
SSE,20160415,1
SSE,20160416,0
SSE,20160417,0
SSE,20160418,1
SSE,20160419,1
SSE,20160420,1
SSE,20160421,1
SSE,20160422,1
SSE,20160423,0
SSE,20160424,0
SSE,20160425,1
SSE,20160426,1
SSE,20160427,1
SSE,20160428,1
SSE,20160429,1
SSE,20160430,0
SSE,20160501,0
SSE,20160502,0
SSE,20160503,1
SSE,20160504,1
SSE,20160505,1
SSE,20160506,1
SSE,20160507,0
SSE,20160508,0
SSE,20160509,1
SSE,20160510,1
SSE,20160511,1
SSE,20160512,1
SSE,20160513,1
SSE,20160514,0
SSE,20160515,0
SSE,20160516,1
SSE,20160517,1
SSE,20160518,1
SSE,20160519,1
SSE,20160520,1
SSE,20160521,0
SSE,20160522,0
SSE,20160523,1
SSE,20160524,1
SSE,20160525,1
SSE,20160526,1
SSE,20160527,1
SSE,20160528,0
SSE,20160529,0
SSE,20160530,1
SSE,20160531,1
SSE,20160601,1
SSE,20160602,1
SSE,20160603,1
SSE,20160604,0
SSE,20160605,0
SSE,20160606,1
SSE,20160607,1
SSE,20160608,1
SSE,20160609,0
SSE,20160610,0
SSE,20160611,0
SSE,20160612,0
SSE,20160613,1
SSE,20160614,1
SSE,20160615,1
SSE,20160616,1
SSE,20160617,1
SSE,20160618,0
SSE,20160619,0
SSE,20160620,1
SSE,20160621,1
SSE,20160622,1
SSE,20160623,1
SSE,20160624,1
SSE,20160625,0
SSE,20160626,0
SSE,20160627,1
SSE,20160628,1
SSE,20160629,1
SSE,20160630,1
SSE,20160701,1
SSE,20160702,0
SSE,20160703,0
SSE,20160704,1
SSE,20160705,1
SSE,20160706,1
SSE,20160707,1
SSE,20160708,1
SSE,20160709,0
SSE,20160710,0
SSE,20160711,1
SSE,20160712,1
SSE,20160713,1
SSE,20160714,1
SSE,20160715,1
SSE,20160716,0
SSE,20160717,0
SSE,20160718,1
SSE,20160719,1
SSE,20160720,1
SSE,20160721,1
SSE,20160722,1
SSE,20160723,0
SSE,20160724,0
SSE,20160725,1
SSE,20160726,1
SSE,20160727,1
SSE,20160728,1
SSE,20160729,1
SSE,20160730,0
SSE,20160731,0
SSE,20160801,1
SSE,20160802,1
SSE,20160803,1
SSE,20160804,1
SSE,20160805,1
SSE,20160806,0
SSE,20160807,0
SSE,20160808,1
SSE,20160809,1
SSE,20160810,1
SSE,20160811,1
SSE,20160812,1
SSE,20160813,0
SSE,20160814,0
SSE,20160815,1
SSE,20160816,1
SSE,20160817,1
SSE,20160818,1
SSE,20160819,1
SSE,20160820,0
SSE,20160821,0
SSE,20160822,1
SSE,20160823,1
SSE,20160824,1
SSE,20160825,1
SSE,20160826,1
SSE,20160827,0
SSE,20160828,0
SSE,20160829,1
SSE,20160830,1
SSE,20160831,1
SSE,20160901,1
SSE,20160902,1
SSE,20160903,0
SSE,20160904,0
SSE,20160905,1
SSE,20160906,1
SSE,20160907,1
SSE,20160908,1
SSE,20160909,1
SSE,20160910,0
SSE,20160911,0
SSE,20160912,1
SSE,20160913,1
SSE,20160914,1
SSE,20160915,0
SSE,20160916,0
SSE,20160917,0
SSE,20160918,0
SSE,20160919,1
SSE,20160920,1
SSE,20160921,1
SSE,20160922,1
SSE,20160923,1
SSE,20160924,0
SSE,20160925,0
SSE,20160926,1
SSE,20160927,1
SSE,20160928,1
SSE,20160929,1
SSE,20160930,1
SSE,20161001,0
SSE,20161002,0
SSE,20161003,0
SSE,20161004,0
SSE,20161005,0
SSE,20161006,0
SSE,20161007,0
SSE,20161008,0
SSE,20161009,0
SSE,20161010,1
SSE,20161011,1
SSE,20161012,1
SSE,20161013,1
SSE,20161014,1
SSE,20161015,0
SSE,20161016,0
SSE,20161017,1
SSE,20161018,1
SSE,20161019,1
SSE,20161020,1
SSE,20161021,1
SSE,20161022,0
SSE,20161023,0
SSE,20161024,1
SSE,20161025,1
SSE,20161026,1
SSE,20161027,1
SSE,20161028,1
SSE,20161029,0
SSE,20161030,0
SSE,20161031,1
SSE,20161101,1
SSE,20161102,1
SSE,20161103,1
SSE,20161104,1
SSE,20161105,0
SSE,20161106,0
SSE,20161107,1
SSE,20161108,1
SSE,20161109,1
SSE,20161110,1
SSE,20161111,1
SSE,20161112,0
SSE,20161113,0
SSE,20161114,1
SSE,20161115,1
SSE,20161116,1
SSE,20161117,1
SSE,20161118,1
SSE,20161119,0
SSE,20161120,0
SSE,20161121,1
SSE,20161122,1
SSE,20161123,1
SSE,20161124,1
SSE,20161125,1
SSE,20161126,0
SSE,20161127,0
SSE,20161128,1
SSE,20161129,1
SSE,20161130,1
SSE,20161201,1
SSE,20161202,1
SSE,20161203,0
SSE,20161204,0
SSE,20161205,1
SSE,20161206,1
SSE,20161207,1
SSE,20161208,1
SSE,20161209,1
SSE,20161210,0
SSE,20161211,0
SSE,20161212,1
SSE,20161213,1
SSE,20161214,1
SSE,20161215,1
SSE,20161216,1
SSE,20161217,0
SSE,20161218,0
SSE,20161219,1
SSE,20161220,1
SSE,20161221,1
SSE,20161222,1
SSE,20161223,1
SSE,20161224,0
SSE,20161225,0
SSE,20161226,1
SSE,20161227,1
SSE,20161228,1
SSE,20161229,1
SSE,20161230,1
SSE,20161231,0
SSE,20170101,0
SSE,20170102,0
SSE,20170103,1
SSE,20170104,1
SSE,20170105,1
SSE,20170106,1
SSE,20170107,0
SSE,20170108,0
SSE,20170109,1
SSE,20170110,1
SSE,20170111,1
SSE,20170112,1
SSE,20170113,1
SSE,20170114,0
SSE,20170115,0
SSE,20170116,1
SSE,20170117,1
SSE,20170118,1
SSE,20170119,1
SSE,20170120,1
SSE,20170121,0
SSE,20170122,0
SSE,20170123,1
SSE,20170124,1
SSE,20170125,1
SSE,20170126,1
SSE,20170127,0
SSE,20170128,0
SSE,20170129,0
SSE,20170130,0
SSE,20170131,0
SSE,20170201,0
SSE,20170202,0
SSE,20170203,1
SSE,20170204,0
SSE,20170205,0
SSE,20170206,1
SSE,20170207,1
SSE,20170208,1
SSE,20170209,1
SSE,20170210,1
SSE,20170211,0
SSE,20170212,0
SSE,20170213,1
SSE,20170214,1
SSE,20170215,1
SSE,20170216,1
SSE,20170217,1
SSE,20170218,0
SSE,20170219,0
SSE,20170220,1
SSE,20170221,1
SSE,20170222,1
SSE,20170223,1
SSE,20170224,1
SSE,20170225,0
SSE,20170226,0
SSE,20170227,1
SSE,20170228,1
SSE,20170301,1
SSE,20170302,1
SSE,20170303,1
SSE,20170304,0
SSE,20170305,0
SSE,20170306,1
SSE,20170307,1
SSE,20170308,1
SSE,20170309,1
SSE,20170310,1
SSE,20170311,0
SSE,20170312,0
SSE,20170313,1
SSE,20170314,1
SSE,20170315,1
SSE,20170316,1
SSE,20170317,1
SSE,20170318,0
SSE,20170319,0
SSE,20170320,1
SSE,20170321,1
SSE,20170322,1
SSE,20170323,1
SSE,20170324,1
SSE,20170325,0
SSE,20170326,0
SSE,20170327,1
SSE,20170328,1
SSE,20170329,1
SSE,20170330,1
SSE,20170331,1
SSE,20170401,0
SSE,20170402,0
SSE,20170403,0
SSE,20170404,0
SSE,20170405,1
SSE,20170406,1
SSE,20170407,1
SSE,20170408,0
SSE,20170409,0
SSE,20170410,1
SSE,20170411,1
SSE,20170412,1
SSE,20170413,1
SSE,20170414,1
SSE,20170415,0
SSE,20170416,0
SSE,20170417,1
SSE,20170418,1
SSE,20170419,1
SSE,20170420,1
SSE,20170421,1
SSE,20170422,0
SSE,20170423,0
SSE,20170424,1
SSE,20170425,1
SSE,20170426,1
SSE,20170427,1
SSE,20170428,1
SSE,20170429,0
SSE,20170430,0
SSE,20170501,0
SSE,20170502,1
SSE,20170503,1
SSE,20170504,1
SSE,20170505,1
SSE,20170506,0
SSE,20170507,0
SSE,20170508,1
SSE,20170509,1
SSE,20170510,1
SSE,20170511,1
SSE,20170512,1
SSE,20170513,0
SSE,20170514,0
SSE,20170515,1
SSE,20170516,1
SSE,20170517,1
SSE,20170518,1
SSE,20170519,1
SSE,20170520,0
SSE,20170521,0
SSE,20170522,1
SSE,20170523,1
SSE,20170524,1
SSE,20170525,1
SSE,20170526,1
SSE,20170527,0
SSE,20170528,0
SSE,20170529,0
SSE,20170530,0
SSE,20170531,1
SSE,20170601,1
SSE,20170602,1
SSE,20170603,0
SSE,20170604,0
SSE,20170605,1
SSE,20170606,1
SSE,20170607,1
SSE,20170608,1
SSE,20170609,1
SSE,20170610,0
SSE,20170611,0
SSE,20170612,1
SSE,20170613,1
SSE,20170614,1
SSE,20170615,1
SSE,20170616,1
SSE,20170617,0
SSE,20170618,0
SSE,20170619,1
SSE,20170620,1
SSE,20170621,1
SSE,20170622,1
SSE,20170623,1
SSE,20170624,0
SSE,20170625,0
SSE,20170626,1
SSE,20170627,1
SSE,20170628,1
SSE,20170629,1
SSE,20170630,1
SSE,20170701,0
SSE,20170702,0
SSE,20170703,1
SSE,20170704,1
SSE,20170705,1
SSE,20170706,1
SSE,20170707,1
SSE,20170708,0
SSE,20170709,0
SSE,20170710,1
SSE,20170711,1
SSE,20170712,1
SSE,20170713,1
SSE,20170714,1
SSE,20170715,0
SSE,20170716,0
SSE,20170717,1
SSE,20170718,1
SSE,20170719,1
SSE,20170720,1
SSE,20170721,1
SSE,20170722,0
SSE,20170723,0
SSE,20170724,1
SSE,20170725,1
SSE,20170726,1
SSE,20170727,1
SSE,20170728,1
SSE,20170729,0
SSE,20170730,0
SSE,20170731,1
SSE,20170801,1
SSE,20170802,1
SSE,20170803,1
SSE,20170804,1
SSE,20170805,0
SSE,20170806,0
SSE,20170807,1
SSE,20170808,1
SSE,20170809,1
SSE,20170810,1
SSE,20170811,1
SSE,20170812,0
SSE,20170813,0
SSE,20170814,1
SSE,20170815,1
SSE,20170816,1
SSE,20170817,1
SSE,20170818,1
SSE,20170819,0
SSE,20170820,0
SSE,20170821,1
SSE,20170822,1
SSE,20170823,1
SSE,20170824,1
SSE,20170825,1
SSE,20170826,0
SSE,20170827,0
SSE,20170828,1
SSE,20170829,1
SSE,20170830,1
SSE,20170831,1
SSE,20170901,1
SSE,20170902,0
SSE,20170903,0
SSE,20170904,1
SSE,20170905,1
SSE,20170906,1
SSE,20170907,1
SSE,20170908,1
SSE,20170909,0
SSE,20170910,0
SSE,20170911,1
SSE,20170912,1
SSE,20170913,1
SSE,20170914,1
SSE,20170915,1
SSE,20170916,0
SSE,20170917,0
SSE,20170918,1
SSE,20170919,1
SSE,20170920,1
SSE,20170921,1
SSE,20170922,1
SSE,20170923,0
SSE,20170924,0
SSE,20170925,1
SSE,20170926,1
SSE,20170927,1
SSE,20170928,1
SSE,20170929,1
SSE,20170930,0
SSE,20171001,0
SSE,20171002,0
SSE,20171003,0
SSE,20171004,0
SSE,20171005,0
SSE,20171006,0
SSE,20171007,0
SSE,20171008,0
SSE,20171009,1
SSE,20171010,1
SSE,20171011,1
SSE,20171012,1
SSE,20171013,1
SSE,20171014,0
SSE,20171015,0
SSE,20171016,1
SSE,20171017,1
SSE,20171018,1
SSE,20171019,1
SSE,20171020,1
SSE,20171021,0
SSE,20171022,0
SSE,20171023,1
SSE,20171024,1
SSE,20171025,1
SSE,20171026,1
SSE,20171027,1
SSE,20171028,0
SSE,20171029,0
SSE,20171030,1
SSE,20171031,1
SSE,20171101,1
SSE,20171102,1
SSE,20171103,1
SSE,20171104,0
SSE,20171105,0
SSE,20171106,1
SSE,20171107,1
SSE,20171108,1
SSE,20171109,1
SSE,20171110,1
SSE,20171111,0
SSE,20171112,0
SSE,20171113,1
SSE,20171114,1
SSE,20171115,1
SSE,20171116,1
SSE,20171117,1
SSE,20171118,0
SSE,20171119,0
SSE,20171120,1
SSE,20171121,1
SSE,20171122,1
SSE,20171123,1
SSE,20171124,1
SSE,20171125,0
SSE,20171126,0
SSE,20171127,1
SSE,20171128,1
SSE,20171129,1
SSE,20171130,1
SSE,20171201,1
SSE,20171202,0
SSE,20171203,0
SSE,20171204,1
SSE,20171205,1
SSE,20171206,1
SSE,20171207,1
SSE,20171208,1
SSE,20171209,0
SSE,20171210,0
SSE,20171211,1
SSE,20171212,1
SSE,20171213,1
SSE,20171214,1
SSE,20171215,1
SSE,20171216,0
SSE,20171217,0
SSE,20171218,1
SSE,20171219,1
SSE,20171220,1
SSE,20171221,1
SSE,20171222,1
SSE,20171223,0
SSE,20171224,0
SSE,20171225,1
SSE,20171226,1
SSE,20171227,1
SSE,20171228,1
SSE,20171229,1
SSE,20171230,0
SSE,20171231,0
SSE,20180101,0
SSE,20180102,1
SSE,20180103,1
SSE,20180104,1
SSE,20180105,1
SSE,20180106,0
SSE,20180107,0
SSE,20180108,1
SSE,20180109,1
SSE,20180110,1
SSE,20180111,1
SSE,20180112,1
SSE,20180113,0
SSE,20180114,0
SSE,20180115,1
SSE,20180116,1
SSE,20180117,1
SSE,20180118,1
SSE,20180119,1
SSE,20180120,0
SSE,20180121,0
SSE,20180122,1
SSE,20180123,1
SSE,20180124,1
SSE,20180125,1
SSE,20180126,1
SSE,20180127,0
SSE,20180128,0
SSE,20180129,1
SSE,20180130,1
SSE,20180131,1
SSE,20180201,1
SSE,20180202,1
SSE,20180203,0
SSE,20180204,0
SSE,20180205,1
SSE,20180206,1
SSE,20180207,1
SSE,20180208,1
SSE,20180209,1
SSE,20180210,0
SSE,20180211,0
SSE,20180212,1
SSE,20180213,1
SSE,20180214,1
SSE,20180215,0
SSE,20180216,0
SSE,20180217,0
SSE,20180218,0
SSE,20180219,0
SSE,20180220,0
SSE,20180221,0
SSE,20180222,1
SSE,20180223,1
SSE,20180224,0
SSE,20180225,0
SSE,20180226,1
SSE,20180227,1
SSE,20180228,1
SSE,20180301,1
SSE,20180302,1
SSE,20180303,0
SSE,20180304,0
SSE,20180305,1
SSE,20180306,1
SSE,20180307,1
SSE,20180308,1
SSE,20180309,1
SSE,20180310,0
SSE,20180311,0
SSE,20180312,1
SSE,20180313,1
SSE,20180314,1
SSE,20180315,1
SSE,20180316,1
SSE,20180317,0
SSE,20180318,0
SSE,20180319,1
SSE,20180320,1
SSE,20180321,1
SSE,20180322,1
SSE,20180323,1
SSE,20180324,0
SSE,20180325,0
SSE,20180326,1
SSE,20180327,1
SSE,20180328,1
SSE,20180329,1
SSE,20180330,1
SSE,20180331,0
SSE,20180401,0
SSE,20180402,1
SSE,20180403,1
SSE,20180404,1
SSE,20180405,0
SSE,20180406,0
SSE,20180407,0
SSE,20180408,0
SSE,20180409,1
SSE,20180410,1
SSE,20180411,1
SSE,20180412,1
SSE,20180413,1
SSE,20180414,0
SSE,20180415,0
SSE,20180416,1
SSE,20180417,1
SSE,20180418,1
SSE,20180419,1
SSE,20180420,1
SSE,20180421,0
SSE,20180422,0
SSE,20180423,1
SSE,20180424,1
SSE,20180425,1
SSE,20180426,1
SSE,20180427,1
SSE,20180428,0
SSE,20180429,0
SSE,20180430,0
SSE,20180501,0
SSE,20180502,1
SSE,20180503,1
SSE,20180504,1
SSE,20180505,0
SSE,20180506,0
SSE,20180507,1
SSE,20180508,1
SSE,20180509,1
SSE,20180510,1
SSE,20180511,1
SSE,20180512,0
SSE,20180513,0
SSE,20180514,1
SSE,20180515,1
SSE,20180516,1
SSE,20180517,1
SSE,20180518,1
SSE,20180519,0
SSE,20180520,0
SSE,20180521,1
SSE,20180522,1
SSE,20180523,1
SSE,20180524,1
SSE,20180525,1
SSE,20180526,0
SSE,20180527,0
SSE,20180528,1
SSE,20180529,1
SSE,20180530,1
SSE,20180531,1
SSE,20180601,1
SSE,20180602,0
SSE,20180603,0
SSE,20180604,1
SSE,20180605,1
SSE,20180606,1
SSE,20180607,1
SSE,20180608,1
SSE,20180609,0
SSE,20180610,0
SSE,20180611,1
SSE,20180612,1
SSE,20180613,1
SSE,20180614,1
SSE,20180615,1
SSE,20180616,0
SSE,20180617,0
SSE,20180618,0
SSE,20180619,1
SSE,20180620,1
SSE,20180621,1
SSE,20180622,1
SSE,20180623,0
SSE,20180624,0
SSE,20180625,1
SSE,20180626,1
SSE,20180627,1
SSE,20180628,1
SSE,20180629,1
SSE,20180630,0
SSE,20180701,0
SSE,20180702,1
SSE,20180703,1
SSE,20180704,1
SSE,20180705,1
SSE,20180706,1
SSE,20180707,0
SSE,20180708,0
SSE,20180709,1
SSE,20180710,1
SSE,20180711,1
SSE,20180712,1
SSE,20180713,1
SSE,20180714,0
SSE,20180715,0
SSE,20180716,1
SSE,20180717,1
SSE,20180718,1
SSE,20180719,1
SSE,20180720,1
SSE,20180721,0
SSE,20180722,0
SSE,20180723,1
SSE,20180724,1
SSE,20180725,1
SSE,20180726,1
SSE,20180727,1
SSE,20180728,0
SSE,20180729,0
SSE,20180730,1
SSE,20180731,1
SSE,20180801,1
SSE,20180802,1
SSE,20180803,1
SSE,20180804,0
SSE,20180805,0
SSE,20180806,1
SSE,20180807,1
SSE,20180808,1
SSE,20180809,1
SSE,20180810,1
SSE,20180811,0
SSE,20180812,0
SSE,20180813,1
SSE,20180814,1
SSE,20180815,1
SSE,20180816,1
SSE,20180817,1
SSE,20180818,0
SSE,20180819,0
SSE,20180820,1
SSE,20180821,1
SSE,20180822,1
SSE,20180823,1
SSE,20180824,1
SSE,20180825,0
SSE,20180826,0
SSE,20180827,1
SSE,20180828,1
SSE,20180829,1
SSE,20180830,1
SSE,20180831,1
SSE,20180901,0
SSE,20180902,0
SSE,20180903,1
SSE,20180904,1
SSE,20180905,1
SSE,20180906,1
SSE,20180907,1
SSE,20180908,0
SSE,20180909,0
SSE,20180910,1
SSE,20180911,1
SSE,20180912,1
SSE,20180913,1
SSE,20180914,1
SSE,20180915,0
SSE,20180916,0
SSE,20180917,1
SSE,20180918,1
SSE,20180919,1
SSE,20180920,1
SSE,20180921,1
SSE,20180922,0
SSE,20180923,0
SSE,20180924,0
SSE,20180925,1
SSE,20180926,1
SSE,20180927,1
SSE,20180928,1
SSE,20180929,0
SSE,20180930,0
SSE,20181001,0
SSE,20181002,0
SSE,20181003,0
SSE,20181004,0
SSE,20181005,0
SSE,20181006,0
SSE,20181007,0
SSE,20181008,1
SSE,20181009,1
SSE,20181010,1
SSE,20181011,1
SSE,20181012,1
SSE,20181013,0
SSE,20181014,0
SSE,20181015,1
SSE,20181016,1
SSE,20181017,1
SSE,20181018,1
SSE,20181019,1
SSE,20181020,0
SSE,20181021,0
SSE,20181022,1
SSE,20181023,1
SSE,20181024,1
SSE,20181025,1
SSE,20181026,1
SSE,20181027,0
SSE,20181028,0
SSE,20181029,1
SSE,20181030,1
SSE,20181031,1
SSE,20181101,1
SSE,20181102,1
SSE,20181103,0
SSE,20181104,0
SSE,20181105,1
SSE,20181106,1
SSE,20181107,1
SSE,20181108,1
SSE,20181109,1
SSE,20181110,0
SSE,20181111,0
SSE,20181112,1
SSE,20181113,1
SSE,20181114,1
SSE,20181115,1
SSE,20181116,1
SSE,20181117,0
SSE,20181118,0
SSE,20181119,1
SSE,20181120,1
SSE,20181121,1
SSE,20181122,1
SSE,20181123,1
SSE,20181124,0
SSE,20181125,0
SSE,20181126,1
SSE,20181127,1
SSE,20181128,1
SSE,20181129,1
SSE,20181130,1
SSE,20181201,0
SSE,20181202,0
SSE,20181203,1
SSE,20181204,1
SSE,20181205,1
SSE,20181206,1
SSE,20181207,1
SSE,20181208,0
SSE,20181209,0
SSE,20181210,1
SSE,20181211,1
SSE,20181212,1
SSE,20181213,1
SSE,20181214,1
SSE,20181215,0
SSE,20181216,0
SSE,20181217,1
SSE,20181218,1
SSE,20181219,1
SSE,20181220,1
SSE,20181221,1
SSE,20181222,0
SSE,20181223,0
SSE,20181224,1
SSE,20181225,1
SSE,20181226,1
SSE,20181227,1
SSE,20181228,1
SSE,20181229,0
SSE,20181230,0
SSE,20181231,0
SSE,20190101,0
SSE,20190102,1
SSE,20190103,1
SSE,20190104,1
SSE,20190105,0
SSE,20190106,0
SSE,20190107,1
SSE,20190108,1
SSE,20190109,1
SSE,20190110,1
SSE,20190111,1
SSE,20190112,0
SSE,20190113,0
SSE,20190114,1
SSE,20190115,1
SSE,20190116,1
SSE,20190117,1
SSE,20190118,1
SSE,20190119,0
SSE,20190120,0
SSE,20190121,1
SSE,20190122,1
SSE,20190123,1
SSE,20190124,1
SSE,20190125,1
SSE,20190126,0
SSE,20190127,0
SSE,20190128,1
SSE,20190129,1
SSE,20190130,1
SSE,20190131,1
SSE,20190201,1
SSE,20190202,0
SSE,20190203,0
SSE,20190204,0
SSE,20190205,0
SSE,20190206,0
SSE,20190207,0
SSE,20190208,0
SSE,20190209,0
SSE,20190210,0
SSE,20190211,1
SSE,20190212,1
SSE,20190213,1
SSE,20190214,1
SSE,20190215,1
SSE,20190216,0
SSE,20190217,0
SSE,20190218,1
SSE,20190219,1
SSE,20190220,1
SSE,20190221,1
SSE,20190222,1
SSE,20190223,0
SSE,20190224,0
SSE,20190225,1
SSE,20190226,1
SSE,20190227,1
SSE,20190228,1
SSE,20190301,1
SSE,20190302,0
SSE,20190303,0
SSE,20190304,1
SSE,20190305,1
SSE,20190306,1
SSE,20190307,1
SSE,20190308,1
SSE,20190309,0
SSE,20190310,0
SSE,20190311,1
SSE,20190312,1
SSE,20190313,1
SSE,20190314,1
SSE,20190315,1
SSE,20190316,0
SSE,20190317,0
SSE,20190318,1
SSE,20190319,1
SSE,20190320,1
SSE,20190321,1
SSE,20190322,1
SSE,20190323,0
SSE,20190324,0
SSE,20190325,1
SSE,20190326,1
SSE,20190327,1
SSE,20190328,1
SSE,20190329,1
SSE,20190330,0
SSE,20190331,0
SSE,20190401,1
SSE,20190402,1
SSE,20190403,1
SSE,20190404,1
SSE,20190405,0
SSE,20190406,0
SSE,20190407,0
SSE,20190408,1
SSE,20190409,1
SSE,20190410,1
SSE,20190411,1
SSE,20190412,1
SSE,20190413,0
SSE,20190414,0
SSE,20190415,1
SSE,20190416,1
SSE,20190417,1
SSE,20190418,1
SSE,20190419,1
SSE,20190420,0
SSE,20190421,0
SSE,20190422,1
SSE,20190423,1
SSE,20190424,1
SSE,20190425,1
SSE,20190426,1
SSE,20190427,0
SSE,20190428,0
SSE,20190429,1
SSE,20190430,1
SSE,20190501,0
SSE,20190502,0
SSE,20190503,0
SSE,20190504,0
SSE,20190505,0
SSE,20190506,1
SSE,20190507,1
SSE,20190508,1
SSE,20190509,1
SSE,20190510,1
SSE,20190511,0
SSE,20190512,0
SSE,20190513,1
SSE,20190514,1
SSE,20190515,1
SSE,20190516,1
SSE,20190517,1
SSE,20190518,0
SSE,20190519,0
SSE,20190520,1
SSE,20190521,1
SSE,20190522,1
SSE,20190523,1
SSE,20190524,1
SSE,20190525,0
SSE,20190526,0
SSE,20190527,1
SSE,20190528,1
SSE,20190529,1
SSE,20190530,1
SSE,20190531,1
SSE,20190601,0
SSE,20190602,0
SSE,20190603,1
SSE,20190604,1
SSE,20190605,1
SSE,20190606,1
SSE,20190607,0
SSE,20190608,0
SSE,20190609,0
SSE,20190610,1
SSE,20190611,1
SSE,20190612,1
SSE,20190613,1
SSE,20190614,1
SSE,20190615,0
SSE,20190616,0
SSE,20190617,1
SSE,20190618,1
SSE,20190619,1
SSE,20190620,1
SSE,20190621,1
SSE,20190622,0
SSE,20190623,0
SSE,20190624,1
SSE,20190625,1
SSE,20190626,1
SSE,20190627,1
SSE,20190628,1
SSE,20190629,0
SSE,20190630,0
SSE,20190701,1
SSE,20190702,1
SSE,20190703,1
SSE,20190704,1
SSE,20190705,1
SSE,20190706,0
SSE,20190707,0
SSE,20190708,1
SSE,20190709,1
SSE,20190710,1
SSE,20190711,1
SSE,20190712,1
SSE,20190713,0
SSE,20190714,0
SSE,20190715,1
SSE,20190716,1
SSE,20190717,1
SSE,20190718,1
SSE,20190719,1
SSE,20190720,0
SSE,20190721,0
SSE,20190722,1
SSE,20190723,1
SSE,20190724,1
SSE,20190725,1
SSE,20190726,1
SSE,20190727,0
SSE,20190728,0
SSE,20190729,1
SSE,20190730,1
SSE,20190731,1
SSE,20190801,1
SSE,20190802,1
SSE,20190803,0
SSE,20190804,0
SSE,20190805,1
SSE,20190806,1
SSE,20190807,1
SSE,20190808,1
SSE,20190809,1
SSE,20190810,0
SSE,20190811,0
SSE,20190812,1
SSE,20190813,1
SSE,20190814,1
SSE,20190815,1
SSE,20190816,1
SSE,20190817,0
SSE,20190818,0
SSE,20190819,1
SSE,20190820,1
SSE,20190821,1
SSE,20190822,1
SSE,20190823,1
SSE,20190824,0
SSE,20190825,0
SSE,20190826,1
SSE,20190827,1
SSE,20190828,1
SSE,20190829,1
SSE,20190830,1
SSE,20190831,0
SSE,20190901,0
SSE,20190902,1
SSE,20190903,1
SSE,20190904,1
SSE,20190905,1
SSE,20190906,1
SSE,20190907,0
SSE,20190908,0
SSE,20190909,1
SSE,20190910,1
SSE,20190911,1
SSE,20190912,1
SSE,20190913,0
SSE,20190914,0
SSE,20190915,0
SSE,20190916,1
SSE,20190917,1
SSE,20190918,1
SSE,20190919,1
SSE,20190920,1
SSE,20190921,0
SSE,20190922,0
SSE,20190923,1
SSE,20190924,1
SSE,20190925,1
SSE,20190926,1
SSE,20190927,1
SSE,20190928,0
SSE,20190929,0
SSE,20190930,1
SSE,20191001,0
SSE,20191002,0
SSE,20191003,0
SSE,20191004,0
SSE,20191005,0
SSE,20191006,0
SSE,20191007,0
SSE,20191008,1
SSE,20191009,1
SSE,20191010,1
SSE,20191011,1
SSE,20191012,0
SSE,20191013,0
SSE,20191014,1
SSE,20191015,1
SSE,20191016,1
SSE,20191017,1
SSE,20191018,1
SSE,20191019,0
SSE,20191020,0
SSE,20191021,1
SSE,20191022,1
SSE,20191023,1
SSE,20191024,1
SSE,20191025,1
SSE,20191026,0
SSE,20191027,0
SSE,20191028,1
SSE,20191029,1
SSE,20191030,1
SSE,20191031,1
SSE,20191101,1
SSE,20191102,0
SSE,20191103,0
SSE,20191104,1
SSE,20191105,1
SSE,20191106,1
SSE,20191107,1
SSE,20191108,1
SSE,20191109,0
SSE,20191110,0
SSE,20191111,1
SSE,20191112,1
SSE,20191113,1
SSE,20191114,1
SSE,20191115,1
SSE,20191116,0
SSE,20191117,0
SSE,20191118,1
SSE,20191119,1
SSE,20191120,1
SSE,20191121,1
SSE,20191122,1
SSE,20191123,0
SSE,20191124,0
SSE,20191125,1
SSE,20191126,1
SSE,20191127,1
SSE,20191128,1
SSE,20191129,1
SSE,20191130,0
SSE,20191201,0
SSE,20191202,1
SSE,20191203,1
SSE,20191204,1
SSE,20191205,1
SSE,20191206,1
SSE,20191207,0
SSE,20191208,0
SSE,20191209,1
SSE,20191210,1
SSE,20191211,1
SSE,20191212,1
SSE,20191213,1
SSE,20191214,0
SSE,20191215,0
SSE,20191216,1
SSE,20191217,1
SSE,20191218,1
SSE,20191219,1
SSE,20191220,1
SSE,20191221,0
SSE,20191222,0
SSE,20191223,1
SSE,20191224,1
SSE,20191225,1
SSE,20191226,1
SSE,20191227,1
SSE,20191228,0
SSE,20191229,0
SSE,20191230,1
SSE,20191231,1
SSE,20200101,0
SSE,20200102,1
SSE,20200103,1
SSE,20200104,0
SSE,20200105,0
SSE,20200106,1
SSE,20200107,1
SSE,20200108,1
SSE,20200109,1
SSE,20200110,1
SSE,20200111,0
SSE,20200112,0
SSE,20200113,1
SSE,20200114,1
SSE,20200115,1
SSE,20200116,1
SSE,20200117,1
SSE,20200118,0
SSE,20200119,0
SSE,20200120,1
SSE,20200121,1
SSE,20200122,1
SSE,20200123,1
SSE,20200124,0
SSE,20200125,0
SSE,20200126,0
SSE,20200127,0
SSE,20200128,0
SSE,20200129,0
SSE,20200130,0
SSE,20200131,0
SSE,20200201,0
SSE,20200202,0
SSE,20200203,1
SSE,20200204,1
SSE,20200205,1
SSE,20200206,1
SSE,20200207,1
SSE,20200208,0
SSE,20200209,0
SSE,20200210,1
SSE,20200211,1
SSE,20200212,1
SSE,20200213,1
SSE,20200214,1
SSE,20200215,0
SSE,20200216,0
SSE,20200217,1
SSE,20200218,1
SSE,20200219,1
SSE,20200220,1
SSE,20200221,1
SSE,20200222,0
SSE,20200223,0
SSE,20200224,1
SSE,20200225,1
SSE,20200226,1
SSE,20200227,1
SSE,20200228,1
SSE,20200229,0
SSE,20200301,0
SSE,20200302,1
SSE,20200303,1
SSE,20200304,1
SSE,20200305,1
SSE,20200306,1
SSE,20200307,0
SSE,20200308,0
SSE,20200309,1
SSE,20200310,1
SSE,20200311,1
SSE,20200312,1
SSE,20200313,1
SSE,20200314,0
SSE,20200315,0
SSE,20200316,1
SSE,20200317,1
SSE,20200318,1
SSE,20200319,1
SSE,20200320,1
SSE,20200321,0
SSE,20200322,0
SSE,20200323,1
SSE,20200324,1
SSE,20200325,1
SSE,20200326,1
SSE,20200327,1
SSE,20200328,0
SSE,20200329,0
SSE,20200330,1
SSE,20200331,1
SSE,20200401,1
SSE,20200402,1
SSE,20200403,1
SSE,20200404,0
SSE,20200405,0
SSE,20200406,0
SSE,20200407,1
SSE,20200408,1
SSE,20200409,1
SSE,20200410,1
SSE,20200411,0
SSE,20200412,0
SSE,20200413,1
SSE,20200414,1
SSE,20200415,1
SSE,20200416,1
SSE,20200417,1
SSE,20200418,0
SSE,20200419,0
SSE,20200420,1
SSE,20200421,1
SSE,20200422,1
SSE,20200423,1
SSE,20200424,1
SSE,20200425,0
SSE,20200426,0
SSE,20200427,1
SSE,20200428,1
SSE,20200429,1
SSE,20200430,1
SSE,20200501,0
SSE,20200502,0
SSE,20200503,0
SSE,20200504,0
SSE,20200505,0
SSE,20200506,1
SSE,20200507,1
SSE,20200508,1
SSE,20200509,0
SSE,20200510,0
SSE,20200511,1
SSE,20200512,1
SSE,20200513,1
SSE,20200514,1
SSE,20200515,1
SSE,20200516,0
SSE,20200517,0
SSE,20200518,1
SSE,20200519,1
SSE,20200520,1
SSE,20200521,1
SSE,20200522,1
SSE,20200523,0
SSE,20200524,0
SSE,20200525,1
SSE,20200526,1
SSE,20200527,1
SSE,20200528,1
SSE,20200529,1
SSE,20200530,0
SSE,20200531,0
SSE,20200601,1
SSE,20200602,1
SSE,20200603,1
SSE,20200604,1
SSE,20200605,1
SSE,20200606,0
SSE,20200607,0
SSE,20200608,1
SSE,20200609,1
SSE,20200610,1
SSE,20200611,1
SSE,20200612,1
SSE,20200613,0
SSE,20200614,0
SSE,20200615,1
SSE,20200616,1
SSE,20200617,1
SSE,20200618,1
SSE,20200619,1
SSE,20200620,0
SSE,20200621,0
SSE,20200622,1
SSE,20200623,1
SSE,20200624,1
SSE,20200625,0
SSE,20200626,0
SSE,20200627,0
SSE,20200628,0
SSE,20200629,1
SSE,20200630,1
SSE,20200701,1
SSE,20200702,1
SSE,20200703,1
SSE,20200704,0
SSE,20200705,0
SSE,20200706,1
SSE,20200707,1
SSE,20200708,1
SSE,20200709,1
SSE,20200710,1
SSE,20200711,0
SSE,20200712,0
SSE,20200713,1
SSE,20200714,1
SSE,20200715,1
SSE,20200716,1
SSE,20200717,1
SSE,20200718,0
SSE,20200719,0
SSE,20200720,1
SSE,20200721,1
SSE,20200722,1
SSE,20200723,1
SSE,20200724,1
SSE,20200725,0
SSE,20200726,0
SSE,20200727,1
SSE,20200728,1
SSE,20200729,1
SSE,20200730,1
SSE,20200731,1
SSE,20200801,0
SSE,20200802,0
SSE,20200803,1
SSE,20200804,1
SSE,20200805,1
SSE,20200806,1
SSE,20200807,1
SSE,20200808,0
SSE,20200809,0
SSE,20200810,1
SSE,20200811,1
SSE,20200812,1
SSE,20200813,1
SSE,20200814,1
SSE,20200815,0
SSE,20200816,0
SSE,20200817,1
SSE,20200818,1
SSE,20200819,1
SSE,20200820,1
SSE,20200821,1
SSE,20200822,0
SSE,20200823,0
SSE,20200824,1
SSE,20200825,1
SSE,20200826,1
SSE,20200827,1
SSE,20200828,1
SSE,20200829,0
SSE,20200830,0
SSE,20200831,1
SSE,20200901,1
SSE,20200902,1
SSE,20200903,1
SSE,20200904,1
SSE,20200905,0
SSE,20200906,0
SSE,20200907,1
SSE,20200908,1
SSE,20200909,1
SSE,20200910,1
SSE,20200911,1
SSE,20200912,0
SSE,20200913,0
SSE,20200914,1
SSE,20200915,1
SSE,20200916,1
SSE,20200917,1
SSE,20200918,1
SSE,20200919,0
SSE,20200920,0
SSE,20200921,1
SSE,20200922,1
SSE,20200923,1
SSE,20200924,1
SSE,20200925,1
SSE,20200926,0
SSE,20200927,0
SSE,20200928,1
SSE,20200929,1
SSE,20200930,1
SSE,20201001,0
SSE,20201002,0
SSE,20201003,0
SSE,20201004,0
SSE,20201005,0
SSE,20201006,0
SSE,20201007,0
SSE,20201008,0
SSE,20201009,1
SSE,20201010,0
SSE,20201011,0
SSE,20201012,1
SSE,20201013,1
SSE,20201014,1
SSE,20201015,1
SSE,20201016,1
SSE,20201017,0
SSE,20201018,0
SSE,20201019,1
SSE,20201020,1
SSE,20201021,1
SSE,20201022,1
SSE,20201023,1
SSE,20201024,0
SSE,20201025,0
SSE,20201026,1
SSE,20201027,1
SSE,20201028,1
SSE,20201029,1
SSE,20201030,1
SSE,20201031,0
SSE,20201101,0
SSE,20201102,1
SSE,20201103,1
SSE,20201104,1
SSE,20201105,1
SSE,20201106,1
SSE,20201107,0
SSE,20201108,0
SSE,20201109,1
SSE,20201110,1
SSE,20201111,1
SSE,20201112,1
SSE,20201113,1
SSE,20201114,0
SSE,20201115,0
SSE,20201116,1
SSE,20201117,1
SSE,20201118,1
SSE,20201119,1
SSE,20201120,1
SSE,20201121,0
SSE,20201122,0
SSE,20201123,1
SSE,20201124,1
SSE,20201125,1
SSE,20201126,1
SSE,20201127,1
SSE,20201128,0
SSE,20201129,0
SSE,20201130,1
SSE,20201201,1
SSE,20201202,1
SSE,20201203,1
SSE,20201204,1
SSE,20201205,0
SSE,20201206,0
SSE,20201207,1
SSE,20201208,1
SSE,20201209,1
SSE,20201210,1
SSE,20201211,1
SSE,20201212,0
SSE,20201213,0
SSE,20201214,1
SSE,20201215,1
SSE,20201216,1
SSE,20201217,1
SSE,20201218,1
SSE,20201219,0
SSE,20201220,0
SSE,20201221,1
SSE,20201222,1
SSE,20201223,1
SSE,20201224,1
SSE,20201225,1
SSE,20201226,0
SSE,20201227,0
SSE,20201228,1
SSE,20201229,1
SSE,20201230,1
SSE,20201231,1
