ts_code,trade_date,close,open,high,low,pre_close,change,pct_chg,vol,amount
399905.SZ,20201013,6551.3987,6538.8354,6557.8635,6486.3088,6541.176,10.2227,0.1563,111558450.0,130283812.0
399905.SZ,20201012,6541.176,6408.0827,6541.3102,6399.6833,6357.9711,183.2049,2.8815,144824349.0,160960006.1
399905.SZ,20201009,6357.9711,6300.0703,6373.9367,6290.4705,6192.5045,165.4666,2.672,100386231.0,115149926.3
399905.SZ,20200930,6192.5045,6245.1158,6260.1234,6155.0208,6228.7708,-36.2663,-0.5822,81484093.0,89615460.4
399905.SZ,20200929,6228.7708,6206.9908,6280.4433,6179.8807,6178.4693,50.3015,0.8141,81371164.0,91783259.8
399905.SZ,20200928,6178.4693,6255.021,6261.9304,6171.02,6236.8904,-58.4211,-0.9367,78962915.0,87526269.7
399905.SZ,20200925,6236.8904,6271.7008,6285.4717,6206.1823,6244.6389,-7.7485,-0.1241,87798788.0,92989168.3
399905.SZ,20200924,6244.6389,6353.694,6354.6827,6243.282,6392.0329,-147.394,-2.3059,112801467.0,112624608.4
399905.SZ,20200923,6392.0329,6382.2813,6411.2048,6356.1636,6358.652,33.3809,0.525,95048833.0,106027143.3
399905.SZ,20200922,6358.652,6392.025,6462.9751,6341.4838,6445.9649,-87.3129,-1.3545,121305894.0,122989741.8
399905.SZ,20200921,6445.9649,6492.2249,6515.337,6434.3239,6469.4692,-23.5043,-0.3633,126023721.0,133640323.4
399905.SZ,20200918,6469.4692,6367.7923,6473.5997,6353.5609,6367.0206,102.4486,1.6091,135226264.0,136788919.9
399905.SZ,20200917,6367.0206,6345.6715,6416.0088,6291.6343,6353.836,13.1846,0.2075,118959681.0,123682498.3
399905.SZ,20200916,6353.836,6379.5178,6387.7666,6321.5668,6387.8805,-34.0445,-0.533,113379887.0,112504425.5
399905.SZ,20200915,6387.8805,6351.0366,6388.1304,6328.5366,6351.2422,36.6383,0.5769,115184154.0,117077083.5
399905.SZ,20200914,6351.2422,6350.3551,6381.182,6297.9023,6311.967,39.2752,0.6222,130502277.0,129303970.0
399905.SZ,20200911,6311.967,6209.7881,6319.6691,6209.7881,6235.5687,76.3983,1.2252,124629194.0,115690880.1
399905.SZ,20200910,6235.5687,6404.6646,6414.9623,6219.6361,6349.2234,-113.6547,-1.7901,181049497.0,149335340.8
399905.SZ,20200909,6349.2234,6455.3053,6471.4824,6319.2713,6525.098,-175.8746,-2.6954,216916351.0,176688524.1
399905.SZ,20200908,6525.098,6493.7737,6542.9954,6432.952,6478.8124,46.2856,0.7144,161230318.0,148148725.2
399905.SZ,20200907,6478.8124,6619.8982,6669.3935,6459.1029,6618.5762,-139.7638,-2.1117,155581748.0,167216213.9
399905.SZ,20200904,6618.5762,6545.888,6631.0289,6538.4896,6662.2515,-43.6753,-0.6556,125358462.0,132077386.3
399905.SZ,20200903,6662.2515,6715.1042,6732.6741,6638.4482,6717.5579,-55.3064,-0.8233,142110335.0,151591727.8
399905.SZ,20200902,6717.5579,6725.6913,6742.5527,6647.0341,6710.4599,7.098,0.1058,149562548.0,160818469.7
399905.SZ,20200901,6710.4599,6667.168,6710.4599,6637.6339,6668.4331,42.0268,0.6302,125632490.0,140204445.9
399905.SZ,20200831,6668.4331,6719.2859,6765.8853,6667.6792,6691.2096,-22.7765,-0.3404,156024385.0,173312513.8
399905.SZ,20200828,6691.2096,6571.8981,6695.3574,6553.9227,6578.7912,112.4184,1.7088,141949593.0,155878611.7
399905.SZ,20200827,6578.7912,6538.1362,6585.7193,6486.7508,6525.8786,52.9126,0.8108,129836198.0,142139979.1
399905.SZ,20200826,6525.8786,6650.449,6660.7634,6501.2409,6652.5478,-126.6692,-1.9041,153734771.0,170546092.5
399905.SZ,20200825,6652.5478,6698.1196,6734.4378,6631.6853,6688.9647,-36.4169,-0.5444,147098130.0,158243101.1
399905.SZ,20200824,6688.9647,6667.2961,6702.7487,6589.9285,6643.9444,45.0203,0.6776,143020354.0,157948512.2
399905.SZ,20200821,6643.9444,6628.9007,6686.0233,6589.1968,6593.785,50.1594,0.7607,142963493.0,153128200.6
399905.SZ,20200820,6593.785,6622.0053,6672.4908,6570.6949,6666.274,-72.489,-1.0874,157646258.0,163429358.3
399905.SZ,20200819,6666.274,6782.5931,6782.5931,6661.9879,6789.3979,-123.1239,-1.8135,194309136.0,205475855.5
399905.SZ,20200818,6789.3979,6747.6059,6811.5637,6737.5288,6744.5468,44.8511,0.665,189166175.0,208576358.6
399905.SZ,20200817,6744.5468,6646.5418,6752.3176,6614.1849,6623.5633,120.9835,1.8266,201407357.0,207540650.7
399905.SZ,20200814,6623.5633,6542.6032,6629.5058,6506.0266,6552.6567,70.9066,1.0821,156875988.0,161300612.4
399905.SZ,20200813,6552.6567,6552.3695,6592.1163,6518.4229,6528.3999,24.2568,0.3716,162060515.0,166812245.2
399905.SZ,20200812,6528.3999,6580.0058,6599.6573,6395.006,6600.8472,-72.4473,-1.0975,177889045.0,197969436.4
399905.SZ,20200811,6600.8472,6727.7692,6756.8451,6594.9793,6725.2956,-124.4484,-1.8505,180845771.0,203427777.7
399905.SZ,20200810,6725.2956,6666.5601,6768.866,6651.7421,6688.8822,36.4134,0.5444,175353227.0,210390907.2
399905.SZ,20200807,6688.8822,6743.2907,6755.528,6578.6672,6770.3016,-81.4194,-1.2026,198128214.0,227976663.6
399905.SZ,20200806,6770.3016,6780.3265,6792.2759,6656.2782,6772.8422,-2.5406,-0.0375,205229842.0,240928921.8
399905.SZ,20200805,6772.8422,6696.687,6790.008,6653.2772,6697.7071,75.1351,1.1218,184843816.0,217994170.9
399905.SZ,20200804,6697.7071,6758.4937,6764.9049,6672.894,6739.8085,-42.1014,-0.6247,209478936.0,245084781.5
399905.SZ,20200803,6739.8085,6635.3429,6739.8085,6614.4314,6579.6696,160.1389,2.4338,207266746.0,240946720.7
399905.SZ,20200731,6579.6696,6499.3939,6619.2616,6463.415,6511.436,68.2336,1.0479,179912941.0,207862488.5
399905.SZ,20200730,6511.436,6548.7007,6564.775,6491.4492,6530.2712,-18.8352,-0.2884,177615561.0,209285453.5
399905.SZ,20200729,6530.2712,6341.0079,6530.2712,6324.0483,6359.6637,170.6075,2.6826,159221684.0,186898356.9
399905.SZ,20200728,6359.6637,6345.682,6385.3908,6307.7891,6298.7351,60.9286,0.9673,138838144.0,162440480.5
399905.SZ,20200727,6298.7351,6304.5859,6337.3275,6229.4712,6283.9831,14.752,0.2348,145542481.0,168023361.8
399905.SZ,20200724,6283.9831,6584.8093,6609.2877,6265.3789,6620.0859,-336.1028,-5.077,219017777.0,247232797.4
399905.SZ,20200723,6620.0859,6562.0485,6629.2067,6431.2609,6620.6893,-0.6034,-0.0091,207992462.0,240882435.4
399905.SZ,20200722,6620.6893,6554.1681,6699.6871,6534.7427,6563.3239,57.3654,0.874,210101198.0,232947421.3
399905.SZ,20200721,6563.3239,6546.5653,6591.0097,6500.8682,6526.8325,36.4914,0.5591,193965949.0,214682284.5
399905.SZ,20200720,6526.8325,6419.08,6526.8325,6340.6495,6344.5912,182.2413,2.8724,212413222.0,225848583.6
399905.SZ,20200717,6344.5912,6327.0265,6447.5092,6272.9416,6319.9981,24.5931,0.3891,196803909.0,215076901.7
399905.SZ,20200716,6319.9981,6642.3288,6710.995,6305.133,6638.8384,-318.8403,-4.8027,253315870.0,277008155.0
399905.SZ,20200715,6638.8384,6815.6162,6838.1524,6598.5228,6807.727,-168.8886,-2.4808,256472830.0,300879616.8
399905.SZ,20200714,6807.727,6897.0034,6897.0034,6672.7996,6899.5175,-91.7905,-1.3304,293868297.0,341854745.1
399905.SZ,20200713,6899.5175,6710.6352,6899.622,6710.6352,6676.4373,223.0802,3.3413,297305595.0,335186154.0
399905.SZ,20200710,6676.4373,6664.3263,6763.8121,6644.3586,6693.7452,-17.3079,-0.2586,288736672.0,322509785.2
399905.SZ,20200709,6693.7452,6541.2854,6712.1445,6530.0207,6535.4151,158.3301,2.4226,317412271.0,334582903.4
399905.SZ,20200708,6535.4151,6378.9461,6541.4382,6352.3731,6380.0276,155.3875,2.4355,288847389.0,292261704.9
399905.SZ,20200707,6380.0276,6368.3135,6480.0286,6300.2446,6299.8551,80.1725,1.2726,325865425.0,329327405.3
399905.SZ,20200706,6299.8551,6095.9561,6318.3081,6095.9561,6051.5099,248.3452,4.1039,302376489.0,291741992.2
399905.SZ,20200703,6051.5099,5989.9958,6052.523,5968.0663,5975.2794,76.2305,1.2758,226826818.0,217087507.6
399905.SZ,20200702,5975.2794,5880.8832,5979.9902,5858.5743,5881.8875,93.3919,1.5878,201181380.0,200063179.9
399905.SZ,20200701,5881.8875,5884.54,5885.8738,5814.7554,5864.4164,17.4711,0.2979,142832982.0,161437631.5
399905.SZ,20200630,5864.4164,5790.0647,5875.3274,5788.2081,5762.4378,101.9786,1.7697,115350324.0,139671518.5
399905.SZ,20200629,5762.4378,5774.4585,5789.1592,5740.2558,5789.0893,-26.6515,-0.4604,117761151.0,131671126.4
399905.SZ,20200624,5789.0893,5808.5388,5824.3132,5773.2908,5804.343,-15.2537,-0.2628,110241436.0,128536776.0
399905.SZ,20200623,5804.343,5783.1198,5809.2832,5755.3982,5784.0269,20.3161,0.3512,125748127.0,140277421.3
399905.SZ,20200622,5784.0269,5793.7883,5815.3942,5770.8094,5787.1482,-3.1213,-0.0539,145392349.0,157370407.8
399905.SZ,20200619,5787.1482,5733.4291,5796.3597,5727.6226,5734.403,52.7452,0.9198,141768098.0,147827142.2
399905.SZ,20200618,5734.403,5738.0314,5744.4525,5705.295,5735.4183,-1.0153,-0.0177,158154366.0,160763116.0
399905.SZ,20200617,5735.4183,5708.6871,5735.4183,5685.6241,5695.3007,40.1176,0.7044,146837518.0,153683182.9
399905.SZ,20200616,5695.3007,5633.2588,5695.3007,5624.8549,5590.6435,104.6572,1.872,133951703.0,142087502.3
399905.SZ,20200615,5590.6435,5605.8832,5661.9706,5590.6435,5591.4871,-0.8436,-0.0151,145359776.0,152567150.8
399905.SZ,20200612,5591.4871,5483.7845,5620.2062,5479.2713,5589.1019,2.3852,0.0427,129545465.0,142138382.1
399905.SZ,20200611,5589.1019,5618.6411,5673.3108,5567.538,5615.2417,-26.1398,-0.4655,127515454.0,144595249.4
399905.SZ,20200610,5615.2417,5611.6579,5616.6108,5581.9153,5610.3774,4.8643,0.0867,108368097.0,114114998.7
399905.SZ,20200609,5610.3774,5582.144,5616.0363,5560.139,5575.3036,35.0738,0.6291,114870929.0,119378870.7
399905.SZ,20200608,5575.3036,5618.3753,5627.1893,5567.2087,5585.4231,-10.1195,-0.1812,119446190.0,128061193.1
399905.SZ,20200605,5585.4231,5585.1592,5592.3453,5542.8701,5576.7535,8.6696,0.1555,112253897.0,115167433.5
399905.SZ,20200604,5576.7535,5589.3445,5597.2621,5549.3577,5572.3125,4.441,0.0797,120778465.0,123809986.1
399905.SZ,20200603,5572.3125,5583.701,5618.2892,5567.0729,5566.4438,5.8687,0.1054,138345519.0,146218273.4
399905.SZ,20200602,5566.4438,5595.3589,5596.4399,5544.1862,5569.48,-3.0362,-0.0545,139029103.0,149203304.0
399905.SZ,20200601,5569.48,5446.2912,5576.6538,5446.2912,5406.3403,163.1397,3.0176,141697582.0,147879965.4
399905.SZ,20200529,5406.3403,5349.5678,5416.6599,5336.0669,5361.167,45.1733,0.8426,105003250.0,110023218.1
399905.SZ,20200528,5361.167,5367.2664,5390.1397,5290.2897,5369.4992,-8.3322,-0.1552,102524251.0,107583819.7
399905.SZ,20200527,5369.4992,5426.5558,5426.5558,5358.47,5420.2126,-50.7134,-0.9356,103960371.0,113109428.4
399905.SZ,20200526,5420.2126,5341.1113,5421.9045,5341.0821,5316.6036,103.609,1.9488,90969008.0,99351009.0
399905.SZ,20200525,5316.6036,5323.9656,5344.2849,5293.2294,5328.2268,-11.6232,-0.2181,84385681.0,91375351.5
399905.SZ,20200522,5328.2268,5421.7282,5421.887,5307.2962,5426.1745,-97.9477,-1.8051,106415711.0,115705492.5
399905.SZ,20200521,5426.1745,5508.2041,5511.2324,5415.5986,5489.7024,-63.5279,-1.1572,114559108.0,128883851.4
399905.SZ,20200520,5489.7024,5545.0441,5547.1691,5473.7896,5547.8759,-58.1735,-1.0486,123491264.0,141354557.2
399905.SZ,20200519,5547.8759,5515.0289,5548.2181,5504.2327,5478.8218,69.0541,1.2604,112008860.0,133182704.7
399905.SZ,20200518,5478.8218,5522.7233,5528.7754,5454.9615,5507.9336,-29.1118,-0.5285,133654664.0,158389049.3
399905.SZ,20200515,5507.9336,5510.1454,5543.9334,5486.2557,5487.107,20.8266,0.3796,112651511.0,132317035.6
399905.SZ,20200514,5487.107,5513.0817,5528.0915,5485.0152,5536.2802,-49.1732,-0.8882,119197701.0,129595787.5
399905.SZ,20200513,5536.2802,5495.8969,5546.5535,5483.9868,5512.464,23.8162,0.432,107895822.0,120477112.0
399905.SZ,20200512,5512.464,5494.0693,5519.2868,5441.7013,5496.192,16.272,0.2961,115943677.0,127585356.3
399905.SZ,20200511,5496.192,5529.1056,5547.9416,5466.6158,5507.6965,-11.5045,-0.2089,129851985.0,142054909.5
399905.SZ,20200508,5507.6965,5474.8739,5527.0903,5467.646,5445.7519,61.9446,1.1375,136318622.0,146384767.2
399905.SZ,20200507,5445.7519,5454.2515,5473.7738,5425.7964,5451.3159,-5.564,-0.1021,140146354.0,147975355.3
399905.SZ,20200506,5451.3159,5320.94,5451.456,5318.443,5353.8595,97.4564,1.8203,141679050.0,159945700.6
399905.SZ,20200430,5353.8595,5261.0467,5368.8943,5261.0467,5226.8116,127.0479,2.4307,133036686.0,142523793.3
399905.SZ,20200429,5226.8116,5203.7103,5269.735,5201.4734,5227.846,-1.0344,-0.0198,105926849.0,103339319.1
399905.SZ,20200428,5227.846,5268.1255,5273.2565,5102.0608,5265.7248,-37.8788,-0.7193,140824910.0,133971236.9
399905.SZ,20200427,5265.7248,5278.9787,5314.4114,5249.3133,5273.5474,-7.8226,-0.1483,117132427.0,110738403.0
399905.SZ,20200424,5273.5474,5350.5426,5354.7629,5258.5692,5357.7904,-84.243,-1.5723,131383367.0,127211203.3
399905.SZ,20200423,5357.7904,5402.6478,5407.49,5354.9401,5387.6233,-29.8329,-0.5537,144618302.0,145324602.2
399905.SZ,20200422,5387.6233,5304.731,5388.2073,5296.2644,5343.8806,43.7427,0.8186,123597006.0,127945771.5
399905.SZ,20200421,5343.8806,5358.6005,5358.6005,5287.6633,5381.7857,-37.9051,-0.7043,130744426.0,139768427.4
399905.SZ,20200420,5381.7857,5364.4596,5389.2519,5318.4547,5318.4547,63.331,1.1908,120642182.0,130825823.6
399905.SZ,20200417,5318.4547,5354.9828,5377.147,5309.5809,5316.9707,1.484,0.0279,136969833.0,156745771.3
399905.SZ,20200416,5316.9707,5245.9247,5328.1204,5238.4335,5268.7497,48.221,0.9152,120742193.0,122069165.0
399905.SZ,20200415,5268.7497,5291.9664,5320.5792,5264.0114,5288.593,-19.8433,-0.3752,122477400.0,128025726.3
399905.SZ,20200414,5288.593,5197.1716,5288.593,5189.8242,5169.1757,119.4173,2.3102,110188244.0,118917318.0
399905.SZ,20200413,5169.1757,5176.4431,5198.3708,5140.8505,5208.5102,-39.3345,-0.7552,98180993.0,101355716.4
399905.SZ,20200410,5208.5102,5321.7865,5321.7865,5197.9841,5322.4614,-113.9512,-2.1409,123816388.0,126468212.0
399905.SZ,20200409,5322.4614,5301.2663,5336.1174,5289.3845,5271.7961,50.6653,0.9611,125098462.0,128352885.5
399905.SZ,20200408,5271.7961,5243.1623,5291.4149,5232.6161,5267.073,4.7231,0.0897,137786254.0,136499534.3
399905.SZ,20200407,5267.073,5202.5465,5273.0857,5197.5826,5107.0393,160.0337,3.1336,145109452.0,146826555.1
399905.SZ,20200403,5107.0393,5143.5185,5161.5728,5085.0948,5147.2019,-40.1626,-0.7803,109478978.0,112751173.0
399905.SZ,20200402,5147.2019,4998.6259,5147.2019,4998.1063,5019.2187,127.9832,2.5499,113351078.0,117822171.4
399905.SZ,20200401,5019.2187,5029.5837,5108.175,5007.7115,5041.4534,-22.2347,-0.441,112154111.0,110651112.5
399905.SZ,20200331,5041.4534,5073.5232,5090.5675,5030.573,5027.4856,13.9678,0.2778,111605612.0,106538446.1
399905.SZ,20200330,5027.4856,5073.7047,5074.6251,4974.3165,5137.3371,-109.8515,-2.1383,123981316.0,124559163.3
399905.SZ,20200327,5137.3371,5222.8511,5227.7921,5134.4903,5166.1091,-28.772,-0.5569,117045073.0,118480791.0
399905.SZ,20200326,5166.1091,5180.4657,5227.4679,5157.1478,5217.4237,-51.3146,-0.9835,125652450.0,126982007.9
399905.SZ,20200325,5217.4237,5200.7752,5229.2205,5160.3887,5096.0408,121.3829,2.3819,146881070.0,142310080.6
399905.SZ,20200324,5096.0408,5089.1516,5118.0355,4963.2918,4998.9095,97.1313,1.943,140787705.0,137371423.3
399905.SZ,20200323,4998.9095,5079.3549,5129.1405,4981.6682,5219.2809,-220.3714,-4.2223,138684745.0,133727699.5
399905.SZ,20200320,5219.2809,5217.488,5225.0268,5129.0733,5157.8235,61.4574,1.1915,127513289.0,131519032.4
399905.SZ,20200319,5157.8235,5119.9437,5185.0889,5020.4387,5119.4716,38.3519,0.7491,154593702.0,148680627.0
399905.SZ,20200318,5119.4716,5257.9438,5333.1204,5119.4716,5212.0619,-92.5903,-1.7765,164286604.0,160536059.9
399905.SZ,20200317,5212.0619,5245.5231,5300.5591,5052.6546,5200.1142,11.9477,0.2298,159137878.0,152551271.9
399905.SZ,20200316,5200.1142,5496.889,5496.889,5183.3436,5457.2006,-257.0864,-4.711,186849952.0,184923547.7
399905.SZ,20200313,5457.2006,5225.5063,5507.3899,5224.7267,5493.8838,-36.6832,-0.6677,195266659.0,188405108.2
399905.SZ,20200312,5493.8838,5507.3213,5549.3501,5446.7941,5589.5311,-95.6473,-1.7112,158753157.0,154102925.6
399905.SZ,20200311,5589.5311,5692.7173,5708.9152,5589.5311,5675.1113,-85.5802,-1.508,187750912.0,190010266.2
399905.SZ,20200310,5675.1113,5459.1732,5675.8756,5423.4289,5525.8167,149.2946,2.7018,208402877.0,210472315.0
399905.SZ,20200309,5525.8167,5668.6366,5699.9198,5525.8167,5763.8602,-238.0435,-4.1299,218538089.0,212042107.5
399905.SZ,20200306,5763.8602,5737.0958,5802.6293,5723.7326,5801.1199,-37.2597,-0.6423,185297147.0,177496499.2
399905.SZ,20200305,5801.1199,5795.25,5811.2074,5732.168,5716.5112,84.6087,1.4801,217232221.0,217238387.6
399905.SZ,20200304,5716.5112,5670.4997,5719.1783,5603.9288,5710.0235,6.4877,0.1136,185133098.0,194980150.0
399905.SZ,20200303,5710.0235,5756.7914,5832.3531,5658.1205,5656.4193,53.6042,0.9477,226325494.0,244204351.2
399905.SZ,20200302,5656.4193,5516.4386,5683.2425,5505.2683,5451.2897,205.1296,3.763,199511612.0,213505004.4
399905.SZ,20200228,5451.2897,5558.4158,5641.7724,5438.8521,5753.7277,-302.438,-5.2564,224306709.0,232879770.2
399905.SZ,20200227,5753.7277,5770.2183,5829.0372,5689.539,5743.3929,10.3348,0.1799,204694875.0,221902086.2
399905.SZ,20200226,5743.3929,5824.0484,5885.2702,5724.499,5897.7219,-154.329,-2.6168,266375080.0,281045744.3
399905.SZ,20200225,5897.7219,5745.617,5912.2741,5643.8843,5865.4665,32.2554,0.5499,267366678.0,301960915.8
399905.SZ,20200224,5865.4665,5784.5751,5884.1397,5754.6794,5784.0321,81.4344,1.4079,218098962.0,250154433.4
399905.SZ,20200221,5784.0321,5704.836,5822.3973,5700.9519,5706.7127,77.3194,1.3549,207236239.0,230175046.2
399905.SZ,20200220,5706.7127,5619.5203,5712.1825,5580.0672,5603.2626,103.4501,1.8462,192076026.0,205564978.6
399905.SZ,20200219,5603.2626,5654.1778,5678.8191,5601.3916,5660.8142,-57.5516,-1.0167,185642085.0,210591418.5
399905.SZ,20200218,5660.8142,5607.8401,5660.8142,5577.8981,5594.4366,66.3776,1.1865,185098701.0,206428524.4
399905.SZ,20200217,5594.4366,5454.4626,5594.4366,5454.4626,5420.8025,173.6341,3.2031,174636657.0,183878721.1
399905.SZ,20200214,5420.8025,5407.4738,5474.4682,5375.9258,5412.8418,7.9607,0.1471,145346496.0,162742004.6
399905.SZ,20200213,5412.8418,5456.6591,5482.7951,5397.2324,5459.9461,-47.1043,-0.8627,158202642.0,175679828.6
399905.SZ,20200212,5459.9461,5345.522,5461.6736,5340.487,5361.2768,98.6693,1.8404,151041473.0,164552224.7
399905.SZ,20200211,5361.2768,5390.5255,5396.9558,5323.7602,5388.4349,-27.1581,-0.504,152508177.0,157302894.1
399905.SZ,20200210,5388.4349,5322.0089,5389.0387,5301.4121,5327.0369,61.398,1.1526,176703282.0,186767921.8
399905.SZ,20200207,5327.0369,5287.269,5329.3558,5226.6999,5282.8922,44.1447,0.8356,191147642.0,203495543.0
399905.SZ,20200206,5282.8922,5128.1863,5299.178,5100.4818,5123.9619,158.9303,3.1017,185957456.0,197274056.3
399905.SZ,20200205,5123.9619,5035.4089,5178.4378,5026.4083,4996.4743,127.4876,2.5516,171095339.0,177352350.6
399905.SZ,20200204,4996.4743,4736.1227,5013.7695,4736.1227,4910.9011,85.5732,1.7425,189672279.0,175374996.0
399905.SZ,20200203,4910.9011,4896.8945,4960.7456,4896.8945,5377.7411,-466.84,-8.681,81777084.0,89455038.4
399905.SZ,20200123,5377.7411,5521.7921,5558.4257,5326.9315,5575.5126,-197.7715,-3.5471,145773071.0,161861917.5
399905.SZ,20200122,5575.5126,5502.587,5597.9935,5440.1998,5523.9419,51.5707,0.9336,123474770.0,138250254.2
399905.SZ,20200121,5523.9419,5581.0102,5581.98,5515.1928,5587.5359,-63.594,-1.1381,124604808.0,135220987.2
399905.SZ,20200120,5587.5359,5523.0098,5587.5359,5500.5937,5510.0453,77.4906,1.4064,115403001.0,128212120.8
399905.SZ,20200117,5510.0453,5539.723,5555.4119,5499.4674,5527.6676,-17.6223,-0.3188,104949329.0,110491857.8
399905.SZ,20200116,5527.6676,5539.4211,5559.0175,5514.6912,5530.0266,-2.359,-0.0427,111897276.0,122337955.3
399905.SZ,20200115,5530.0266,5532.9613,5545.1012,5492.6508,5542.3316,-12.305,-0.222,112425020.0,118142835.1
399905.SZ,20200114,5542.3316,5576.6291,5583.7202,5539.8997,5559.6272,-17.2956,-0.3111,129811383.0,134845327.4
399905.SZ,20200113,5559.6272,5478.3159,5559.6272,5447.7315,5480.2279,79.3993,1.4488,118076181.0,128651948.0
399905.SZ,20200110,5480.2279,5511.6739,5516.0948,5455.2516,5497.5429,-17.315,-0.315,113819821.0,118196969.0
399905.SZ,20200109,5497.5429,5465.8574,5497.5429,5457.3498,5423.7966,73.7463,1.3597,132431667.0,135961014.6
399905.SZ,20200108,5423.7966,5481.9844,5500.1601,5409.569,5499.8395,-76.0429,-1.3826,155406847.0,149838069.3
399905.SZ,20200107,5499.8395,5441.9032,5499.8395,5440.6916,5434.8503,64.9892,1.1958,144142722.0,142194161.7
399905.SZ,20200106,5434.8503,5365.2171,5481.55,5355.0237,5380.6372,54.2131,1.0076,159587414.0,158190935.6
399905.SZ,20200103,5380.6372,5376.0328,5395.2585,5351.8049,5366.1375,14.4997,0.2702,128452021.0,122199725.5
399905.SZ,20200102,5366.1375,5306.6677,5374.9082,5288.1675,5267.6622,98.4753,1.8694,145894405.0,136813752.3
399905.SZ,20191231,5267.6622,5239.9132,5269.8736,5228.1726,5241.9383,25.7239,0.4907,103889658.0,95356584.9
399905.SZ,20191230,5241.9383,5160.3102,5242.1238,5119.8558,5179.1929,62.7454,1.2115,116869456.0,106835905.5
399905.SZ,20191227,5179.1929,5223.4701,5252.7878,5175.852,5219.1404,-39.9475,-0.7654,126259628.0,116273066.0
399905.SZ,20191226,5219.1404,5181.3814,5219.1404,5171.4403,5183.0986,36.0418,0.6954,95625533.0,89169212.2
399905.SZ,20191225,5183.0986,5157.3667,5195.8663,5153.5138,5162.0702,21.0284,0.4074,95918676.0,97321480.1
399905.SZ,20191224,5162.0702,5098.805,5165.1561,5092.9061,5084.3505,77.7197,1.5286,85451916.0,80244021.6
399905.SZ,20191223,5084.3505,5161.2823,5188.85,5079.4417,5184.6752,-100.3247,-1.935,105652530.0,98214944.0
399905.SZ,20191220,5184.6752,5244.2134,5258.0056,5182.0632,5241.7376,-57.0624,-1.0886,117998472.0,107404905.7
399905.SZ,20191219,5241.7376,5236.9151,5255.1689,5215.884,5235.1248,6.6128,0.1263,113666294.0,111318995.2
399905.SZ,20191218,5235.1248,5235.4761,5267.4061,5221.698,5236.0624,-0.9376,-0.0179,129264398.0,126380736.8
399905.SZ,20191217,5236.0624,5167.2291,5257.8279,5161.1524,5166.0391,70.0233,1.3555,150219142.0,143007732.1
399905.SZ,20191216,5166.0391,5095.3481,5166.0391,5081.9093,5073.6858,92.3533,1.8202,116522533.0,118077922.8
399905.SZ,20191213,5073.6858,5047.8973,5082.7599,5029.8833,5012.0011,61.6847,1.2307,99979184.0,100214793.1
399905.SZ,20191212,5012.0011,5025.4907,5044.1972,5008.3676,5027.2784,-15.2773,-0.3039,80055439.0,82031906.1
399905.SZ,20191211,5027.2784,5044.9367,5052.3501,5007.5596,5049.0514,-21.773,-0.4312,86011038.0,87198618.3
399905.SZ,20191210,5049.0514,5012.4716,5054.3122,4998.1479,5024.604,24.4474,0.4866,82936330.0,85621362.3
399905.SZ,20191209,5024.604,5020.2216,5040.2408,5005.8413,5010.5104,14.0936,0.2813,88486415.0,92501704.1
399905.SZ,20191206,5010.5104,4968.041,5010.513,4954.7856,4967.6021,42.9083,0.8638,73705957.0,77615890.6
399905.SZ,20191205,4967.6021,4927.7757,4978.9896,4923.1116,4920.6682,46.9339,0.9538,74077104.0,77991494.6
399905.SZ,20191204,4920.6682,4902.4853,4935.5695,4901.0364,4926.4548,-5.7866,-0.1175,63496450.0,65049445.2
399905.SZ,20191203,4926.4548,4889.4069,4926.4548,4863.662,4905.4209,21.0339,0.4288,60345525.0,59970188.1
399905.SZ,20191202,4905.4209,4897.6306,4930.5853,4889.319,4894.9416,10.4793,0.2141,63150159.0,61517277.1
399905.SZ,20191129,4894.9416,4888.3484,4909.411,4850.5879,4889.2595,5.6821,0.1162,61395620.0,58933970.5
399905.SZ,20191128,4889.2595,4897.6525,4916.8046,4878.0072,4904.2568,-14.9973,-0.3058,59672314.0,56925664.8
399905.SZ,20191127,4904.2568,4881.402,4935.6277,4872.3024,4882.1624,22.0944,0.4526,72646940.0,70087736.4
399905.SZ,20191126,4882.1624,4906.4289,4920.6768,4882.1624,4901.5021,-19.3397,-0.3946,81259730.0,74550160.6
399905.SZ,20191125,4901.5021,4904.9949,4915.3452,4853.8425,4904.0828,-2.5807,-0.0526,86347265.0,78620478.5
399905.SZ,20191122,4904.0828,4954.3102,5018.0642,4876.8117,4945.7188,-41.636,-0.8419,88027695.0,89306629.2
399905.SZ,20191121,4945.7188,4929.8513,4963.0886,4919.5937,4946.2757,-0.5569,-0.0113,66167513.0,63282046.8
399905.SZ,20191120,4946.2757,4975.7561,4991.6959,4941.9109,4975.1128,-28.8371,-0.5796,78998277.0,81388200.0
399905.SZ,20191119,4975.1128,4892.3397,4975.1128,4890.7563,4892.4609,82.6519,1.6894,72363369.0,73229636.6
399905.SZ,20191118,4892.4609,4862.2803,4901.001,4851.39,4868.4367,24.0242,0.4935,63965372.0,63914780.8
399905.SZ,20191115,4868.4367,4910.2052,4936.9848,4868.4367,4912.1075,-43.6708,-0.889,70076404.0,74051052.8
399905.SZ,20191114,4912.1075,4875.2493,4925.4416,4871.5569,4875.543,36.5645,0.75,63910112.0,68278831.8
399905.SZ,20191113,4875.543,4878.9678,4888.1914,4853.5946,4881.6144,-6.0714,-0.1244,60606408.0,60162199.8
399905.SZ,20191112,4881.6144,4878.9722,4887.2957,4823.4288,4876.1594,5.455,0.1119,68785493.0,64024939.3
399905.SZ,20191111,4876.1594,4961.1943,4961.1943,4868.4348,4988.2938,-112.1344,-2.248,77096401.0,71951297.6
399905.SZ,20191108,4988.2938,5036.6566,5051.5643,4985.9488,5007.0666,-18.7728,-0.3749,79096556.0,80301698.4
399905.SZ,20191107,5007.0666,4970.529,5020.2236,4960.8385,4974.7343,32.3323,0.6499,72092198.0,70612908.5
399905.SZ,20191106,4974.7343,5022.1048,5027.7894,4955.8258,5025.3029,-50.5686,-1.0063,83216275.0,82703564.2
399905.SZ,20191105,5025.3029,4995.4616,5041.2355,4972.7168,4987.8364,37.4665,0.7512,85072951.0,84235951.7
399905.SZ,20191104,4987.8364,4974.3632,5016.9371,4974.3632,4962.3495,25.4869,0.5136,81278227.0,82241598.0
399905.SZ,20191101,4962.3495,4908.6477,4967.0484,4896.0073,4917.4174,44.9321,0.9137,74155656.0,72447112.6
399905.SZ,20191031,4917.4174,4950.0259,4967.7453,4911.3756,4947.8954,-30.478,-0.616,79582687.0,79650641.3
399905.SZ,20191030,4947.8954,4975.6732,4984.4037,4938.1025,5007.7126,-59.8172,-1.1945,85762155.0,83620058.9
399905.SZ,20191029,5007.7126,5080.9295,5080.9295,5007.7126,5084.4677,-76.7551,-1.5096,108706305.0,105275425.0
399905.SZ,20191028,5084.4677,5026.064,5084.6884,5026.064,4994.5684,89.8993,1.7999,102907395.0,101064614.5
399905.SZ,20191025,4994.5684,4953.3271,5001.5089,4922.0836,4958.2465,36.3219,0.7326,73158777.0,72672829.2
399905.SZ,20191024,4958.2465,4961.6853,4972.7625,4921.1123,4967.1949,-8.9484,-0.1801,64868443.0,62074661.0
399905.SZ,20191023,4967.1949,5009.3572,5009.9404,4955.0555,5005.5525,-38.3576,-0.7663,69036507.0,65559048.9
399905.SZ,20191022,5005.5525,4954.1075,5011.0127,4954.1075,4951.0354,54.5171,1.1011,65534982.0,63627854.0
399905.SZ,20191021,4951.0354,4956.7929,4957.2357,4906.3624,4961.8072,-10.7718,-0.2171,69899271.0,65366244.5
399905.SZ,20191018,4961.8072,5033.8167,5056.5575,4953.1478,5029.854,-68.0468,-1.3529,82038850.0,74431254.1
399905.SZ,20191017,5029.854,5039.2712,5049.3606,5017.4677,5038.356,-8.502,-0.1687,70514508.0,65942908.1
399905.SZ,20191016,5038.356,5064.3325,5086.9729,5036.5028,5061.0029,-22.6469,-0.4475,78221408.0,73744399.9
399905.SZ,20191015,5061.0029,5115.2478,5115.2478,5057.2839,5131.1312,-70.1283,-1.3667,88321430.0,86494758.0
399905.SZ,20191014,5131.1312,5095.2164,5151.6944,5089.3126,5055.5165,75.6147,1.4957,103688878.0,100737694.0
399905.SZ,20191011,5055.5165,5057.8108,5074.9035,5012.3843,5046.3594,9.1571,0.1815,82786016.0,82692670.9
399905.SZ,20191010,5046.3594,4988.1408,5049.2193,4979.1948,4982.9535,63.4059,1.2725,73818154.0,75962306.5
399905.SZ,20191009,4982.9535,4926.2085,4985.4405,4904.3222,4941.7607,41.1928,0.8336,66505759.0,67224088.8
399905.SZ,20191008,4941.7607,4955.078,4994.4433,4937.0284,4940.903,0.8577,0.0174,66443425.0,69528043.0
399905.SZ,20190930,4940.903,5009.1385,5022.4285,4940.903,5005.6299,-64.7269,-1.2931,65785130.0,66977336.9
399905.SZ,20190927,5005.6299,4974.0324,5033.185,4974.0324,4970.2403,35.3896,0.712,74329833.0,77773539.9
399905.SZ,20190926,4970.2403,5099.5177,5108.8037,4970.2403,5087.0091,-116.7688,-2.2954,94670752.0,100909210.4
399905.SZ,20190925,5087.0091,5162.1513,5162.1513,5087.0091,5180.7418,-93.7327,-1.8093,92202920.0,103768929.2
399905.SZ,20190924,5180.7418,5168.1222,5237.4102,5159.3315,5171.484,9.2578,0.179,94527996.0,108590216.7
399905.SZ,20190923,5171.484,5192.8838,5192.8838,5124.7981,5204.4848,-33.0008,-0.6341,94657680.0,103757230.3
399905.SZ,20190920,5204.4848,5198.7279,5220.2351,5180.0778,5191.6687,12.8161,0.2469,94186438.0,104270351.9
399905.SZ,20190919,5191.6687,5150.4983,5191.6687,5126.1532,5141.0381,50.6306,0.9848,88129311.0,92724183.2
399905.SZ,20190918,5141.0381,5148.0631,5163.8104,5119.6137,5140.4502,0.5879,0.0114,89555999.0,92044125.7
399905.SZ,20190917,5140.4502,5237.5592,5237.5592,5118.2077,5250.3398,-109.8896,-2.093,114771435.0,113656216.3
399905.SZ,20190916,5250.3398,5263.3007,5279.5896,5228.29,5242.6115,7.7283,0.1474,114136339.0,116963948.6
399905.SZ,20190912,5242.6115,5230.2944,5255.7851,5197.5696,5217.2913,25.3202,0.4853,96044226.0,99874269.5
399905.SZ,20190911,5217.2913,5262.4946,5273.9678,5206.9728,5245.305,-28.0137,-0.5341,115603941.0,119062341.4
399905.SZ,20190910,5245.305,5264.3276,5264.3276,5212.5251,5263.4594,-18.1544,-0.3449,131111547.0,138175230.5
399905.SZ,20190909,5263.4594,5202.7058,5263.4594,5171.8514,5154.6378,108.8216,2.1111,132941927.0,139542294.5
399905.SZ,20190906,5154.6378,5152.185,5167.4828,5111.7349,5138.4051,16.2327,0.3159,112798576.0,122605223.2
399905.SZ,20190905,5138.4051,5119.5739,5208.9999,5119.4281,5093.2662,45.1389,0.8862,158947369.0,160737034.5
399905.SZ,20190904,5093.2662,5036.5238,5093.2662,5027.6672,5044.1805,49.0857,0.9731,122499224.0,123208416.3
399905.SZ,20190903,5044.1805,5019.4049,5044.1805,4999.8872,5008.2958,35.8847,0.7165,109090449.0,115052722.4
399905.SZ,20190902,5008.2958,4894.0496,5020.2648,4890.2253,4886.494,121.8018,2.4926,108292930.0,109204318.7
399905.SZ,20190830,4886.494,4963.2785,4975.9723,4862.5821,4934.1838,-47.6898,-0.9665,102451634.0,108135467.9
399905.SZ,20190829,4934.1838,4937.5909,4954.9574,4912.22,4928.1935,5.9903,0.1216,96817996.0,94062432.2
399905.SZ,20190828,4928.1935,4929.8939,4948.0177,4910.6033,4936.1238,-7.9303,-0.1607,98994293.0,92168539.7
399905.SZ,20190827,4936.1238,4878.2891,4976.5805,4878.2891,4855.4584,80.6654,1.6613,108192637.0,105376287.9
399905.SZ,20190826,4855.4584,4799.4831,4867.3032,4793.8441,4887.9024,-32.444,-0.6638,88453144.0,86780252.7
399905.SZ,20190823,4887.9024,4888.5329,4902.7831,4861.2002,4887.9142,-0.0118,-0.0002,82502528.0,81178885.7
399905.SZ,20190822,4887.9142,4894.3625,4896.5752,4851.9692,4882.7213,5.1929,0.1064,82238110.0,82031364.6
399905.SZ,20190821,4882.7213,4865.7174,4896.2914,4859.328,4872.6061,10.1152,0.2076,84940790.0,83121773.9
399905.SZ,20190820,4872.6061,4878.6745,4912.9917,4864.8159,4875.0363,-2.4302,-0.0498,100202293.0,94825269.8
399905.SZ,20190819,4875.0363,4765.0581,4875.0363,4765.0581,4722.6625,152.3738,3.2264,106580926.0,105144365.4
399905.SZ,20190816,4722.6625,4702.1415,4755.9526,4696.9213,4706.5504,16.1121,0.3423,77542458.0,76502437.6
399905.SZ,20190815,4706.5504,4585.0944,4709.363,4576.4614,4683.8403,22.7101,0.4849,78261611.0,72618382.7
399905.SZ,20190814,4683.8403,4713.5026,4731.8627,4677.1302,4658.3884,25.4519,0.5464,71148787.0,69438518.1
399905.SZ,20190813,4658.3884,4649.349,4667.715,4638.0294,4685.045,-26.6566,-0.569,58691317.0,57730564.5
399905.SZ,20190812,4685.045,4608.1166,4685.045,4591.6615,4600.3526,84.6924,1.841,61946507.0,62148044.5
399905.SZ,20190809,4600.3526,4677.2477,4690.654,4593.2238,4656.1009,-55.7483,-1.1973,64443337.0,64477323.1
399905.SZ,20190808,4656.1009,4641.8665,4663.032,4636.2385,4626.3641,29.7368,0.6428,60077796.0,56743200.9
399905.SZ,20190807,4626.3641,4678.4283,4686.7321,4624.7423,4650.5627,-24.1986,-0.5203,67417406.0,62344725.9
399905.SZ,20190806,4650.5627,4665.8404,4684.5159,4558.0604,4751.9846,-101.4219,-2.1343,98667866.0,84239326.2
399905.SZ,20190805,4751.9846,4795.9105,4838.7588,4749.9444,4809.9198,-57.9352,-1.2045,71612542.0,69025913.4
399905.SZ,20190802,4809.9198,4773.4302,4816.8104,4756.4044,4870.469,-60.5492,-1.2432,79002361.0,73848047.8
399905.SZ,20190801,4870.469,4877.5573,4900.0866,4850.5281,4903.203,-32.734,-0.6676,64332504.0,61801931.6
399905.SZ,20190731,4903.203,4914.044,4921.7224,4892.5557,4922.9175,-19.7145,-0.4005,62754547.0,58776188.9
399905.SZ,20190730,4922.9175,4902.8411,4961.0247,4902.7813,4897.0183,25.8992,0.5289,71194127.0,65553974.5
399905.SZ,20190729,4897.0183,4897.6519,4914.48,4872.545,4898.1099,-1.0916,-0.0223,56581521.0,54815760.1
399905.SZ,20190726,4898.1099,4880.7194,4902.0916,4868.197,4891.6432,6.4667,0.1322,59252777.0,57190685.2
399905.SZ,20190725,4891.6432,4873.1742,4899.715,4861.7715,4873.0271,18.6161,0.382,67384418.0,65540811.9
399905.SZ,20190724,4873.0271,4837.7669,4898.8054,4837.7669,4823.9182,49.1089,1.018,69451383.0,63586100.1
399905.SZ,20190723,4823.9182,4778.0529,4823.9182,4778.0529,4776.5749,47.3433,0.9912,54729263.0,48300963.6
399905.SZ,20190722,4776.5749,4885.4293,4886.402,4766.0716,4878.6903,-102.1154,-2.0931,72191578.0,61198813.6
399905.SZ,20190719,4878.6903,4861.2125,4920.4135,4861.2031,4844.1087,34.5816,0.7139,68597298.0,57390762.2
399905.SZ,20190718,4844.1087,4909.7172,4909.7172,4843.5134,4929.085,-84.9763,-1.724,72636158.0,59848894.3
399905.SZ,20190717,4929.085,4930.6466,4953.4093,4914.4924,4932.0458,-2.9608,-0.06,75361088.0,65860765.2
399905.SZ,20190716,4932.0458,4917.7931,4940.2313,4909.6633,4925.3243,6.7215,0.1365,68924962.0,60958972.1
399905.SZ,20190715,4925.3243,4850.8904,4951.6237,4787.9062,4861.5679,63.7564,1.3114,84594481.0,75865112.7
399905.SZ,20190712,4861.5679,4848.222,4874.3204,4820.6635,4844.5474,17.0205,0.3513,61479398.0,54064544.4
399905.SZ,20190711,4844.5474,4867.6825,4905.1604,4821.5516,4843.8649,0.6825,0.0141,62628484.0,56483156.3
399905.SZ,20190710,4843.8649,4891.9111,4896.0413,4829.2848,4881.6235,-37.7586,-0.7735,60795192.0,55261260.6
399905.SZ,20190709,4881.6235,4868.475,4892.5583,4838.9366,4870.7807,10.8428,0.2226,61012512.0,56755420.8
399905.SZ,20190708,4870.7807,5028.6349,5028.6349,4855.2148,5042.6599,-171.8792,-3.4085,91766077.0,81431278.9
399905.SZ,20190705,5042.6599,5026.3316,5055.0145,5001.5234,5025.0207,17.6392,0.351,64904141.0,60552010.3
399905.SZ,20190704,5025.0207,5046.883,5067.997,5002.3322,5040.7227,-15.702,-0.3115,80147189.0,72016475.8
399905.SZ,20190703,5040.7227,5074.7097,5074.7097,5021.8958,5084.41,-43.6873,-0.8592,85358589.0,79210212.9
399905.SZ,20190702,5084.41,5092.8418,5102.4091,5066.2507,5100.2619,-15.8519,-0.3108,97080637.0,91618108.6
399905.SZ,20190701,5100.2619,5044.6638,5100.2619,5016.2363,4950.4798,149.7821,3.0256,111630214.0,108157182.5
399905.SZ,20190628,4950.4798,5005.1921,5005.1921,4920.4349,5007.4833,-57.0035,-1.1384,77164628.0,70271421.8
399905.SZ,20190627,5007.4833,4974.9859,5030.3718,4972.6702,4962.5936,44.8897,0.9046,81631266.0,77117707.8
399905.SZ,20190626,4962.5936,4943.7751,4991.1275,4928.733,4974.9882,-12.3946,-0.2491,70035687.0,64206718.4
399905.SZ,20190625,4974.9882,5020.2009,5020.2009,4910.1971,5024.2046,-49.2164,-0.9796,99202180.0,85713850.5
399905.SZ,20190624,5024.2046,5032.3746,5038.4798,4996.1699,5021.3051,2.8995,0.0577,99620157.0,86442218.7
399905.SZ,20190621,5021.3051,4973.5853,5045.7149,4973.5853,4954.7338,66.5713,1.3436,122814214.0,106832740.4
399905.SZ,20190620,4954.7338,4853.2088,4987.5951,4837.1763,4858.9164,95.8174,1.972,119695961.0,102804340.1
399905.SZ,20190619,4858.9164,4902.9598,4931.1098,4856.9033,4797.1468,61.7696,1.2876,98274376.0,88246816.0
399905.SZ,20190618,4797.1468,4804.3018,4825.6252,4773.5495,4802.8185,-5.6717,-0.1181,66523897.0,56694905.7
399905.SZ,20190617,4802.8185,4796.1203,4826.5959,4779.6429,4795.5267,7.2918,0.1521,73361138.0,64090002.5
399905.SZ,20190614,4795.5267,4880.2264,4893.9284,4786.195,4877.6505,-82.1238,-1.6837,102803894.0,83140662.6
399905.SZ,20190613,4877.6505,4855.5398,4892.5811,4831.5194,4863.4922,14.1583,0.2911,96172538.0,79697102.6
399905.SZ,20190612,4863.4922,4889.3606,4917.0919,4852.9834,4901.4723,-37.9801,-0.7749,107847561.0,94685225.2
399905.SZ,20190611,4901.4723,4730.8093,4903.8673,4728.4832,4725.2643,176.208,3.7291,116811446.0,99669915.5
399905.SZ,20190610,4725.2643,4693.7633,4750.5423,4662.7808,4678.7844,46.4799,0.9934,73361381.0,63265364.5
399905.SZ,20190606,4678.7844,4776.4896,4776.6879,4668.5413,4783.8245,-105.0401,-2.1957,83416931.0,70429637.4
399905.SZ,20190605,4783.8245,4837.895,4850.8038,4777.9781,4795.4129,-11.5884,-0.2417,81300165.0,72772853.6
399905.SZ,20190604,4795.4129,4847.6634,4853.8105,4768.0393,4853.8153,-58.4024,-1.2032,86751653.0,77250794.6
399905.SZ,20190603,4853.8153,4921.7084,4942.0652,4838.3523,4912.0005,-58.1852,-1.1846,98540830.0,83580691.9
399905.SZ,20190531,4912.0005,4923.9199,4969.0513,4902.7379,4926.403,-14.4025,-0.2924,86716729.0,75731116.0
399905.SZ,20190530,4926.403,4933.5006,4933.8544,4865.7753,4956.8638,-30.4608,-0.6145,94779602.0,80822550.0
399905.SZ,20190529,4956.8638,4943.5678,4992.9887,4930.4307,4955.4855,1.3783,0.0278,85876852.0,78641296.2
399905.SZ,20190528,4955.4855,4965.5908,5002.2491,4933.8967,4962.947,-7.4615,-0.1503,90263989.0,83641973.4
399905.SZ,20190527,4962.947,4848.6417,4974.2676,4824.142,4841.7573,121.1897,2.503,93076414.0,81678357.2
399905.SZ,20190524,4841.7573,4848.5757,4892.4587,4831.3352,4872.9202,-31.1629,-0.6395,77933436.0,69305381.7
399905.SZ,20190523,4872.9202,4955.2522,4957.9863,4860.1881,4976.3929,-103.4727,-2.0793,90563681.0,82582767.2
399905.SZ,20190522,4976.3929,5002.1602,5018.1092,4941.0098,5009.8725,-33.4796,-0.6683,94092709.0,86507936.4
399905.SZ,20190521,5009.8725,4917.3424,5026.2842,4904.8232,4923.5589,86.3136,1.7531,100837073.0,91301255.1
399905.SZ,20190520,4923.5589,4937.1767,4947.7455,4835.8087,4942.5792,-19.0203,-0.3848,95686497.0,84271517.2
399905.SZ,20190517,4942.5792,5112.2411,5116.9934,4923.6727,5108.3588,-165.7796,-3.2453,119071213.0,103931108.2
399905.SZ,20190516,5108.3588,5071.1085,5118.4448,5059.2068,5076.555,31.8038,0.6265,104422166.0,91206178.6
399905.SZ,20190515,5076.555,5002.6051,5086.7298,4999.3368,4965.6124,110.9426,2.2342,97463860.0,88150026.7
399905.SZ,20190514,4965.6124,4942.3937,5018.4131,4941.9271,5005.9044,-40.292,-0.8049,87540969.0,78269150.1
399905.SZ,20190513,5005.9044,5009.4748,5040.5037,4985.1882,5064.323,-58.4186,-1.1535,91736394.0,81269399.6
399905.SZ,20190510,5064.323,4940.4814,5064.323,4842.6072,4888.4128,175.9102,3.5985,122177483.0,103926817.4
399905.SZ,20190509,4888.4128,4897.9781,4955.7835,4879.6945,4947.7419,-59.3291,-1.1991,90934656.0,75438861.4
399905.SZ,20190508,4947.7419,4865.7878,5028.526,4842.5603,4973.4043,-25.6624,-0.516,107738121.0,88503433.4
399905.SZ,20190507,4973.4043,4933.0425,4990.1939,4886.0568,4908.7984,64.6059,1.3161,116573687.0,97660954.7
399905.SZ,20190506,4908.7984,5122.4696,5125.1616,4874.6433,5307.56,-398.7616,-7.5131,143386233.0,116597523.1
399905.SZ,20190430,5307.56,5244.0447,5349.9438,5244.0447,5265.6011,41.9589,0.7968,102190340.0,90849649.2
399905.SZ,20190429,5265.6011,5405.1641,5421.6568,5252.0486,5408.0306,-142.4295,-2.6337,138672387.0,119713196.2
399905.SZ,20190426,5408.0306,5427.6228,5496.0353,5407.1942,5458.4194,-50.3888,-0.9231,124279880.0,108970816.4
399905.SZ,20190425,5458.4194,5652.0056,5662.7898,5457.8254,5679.7256,-221.3062,-3.8964,151401718.0,132098714.8
399905.SZ,20190424,5679.7256,5636.4016,5682.4788,5568.408,5628.0624,51.6632,0.918,134784412.0,121970724.6
399905.SZ,20190423,5628.0624,5710.7334,5710.7334,5610.7353,5723.0417,-94.9793,-1.6596,149871461.0,133768248.9
399905.SZ,20190422,5723.0417,5821.0229,5824.5207,5704.9769,5810.1798,-87.1381,-1.4997,158161026.0,143410616.8
399905.SZ,20190419,5810.1798,5762.5009,5810.1798,5710.7953,5775.171,35.0088,0.6062,148724289.0,133507303.9
399905.SZ,20190418,5775.171,5804.3014,5826.6736,5762.5678,5807.7288,-32.5578,-0.5606,151322505.0,141406848.4
399905.SZ,20190417,5807.7288,5776.6352,5840.6249,5757.9952,5777.0111,30.7177,0.5317,169800155.0,158856829.0
399905.SZ,20190416,5777.0111,5625.1221,5777.0111,5583.6142,5655.9825,121.0286,2.1398,156029632.0,147394539.9
399905.SZ,20190415,5655.9825,5795.5011,5815.3916,5654.3441,5714.3676,-58.3851,-1.0217,157754136.0,147932909.4
399905.SZ,20190412,5714.3676,5720.0481,5749.3368,5673.7447,5727.1749,-12.8073,-0.2236,140078341.0,126121980.2
399905.SZ,20190411,5727.1749,5852.636,5866.9221,5720.5516,5850.7609,-123.586,-2.1123,165876073.0,157397019.8
399905.SZ,20190410,5850.7609,5826.0258,5906.4273,5782.3689,5858.0464,-7.2855,-0.1244,178753607.0,172671580.6
399905.SZ,20190409,5858.0464,5834.29,5877.84,5798.3736,5847.6296,10.4168,0.1781,179363502.0,169072553.7
399905.SZ,20190408,5847.6296,5921.2105,5939.4979,5765.9069,5871.5575,-23.9279,-0.4075,238317466.0,222907102.7
399905.SZ,20190404,5871.5575,5868.3919,5894.9882,5813.4624,5836.0369,35.5206,0.6086,208834859.0,196845266.3
399905.SZ,20190403,5836.0369,5744.2215,5843.468,5724.1257,5775.5497,60.4872,1.0473,199104763.0,182304278.5
399905.SZ,20190402,5775.5497,5794.7878,5833.0223,5750.3296,5757.8379,17.7118,0.3076,228750284.0,216017608.6
399905.SZ,20190401,5757.8379,5591.6651,5763.5806,5591.6651,5547.6561,210.1818,3.7887,221181631.0,208464845.2
399905.SZ,20190329,5547.6561,5370.4209,5550.7601,5346.2139,5370.1234,177.5327,3.3059,178333017.0,164954573.8
399905.SZ,20190328,5370.1234,5432.9438,5487.7654,5370.1234,5447.8795,-77.7561,-1.4273,149261082.0,141312489.9
399905.SZ,20190327,5447.8795,5431.9779,5447.8795,5333.7848,5394.8787,53.0008,0.9824,144956608.0,134714503.0
399905.SZ,20190326,5394.8787,5571.5251,5589.4127,5380.8535,5549.6711,-154.7924,-2.7892,176164730.0,160539919.3
399905.SZ,20190325,5549.6711,5521.251,5629.2277,5507.3576,5622.1402,-72.4691,-1.289,178432937.0,166384283.6
399905.SZ,20190322,5622.1402,5591.0427,5625.095,5505.8058,5589.478,32.6622,0.5844,181954823.0,168610426.9
399905.SZ,20190321,5589.478,5525.9922,5634.6618,5513.392,5515.7856,73.6924,1.336,207150045.0,184005098.8
399905.SZ,20190320,5515.7856,5518.3087,5533.0525,5415.7549,5522.1801,-6.3945,-0.1158,176820735.0,154380099.3
399905.SZ,20190319,5522.1801,5505.6985,5555.1227,5486.7986,5501.183,20.9971,0.3817,166713931.0,150233661.5
399905.SZ,20190318,5501.183,5387.3756,5501.183,5333.2557,5359.0087,142.1743,2.653,172655255.0,153883835.9
399905.SZ,20190315,5359.0087,5328.8085,5418.3293,5308.0621,5298.5024,60.5063,1.142,152846465.0,139681586.0
399905.SZ,20190314,5298.5024,5381.11,5432.5207,5236.7529,5424.8642,-126.3618,-2.3293,178608679.0,154289289.8
399905.SZ,20190313,5424.8642,5557.1556,5557.1556,5388.2464,5551.0029,-126.1387,-2.2724,224349236.0,201483723.0
399905.SZ,20190312,5551.0029,5500.9359,5591.6863,5458.7596,5456.381,94.6219,1.7342,249333993.0,216216097.8
399905.SZ,20190311,5456.381,5279.7507,5456.4199,5272.1903,5245.6999,210.6811,4.0163,214252213.0,185766885.6
399905.SZ,20190308,5245.6999,5340.1057,5480.1728,5245.5313,5458.6153,-212.9154,-3.9005,285680249.0,229867708.6
399905.SZ,20190307,5458.6153,5381.2266,5512.6438,5353.5735,5390.0294,68.5859,1.2725,266967220.0,214811701.3
399905.SZ,20190306,5390.0294,5328.1279,5395.554,5256.7934,5295.2878,94.7416,1.7892,264964318.0,209513257.0
399905.SZ,20190305,5295.2878,5146.6204,5295.2878,5125.154,5158.2467,137.0411,2.6567,206891261.0,168045744.4
399905.SZ,20190304,5158.2467,5112.9515,5253.388,5108.2823,5067.225,91.0217,1.7963,232446864.0,183781732.2
399905.SZ,20190301,5067.225,5047.2277,5067.3068,4984.993,5025.2913,41.9337,0.8345,149828330.0,112765394.5
399905.SZ,20190228,5025.2913,5017.4403,5072.6687,4994.0501,5017.8842,7.4071,0.1476,156042877.0,116972246.6
399905.SZ,20190227,5017.8842,5027.3875,5093.7952,4964.623,5038.5435,-20.6593,-0.41,208854087.0,155472037.7
399905.SZ,20190226,5038.5435,5059.284,5149.6229,5004.552,5044.3466,-5.8031,-0.115,262833265.0,196257557.7
399905.SZ,20190225,5044.3466,4840.5434,5045.0755,4835.4825,4777.2977,267.0489,5.59,241783579.0,190541189.5
399905.SZ,20190222,4777.2977,4651.538,4777.2977,4649.2158,4659.1431,118.1546,2.536,146166142.0,111540083.3
399905.SZ,20190221,4659.1431,4666.2814,4750.418,4643.1096,4667.6243,-8.4812,-0.1817,145951113.0,111329120.9
399905.SZ,20190220,4667.6243,4667.3534,4677.9779,4619.46,4667.2836,0.3407,0.0073,120213129.0,87303394.5
399905.SZ,20190219,4667.2836,4683.3252,4706.5253,4614.2779,4660.999,6.2846,0.1348,143874768.0,105704251.1
399905.SZ,20190218,4660.999,4527.9685,4660.999,4527.9685,4502.7348,158.2642,3.5148,124124004.0,92189941.7
399905.SZ,20190215,4502.7348,4523.9449,4544.3864,4497.3858,4532.1699,-29.4351,-0.6495,93511607.0,67254618.8
399905.SZ,20190214,4532.1699,4507.8406,4555.2331,4494.5521,4512.4088,19.7611,0.4379,94828533.0,70164059.5
399905.SZ,20190213,4512.4088,4442.7279,4526.2699,4433.0271,4439.485,72.9238,1.6426,113218903.0,82940466.8
399905.SZ,20190212,4439.485,4398.4427,4452.5007,4394.8339,4402.8668,36.6182,0.8317,85271156.0,61588925.2
399905.SZ,20190211,4402.8668,4306.2006,4403.7282,4306.2006,4294.2696,108.5972,2.5289,75297356.0,56743679.2
399905.SZ,20190201,4294.2696,4189.1098,4295.0379,4189.1098,4176.4739,117.7957,2.8205,66099677.0,47693471.3
399905.SZ,20190131,4176.4739,4203.9772,4240.7162,4151.414,4211.6235,-35.1496,-0.8346,71511205.0,47694716.1
399905.SZ,20190130,4211.6235,4235.2746,4266.8811,4211.1908,4254.2875,-42.664,-1.0028,58513770.0,42466758.4
399905.SZ,20190129,4254.2875,4301.4692,4301.4692,4188.594,4307.2196,-52.9321,-1.2289,77753727.0,54223809.2
399905.SZ,20190128,4307.2196,4341.4922,4370.898,4297.9632,4318.4417,-11.2221,-0.2599,67279935.0,49287478.1
399905.SZ,20190125,4318.4417,4341.4133,4359.4637,4315.9525,4338.17,-19.7283,-0.4548,71657478.0,52504910.5
399905.SZ,20190124,4338.17,4318.7091,4363.2181,4292.8296,4315.6846,22.4854,0.521,70630305.0,51572057.9
399905.SZ,20190123,4315.6846,4298.938,4322.8895,4292.0872,4308.2518,7.4328,0.1725,58485735.0,40571874.3
399905.SZ,20190122,4308.2518,4370.8568,4370.8568,4291.9624,4373.6333,-65.3815,-1.4949,69496672.0,47826602.4
399905.SZ,20190121,4373.6333,4354.6997,4395.0631,4352.8102,4347.8112,25.8221,0.5939,72781531.0,52937642.7
399905.SZ,20190118,4347.8112,4307.1386,4351.4382,4297.4773,4303.7308,44.0804,1.0242,83371611.0,55476936.2
399905.SZ,20190117,4303.7308,4334.6309,4347.1786,4297.6681,4336.8779,-33.1471,-0.7643,74562113.0,48421136.0
399905.SZ,20190116,4336.8779,4347.0758,4364.0963,4330.7437,4347.3555,-10.4776,-0.241,69274744.0,50030063.7
399905.SZ,20190115,4347.3555,4282.9863,4350.9338,4271.6362,4286.5474,60.8081,1.4186,72005181.0,50608143.3
399905.SZ,20190114,4286.5474,4317.5239,4325.9474,4278.761,4314.8757,-28.3283,-0.6565,67679614.0,44765955.4
399905.SZ,20190111,4314.8757,4282.3935,4316.5413,4267.2889,4281.8606,33.0151,0.771,68355085.0,46599960.1
399905.SZ,20190110,4281.8606,4289.5591,4319.4941,4274.1955,4288.7717,-6.9111,-0.1611,68910889.0,49243142.0
399905.SZ,20190109,4288.7717,4286.231,4354.1986,4280.6556,4277.2967,11.475,0.2683,85153595.0,61510931.8
399905.SZ,20190108,4277.2967,4278.2802,4289.6278,4264.6001,4288.3234,-11.0267,-0.2571,69556937.0,49700132.3
399905.SZ,20190107,4288.3234,4235.0346,4297.0238,4223.4585,4210.8786,77.4448,1.8392,81153450.0,59231303.9
399905.SZ,20190104,4210.8786,4075.6217,4210.8786,4071.6898,4112.807,98.0716,2.3845,73448737.0,52230681.3
399905.SZ,20190103,4112.807,4131.6949,4182.1983,4110.527,4131.9567,-19.1497,-0.4635,55491244.0,41103713.1
399905.SZ,20190102,4131.9567,4176.1098,4179.7233,4125.9356,4168.0363,-36.0796,-0.8656,47494449.0,35572462.2
