,stock-code,stock-code-prefix,stock-name
0,002465,0,海格通信
1,600418,1,江淮汽车
2,601012,1,隆基股份
3,300750,0,宁德时代
4,300598,0,诚迈科技
5,002239,0,奥特佳
6,000567,0,海德股份
7,002466,0,天齐锂业
8,000700,0,模塑科技
9,600812,1,华北制药
10,002409,0,雅克科技
11,002079,0,苏州固锝
12,300293,0,蓝英装备
13,300485,0,赛升药业
14,600536,1,中国软件
15,603305,1,旭升股份
16,603601,1,再升科技
17,300495,0,美尚生态
18,300496,0,中科创达
19,000936,0,华西股份
20,002123,0,梦网集团
21,002594,0,比亚迪
22,300160,0,秀强股份
23,603392,1,万泰生物
24,002624,0,完美世界
25,002338,0,奥普光电
26,300383,0,光环新网
27,600183,1,生益科技
28,601888,1,中国国旅
29,002987,0,京北方
30,002056,0,横店东磁
31,603005,1,晶方科技
32,600438,1,通威股份
33,600276,1,恒瑞医药
34,002670,0,国盛金控
35,300033,0,同花顺
36,002141,0,贤丰控股
37,300319,0,麦捷科技
38,600185,1,格力地产
39,603019,1,中科曙光
40,600699,1,均胜电子
41,688058,1,宝兰德
42,600031,1,三一重工
43,300502,0,新易盛
44,000612,0,焦作万方
45,300246,0,宝莱特
46,603721,1,中广天择
47,002536,0,飞龙股份
48,600338,1,西藏珠峰
49,002601,0,龙蟒佰利
50,002619,0,艾格拉斯
51,300315,0,掌趣科技
52,300058,0,蓝色光标
53,300776,0,帝尔激光
54,300529,0,健帆生物
55,605168,1,三人行
56,600588,1,用友网络
57,002153,0,石基信息
58,688157,1,松井股份
59,002405,0,四维图新
60,002126,0,银轮股份
61,002623,0,亚玛顿
62,600827,1,百联股份
63,002613,0,北玻股份
64,000069,0,华侨城Ａ
65,002371,0,北方华创
66,603301,1,振德医疗
67,000793,0,华闻集团
68,300835,0,龙磁科技
69,601162,1,天风证券
70,002292,0,奥飞娱乐
71,002497,0,雅化集团
72,600988,1,赤峰黄金
73,300113,0,顺网科技
74,300601,0,康泰生物
75,300073,0,当升科技
76,688111,1,金山办公
77,000783,0,长江证券
78,002938,0,鹏鼎控股
79,300494,0,盛天网络
80,603228,1,景旺电子
81,300379,0,东方通
82,300001,0,特锐德
83,000861,0,海印股份
84,300043,0,星辉娱乐
85,600211,1,西藏药业
86,300118,0,东方日升
87,600131,1,国网信通
88,002602,0,世纪华通
89,601727,1,上海电气
90,600157,1,永泰能源
91,002074,0,国轩高科
92,600862,1,中航高科
93,600426,1,华鲁恒升
94,688012,1,中微公司
95,002425,0,凯撒文化
96,601777,1,力帆股份
97,601899,1,紫金矿业
98,603787,1,新日股份
99,002160,0,常铝股份
100,603023,1,威帝股份
101,002261,0,拓维信息
102,000021,0,深科技
103,601233,1,桐昆股份
104,000970,0,中科三环
105,600697,1,欧亚集团
106,600111,1,北方稀土
107,688126,1,沪硅产业-U
108,300467,0,迅游科技
109,601609,1,金田铜业
110,300085,0,银之杰
111,603266,1,天龙股份
112,688037,1,芯源微
113,601519,1,大智慧
114,601990,1,南京证券
115,603258,1,电魂网络
116,600446,1,金证股份
117,600733,1,北汽蓝谷
118,300098,0,高新兴
119,600918,1,中泰证券
120,300518,0,盛讯达
121,688318,1,财富趋势
122,300132,0,青松股份
123,600580,1,卧龙电驱
124,000938,0,紫光股份
125,300141,0,和顺电气
126,000066,0,中国长城
127,002083,0,孚日股份
128,300676,0,华大基因
129,600325,1,华发股份
130,300803,0,指南针
131,603060,1,国检集团
132,000977,0,浪潮信息
133,002990,0,盛视科技
134,300677,0,英科医疗
135,603108,1,润达医疗
136,603338,1,浙江鼎力
137,003816,0,中国广核
138,603712,1,XD七一二
139,600326,1,西藏天路
140,603790,1,雅运股份
141,600609,1,金杯汽车
142,300209,0,天泽信息
143,002387,0,维信诺
144,601966,1,XD玲珑轮
145,300233,0,金城医药
146,603806,1,福斯特
147,300724,0,捷佳伟创
148,600009,1,上海机场
149,601229,1,上海银行
150,002091,0,江苏国泰
151,002803,0,吉宏股份
152,300531,0,优博讯
153,300031,0,宝通科技
154,300703,0,创源文化
155,300166,0,东方国信
156,688019,1,安集科技
157,688018,1,乐鑫科技
158,688177,1,百奥泰-U
159,688278,1,特宝生物
160,002414,0,高德红外
161,002368,0,太极股份
162,002075,0,沙钢股份
163,002920,0,德赛西威
164,600959,1,江苏有线
165,600392,1,盛和资源
166,300316,0,晶盛机电
167,002570,0,贝因美
168,300206,0,理邦仪器
169,000732,0,泰禾集团
170,002182,0,云海金属
171,002645,0,华宏科技
172,300390,0,天华超净
173,600239,1,云南城投
174,000501,0,鄂武商Ａ
175,002981,0,朝阳科技
176,603318,1,派思股份
177,300765,0,新诺威
178,600993,1,马应龙
179,603444,1,吉比特
180,300627,0,华测导航
181,002168,0,惠程科技
182,600176,1,中国巨石
183,600885,1,宏发股份
184,600606,1,绿地控股
185,603116,1,红蜻蜓
186,300052,0,中青宝
187,000030,0,富奥股份
188,600895,1,张江高科
189,300618,0,寒锐钴业
190,002986,0,宇新股份
191,002544,0,杰赛科技
192,002208,0,合肥城建
193,000961,0,中南建设
194,600155,1,华创阳安
195,600783,1,鲁信创投
196,600026,1,中远海能
197,603893,1,XD瑞芯微
198,600118,1,中国卫星
199,603881,1,数据港
200,000576,0,广东甘化
201,601006,1,大秦铁路
202,300570,0,太辰光
203,300259,0,新天科技
204,002528,0,英飞拓
205,002324,0,普利特
206,688258,1,卓易信息
207,300070,0,碧水源
208,000011,0,深物业A
209,300173,0,智慧松德
210,300740,0,御家汇
211,600350,1,山东高速
212,600848,1,上海临港
213,300477,0,合纵科技
214,600521,1,华海药业
215,002773,0,康弘药业
216,002850,0,科达利
217,002134,0,天津普林
218,002066,0,瑞泰科技
219,000831,0,五矿稀土
220,002539,0,云图控股
221,603393,1,新天然气
222,002297,0,博云新材
223,002958,0,青农商行
224,002583,0,海能达
225,300633,0,开立医疗
226,603936,1,博敏电子
227,000813,0,德展健康
228,002439,0,启明星辰
229,002662,0,京威股份
230,600104,1,上汽集团
231,300364,0,中文在线
232,300454,0,深信服
233,603969,1,银龙股份
234,600640,1,号百控股
235,300348,0,长亮科技
236,300473,0,德尔股份
237,603880,1,南卫股份
238,601398,1,工商银行
239,002547,0,春兴精工
240,300815,0,玉禾田
241,600702,1,舍得酒业
242,601211,1,国泰君安
243,002961,0,瑞达期货
244,300797,0,钢研纳克
245,601997,1,贵阳银行
246,300693,0,盛弘股份
247,300101,0,振芯科技
248,300127,0,银河磁体
249,300342,0,天银机电
250,300182,0,捷成股份
251,603177,1,德创环保
252,300178,0,腾邦国际
253,603383,1,顶点软件
254,300674,0,宇信科技
255,002576,0,通达动力
256,300705,0,九典制药
257,002050,0,三花智控
258,300278,0,华昌达
259,002665,0,首航高科
260,000859,0,国风塑业
261,601718,1,际华集团
262,002044,0,美年健康
263,603883,1,老百姓
264,300297,0,蓝盾股份
265,002940,0,昂利康
266,000564,0,供销大集
267,000537,0,广宇发展
268,600070,1,浙江富润
269,002543,0,万和电气
270,002819,0,东方中科
271,300699,0,光威复材
272,300299,0,富春股份
273,600315,1,上海家化
274,000762,0,西藏矿业
275,000887,0,中鼎股份
276,000009,0,中国宝安
277,002214,0,大立科技
278,601066,1,中信建投
279,300546,0,雄帝科技
280,600363,1,联创光电
281,300023,0,宝德股份
282,002258,0,利尔化学
283,600695,1,绿庭投资
284,300413,0,芒果超媒
285,300244,0,迪安诊断
286,300202,0,聚龙股份
287,300036,0,超图软件
288,002867,0,周大生
289,300723,0,一品红
290,000711,0,京蓝科技
291,600635,1,大众公用
292,002392,0,北京利尔
293,600023,1,浙能电力
294,000948,0,南天信息
295,000603,0,盛达资源
296,002401,0,中远海科
297,300681,0,英搏尔
298,600928,1,西安银行
299,600022,1,山东钢铁
300,002174,0,游族网络
301,300063,0,天龙集团
302,600741,1,华域汽车
303,002240,0,威华股份
304,000973,0,佛塑科技
305,300460,0,惠伦晶体
306,300355,0,蒙草生态
307,603685,1,晨丰科技
308,002829,0,星网宇达
309,000703,0,恒逸石化
310,300568,0,星源材质
311,002725,0,跃岭股份
312,002268,0,卫 士 通
313,002532,0,新界泵业
314,600637,1,东方明珠
315,000616,0,海航投资
316,300093,0,金刚玻璃
317,603826,1,坤彩科技
318,002055,0,得润电子
319,300587,0,天铁股份
320,002939,0,长城证券
321,000049,0,德赛电池
322,601717,1,郑煤机
323,603232,1,格尔软件
324,300236,0,上海新阳
325,600751,1,海航科技
326,600370,1,三房巷
327,600879,1,航天电子
328,002647,0,仁东控股
329,300226,0,上海钢联
330,300715,0,凯伦股份
331,002518,0,科士达
332,002431,0,棕榈股份
333,300821,0,东岳硅材
334,002690,0,美亚光电
335,000739,0,普洛药业
336,601058,1,XD赛轮轮
337,002935,0,天奥电子
338,600732,1,爱旭股份
339,603367,1,辰欣药业
340,300302,0,同有科技
341,300538,0,同益股份
342,600658,1,电子城
343,300692,0,中环环保
344,600297,1,广汇汽车
345,688363,1,华熙生物
346,300817,0,双飞股份
347,603701,1,德宏股份
348,000532,0,华金资本
349,002479,0,富春环保
350,002127,0,南极电商
351,688118,1,普元信息
352,002062,0,宏润建设
353,300331,0,苏大维格
354,603786,1,科博达
355,002294,0,信立泰
356,600449,1,宁夏建材
357,603269,1,海鸥股份
358,000959,0,首钢股份
359,600375,1,华菱星马
360,300045,0,华力创通
361,300707,0,威唐工业
362,603348,1,文灿股份
363,300771,0,智莱科技
364,601018,1,宁波港
365,603158,1,腾龙股份
366,002407,0,多氟多
367,002510,0,天汽模
368,002815,0,崇达技术
369,601865,1,福莱特
370,688108,1,赛诺医疗
371,603920,1,世运电路
372,002612,0,朗姿股份
373,600487,1,亨通光电
374,600312,1,平高电气
375,000758,0,中色股份
376,688005,1,容百科技
377,300051,0,三五互联
378,300751,0,迈为股份
379,000155,0,川能动力
380,300748,0,金力永磁
381,002416,0,爱施德
382,002816,0,和科达
383,600246,1,万通地产
384,002148,0,北纬科技
385,603688,1,石英股份
386,002406,0,远东传动
387,002584,0,西陇科学
388,688006,1,杭可科技
389,603326,1,我乐家居
390,002459,0,晶澳科技
391,002132,0,恒星科技
392,002862,0,实丰文化
393,000736,0,中交地产
394,000034,0,神州数码
395,002788,0,鹭燕医药
396,600103,1,青山纸业
397,603566,1,普莱柯
398,600729,1,重庆百货
399,300559,0,佳发教育
400,601366,1,利群股份
401,600667,1,太极实业
402,002314,0,南山控股
403,600146,1,商赢环球
404,603356,1,华菱精工
405,000868,0,*ST安凯
406,600792,1,云煤能源
407,002591,0,恒大高新
408,603797,1,联泰环保
409,002254,0,泰和新材
410,600409,1,三友化工
411,300738,0,奥飞数据
412,603022,1,新通联
413,600822,1,上海物贸
414,002824,0,和胜股份
415,603506,1,南都物业
416,002585,0,双星新材
417,002057,0,中钢天源
418,603516,1,淳中科技
419,600448,1,XR华纺股
420,002249,0,大洋电机
421,600816,1,*ST安信
422,002699,0,美盛文化
423,603876,1,鼎胜新材
424,300040,0,九洲电气
425,600596,1,新安股份
426,002076,0,*ST雪莱
427,300621,0,维业股份
428,002434,0,万里扬
429,300767,0,震安科技
430,000509,0,*ST华塑
431,002269,0,美邦服饰
432,002672,0,东江环保
433,603848,1,好太太
434,688388,1,嘉元科技
435,688009,1,中国通号
436,300247,0,融捷健康
437,603669,1,灵康药业
438,300341,0,麦克奥迪
439,688188,1,柏楚电子
440,603021,1,山东华鹏
441,002390,0,信邦制药
442,300138,0,晨光生物
443,000905,0,厦门港务
444,600811,1,东方集团
445,600366,1,宁波韵升
446,300224,0,正海磁材
447,600563,1,法拉电子
448,002921,0,联诚精密
449,000667,0,美好置业
450,600126,1,杭钢股份
451,300035,0,中科电气
452,600850,1,华东电脑
453,002139,0,拓邦股份
454,600579,1,克劳斯
455,600549,1,厦门钨业
456,601577,1,长沙银行
457,002537,0,海联金汇
458,600821,1,*ST劝业
459,603960,1,克来机电
460,601512,1,中新集团
461,002516,0,旷达科技
462,603179,1,新泉股份
463,002047,0,宝鹰股份
464,300545,0,联得装备
465,002638,0,勤上股份
466,603707,1,健友股份
467,000927,0,*ST夏利
468,603730,1,岱美股份
469,300231,0,银信科技
470,300368,0,汇金股份
471,601069,1,西部黄金
472,002194,0,武汉凡谷
473,002675,0,东诚药业
474,300213,0,佳讯飞鸿
475,002966,0,苏州银行
476,300374,0,恒通科技
477,300556,0,丝路视觉
478,000976,0,华铁股份
479,603722,1,阿科力
480,600570,1,恒生电子
481,688116,1,天奈科技
482,300745,0,欣锐科技
483,603056,1,德邦股份
484,300718,0,长盛轴承
485,600322,1,天房发展
486,002634,0,棒杰股份
487,002035,0,华帝股份
488,002948,0,青岛银行
489,000998,0,隆平高科
490,000688,0,国城矿业
491,001696,0,宗申动力
492,300205,0,天喻信息
493,002065,0,东华软件
494,002899,0,英派斯
495,600909,1,华安证券
496,002980,0,华盛昌
497,600926,1,杭州银行
498,603106,1,恒银金融
499,603927,1,中科软
500,002198,0,嘉应制药
501,603519,1,立霸股份
502,000652,0,泰达股份
503,300696,0,爱乐达
504,000980,0,众泰汽车
505,603610,1,麒盛科技
506,002048,0,宁波华翔
507,000786,0,北新建材
508,600490,1,鹏欣资源
509,600398,1,海澜之家
510,603608,1,天创时尚
511,603239,1,浙江仙通
512,603077,1,和邦生物
513,300266,0,兴源环境
514,300666,0,江丰电子
515,603809,1,豪能股份
516,300721,0,怡达股份
517,002270,0,华明装备
518,603968,1,醋化股份
519,600865,1,百大集团
520,600548,1,深高速
521,001914,0,招商积余
522,600008,1,首创股份
523,002480,0,新筑股份
524,600572,1,康恩贝
525,300082,0,奥克股份
526,000669,0,*ST金鸿
527,300753,0,爱朋医疗
528,603187,1,海容冷链
529,300579,0,数字认证
530,000920,0,南方汇通
531,600531,1,豫光金铅
532,300684,0,中石科技
533,300802,0,矩子科技
534,601005,1,重庆钢铁
535,002331,0,皖通科技
536,300590,0,移为通信
537,000543,0,皖能电力
538,300659,0,中孚信息
539,300134,0,大富科技
540,600515,1,海航基础
541,300455,0,康拓红外
542,600285,1,羚锐制药
543,603979,1,金诚信
544,603839,1,安正时尚
545,300722,0,新余国科
546,601595,1,上海电影
547,600452,1,涪陵电力
548,002558,0,巨人网络
549,300248,0,新开普
550,601360,1,三六零
551,002757,0,南兴股份
552,600736,1,苏州高新
553,600161,1,天坛生物
554,002766,0,*ST索菱
555,600810,1,神马股份
556,600593,1,大连圣亚
557,002768,0,国恩股份
558,600882,1,妙可蓝多
559,300468,0,四方精创
560,601811,1,新华文轩
561,000589,0,贵州轮胎
562,300076,0,GQY视讯
563,300005,0,探路者
564,605001,1,威奥股份
565,002226,0,江南化工
566,300252,0,金信诺
567,000429,0,粤高速Ａ
568,300258,0,精锻科技
569,000631,0,顺发恒业
570,600936,1,广西广电
571,601929,1,吉视传媒
572,603365,1,XD水星家
573,002563,0,森马服饰
574,603489,1,八方股份
575,002145,0,中核钛白
576,688066,1,航天宏图
577,002408,0,齐翔腾达
578,600576,1,祥源文化
579,002364,0,中恒电气
580,300557,0,理工光科
581,000932,0,华菱钢铁
582,600776,1,东方通信
583,002956,0,西麦食品
584,600773,1,西藏城投
585,300176,0,派生科技
586,002082,0,万邦德
587,600679,1,上海凤凰
588,300317,0,珈伟新能
589,002521,0,齐峰新材
590,603789,1,星光农机
591,300645,0,正元智慧
592,603009,1,北特科技
593,300632,0,光莆股份
594,600933,1,爱柯迪
595,603505,1,金石资源
596,002769,0,普路通
597,300075,0,数字政通
598,600235,1,民丰特纸
599,300702,0,天宇股份
600,600106,1,重庆路桥
601,688168,1,安博通
602,300571,0,平治信息
603,300394,0,天孚通信
604,600525,1,长园集团
605,300533,0,冰川网络
606,601028,1,玉龙股份
607,688022,1,瀚川智能
608,601615,1,明阳智能
609,000673,0,*ST当代
610,603086,1,先达股份
611,600980,1,北矿科技
612,000555,0,神州信息
613,002709,0,天赐材料
614,002101,0,广东鸿图
615,002972,0,科安达
616,601101,1,昊华能源
617,000985,0,大庆华科
618,300334,0,津膜科技
619,000096,0,广聚能源
620,601881,1,中国银河
621,688266,1,泽璟制药-U
622,601677,1,明泰铝业
623,600602,1,云赛智联
624,300377,0,赢时胜
625,300469,0,信息发展
626,600236,1,桂冠电力
627,600500,1,中化国际
628,002950,0,奥美医疗
629,000048,0,京基智农
630,000820,0,*ST节能
631,600594,1,益佰制药
632,000630,0,铜陵有色
633,000513,0,丽珠集团
634,300037,0,新宙邦
635,002889,0,东方嘉盛
636,600316,1,洪都航空
637,603929,1,亚翔集成
638,600262,1,北方股份
639,603083,1,剑桥科技
640,300102,0,乾照光电
641,603618,1,杭电股份
642,300262,0,巴安水务
643,300578,0,会畅通讯
644,600858,1,银座股份
645,600119,1,ST长投
646,300245,0,天玑科技
647,603888,1,新华网
648,002865,0,钧达股份
649,002835,0,同为股份
650,000008,0,神州高铁
651,002319,0,*ST乐通
652,000705,0,浙江震元
653,600207,1,安彩高科
654,300769,0,德方纳米
655,300837,0,浙矿股份
656,002792,0,通宇通讯
657,603345,1,安井食品
658,002325,0,洪涛股份
659,300417,0,南华仪器
660,603303,1,得邦照明
661,300669,0,沪宁股份
662,002363,0,隆基机械
663,002472,0,双环传动
664,601000,1,唐山港
665,603912,1,佳力图
666,002805,0,丰元股份
667,600803,1,新奥股份
668,600143,1,金发科技
669,300191,0,潜能恒信
670,688078,1,龙软科技
671,600800,1,天津磁卡
672,603733,1,仙鹤股份
673,601518,1,吉林高速
674,600853,1,龙建股份
675,300187,0,永清环保
676,600091,1,ST明科
677,002849,0,威星智能
678,600819,1,耀皮玻璃
679,000952,0,广济药业
680,002827,0,高争民爆
681,000821,0,京山轻机
682,000036,0,华联控股
683,002866,0,传艺科技
684,600379,1,宝光股份
685,000752,0,*ST西发
686,300493,0,润欣科技
687,600351,1,亚宝药业
688,300092,0,科新机电
689,300521,0,爱司凯
690,603803,1,瑞斯康达
691,300281,0,金明精机
692,002502,0,*ST鼎龙
693,002312,0,三泰控股
694,300312,0,邦讯技术
695,600376,1,首开股份
696,002088,0,鲁阳节能
697,000622,0,恒立实业
698,600508,1,上海能源
699,002573,0,清新环境
700,600345,1,长江通信
701,002697,0,红旗连锁
702,300306,0,远方信息
703,600860,1,*ST京城
704,000885,0,城发环境
705,002552,0,宝鼎科技
706,300613,0,富瀚微
707,300535,0,达威股份
708,603380,1,易德龙
709,000004,0,国农科技
710,600694,1,大商股份
711,000553,0,安道麦A
712,000637,0,茂化实华
713,600651,1,*ST飞乐
714,000408,0,*ST藏格
715,002112,0,三变科技
716,002808,0,恒久科技
717,600170,1,上海建工
718,300582,0,英飞特
719,300069,0,金利华电
720,600483,1,福能股份
721,300472,0,新元科技
722,002077,0,*ST大港
723,600684,1,珠江实业
724,603089,1,正裕工业
725,002467,0,二六三
726,300640,0,德艺文创
727,002721,0,金一文化
728,300124,0,汇川技术
729,600054,1,黄山旅游
730,600775,1,南京熊猫
731,603663,1,三祥新材
732,688021,1,奥福环保
733,603978,1,深圳新星
734,600210,1,紫江企业
735,000719,0,中原传媒
736,603109,1,神驰机电
737,000668,0,荣丰控股
738,300597,0,吉大通信
739,002716,0,*ST金贵
740,000863,0,三湘印象
741,002652,0,扬子新材
742,002989,0,中天精装
743,300143,0,盈康生命
744,600642,1,申能股份
745,000606,0,顺利办
746,000759,0,中百集团
747,601218,1,吉鑫科技
748,002272,0,川润股份
749,000517,0,荣安地产
750,000712,0,锦龙股份
751,601799,1,星宇股份
752,603218,1,日月股份
753,002776,0,柏堡龙
754,300100,0,双林股份
755,002189,0,中光学
756,000617,0,中油资本
757,000559,0,万向钱潮
758,000657,0,中钨高新
759,000402,0,金 融 街
760,300371,0,汇中股份
761,300780,0,德恩精工
762,603768,1,常青股份
763,002856,0,美芝股份
764,300441,0,鲍斯股份
765,600313,1,农发种业
766,603889,1,新澳股份
767,688310,1,迈得医疗
768,603050,1,科林电气
769,002663,0,普邦股份
770,000880,0,潍柴重机
771,688268,1,华特气体
772,300619,0,金银河
773,002336,0,*ST人乐
774,600105,1,永鼎股份
775,000037,0,深南电A
776,002739,0,万达电影
777,601068,1,中铝国际
778,300264,0,佳创视讯
779,600021,1,上海电力
780,002068,0,黑猫股份
781,002423,0,中粮资本
782,603555,1,*ST贵人
783,002159,0,三特索道
784,000811,0,冰轮环境
785,000715,0,中兴商业
786,600693,1,东百集团
787,300380,0,安硕信息
788,603499,1,翔港科技
789,002318,0,久立特材
790,603867,1,新化股份
791,600797,1,浙大网新
792,300490,0,华自科技
793,300208,0,青岛中程
794,603989,1,艾华集团
795,300577,0,开润股份
796,000005,0,世纪星源
797,002227,0,奥 特 迅
798,002360,0,同德化工
799,002244,0,滨江集团
800,000014,0,沙河股份
801,600689,1,上海三毛
802,603331,1,百达精工
803,601368,1,绿城水务
804,300444,0,双杰电气
805,000679,0,*ST友谊
806,000663,0,*ST永林
807,000882,0,华联股份
808,002535,0,*ST林重
809,000027,0,深圳能源
810,002728,0,特一药业
811,002813,0,路畅科技
812,600537,1,亿晶光电
813,002909,0,集泰股份
814,000989,0,九 芝 堂
815,000928,0,中钢国际
816,002347,0,泰尔股份
817,002053,0,云南能投
818,600444,1,国机通用
819,300164,0,通源石油
820,600202,1,哈空调
821,600393,1,粤泰股份
822,603379,1,三美股份
823,000611,0,*ST天首
824,002703,0,浙江世宝
825,300128,0,锦富技术
826,600220,1,江苏阳光
827,300193,0,佳士科技
828,600385,1,ST金泰
829,600614,1,*ST鹏起
830,000545,0,金浦钛业
831,600623,1,华谊集团
832,601127,1,小康股份
833,300580,0,贝斯特
834,600367,1,红星发展
835,000533,0,顺钠股份
836,000812,0,陕西金叶
837,002883,0,中设股份
838,603159,1,上海亚虹
839,002633,0,申科股份
840,603105,1,芯能科技
841,300055,0,万邦达
842,002795,0,永和智控
843,200625,0,长  安Ｂ
844,300200,0,高盟新材
845,688011,1,新光光电
846,002433,0,太安堂
847,002009,0,天奇股份
848,000810,0,创维数字
849,601588,1,北辰实业
850,600225,1,*ST松江
851,300479,0,神思电子
852,000691,0,亚太实业
853,603227,1,雪峰科技
854,000597,0,东北制药
855,002501,0,*ST利源
856,002752,0,昇兴股份
857,300838,0,浙江力诺
858,300250,0,初灵信息
859,002657,0,中科金财
860,000626,0,远大控股
861,300135,0,宝利国际
862,002838,0,道恩股份
863,300643,0,万通智控
864,000893,0,东凌国际
865,002200,0,ST云投
866,601008,1,连云港
867,601996,1,丰林集团
868,600311,1,*ST荣华
869,603286,1,日盈电子
870,600178,1,东安动力
871,002287,0,奇正藏药
872,603569,1,长久物流
873,600160,1,巨化股份
874,603203,1,快克股份
875,300384,0,三联虹普
876,600649,1,城投控股
877,300611,0,美力科技
878,002482,0,广田集团
879,603798,1,康普顿
880,600552,1,凯盛科技
881,600582,1,天地科技
882,600971,1,恒源煤电
883,600110,1,诺德股份
884,603991,1,至正股份
885,600033,1,福建高速
886,600187,1,国中水务
887,600919,1,江苏银行
888,002790,0,瑞尔特
889,603110,1,东方材料
890,603859,1,能科股份
891,002682,0,龙洲股份
892,300743,0,天地数码
893,002031,0,巨轮智能
894,601515,1,东风股份
895,002590,0,万安科技
896,600897,1,厦门空港
897,600881,1,亚泰集团
898,600355,1,精伦电子
899,600123,1,兰花科创
900,300733,0,西菱动力
901,002052,0,*ST同洲
902,603166,1,福达股份
903,300385,0,雪浪环境
904,600463,1,空港股份
905,603518,1,锦泓集团
906,603878,1,武进不锈
907,603629,1,利通电子
908,300690,0,双一科技
909,002615,0,哈尔斯
910,002454,0,松芝股份
911,603637,1,镇海股份
912,603709,1,中源家居
913,603648,1,畅联股份
914,000838,0,财信发展
915,300062,0,中能电气
916,300731,0,科创新源
917,300560,0,中富通
918,300170,0,汉得信息
919,603716,1,塞力斯
920,300625,0,三雄极光
921,000966,0,长源电力
922,300112,0,万讯自控
923,600968,1,海油发展
924,300304,0,云意电气
925,600969,1,郴电国际
926,300412,0,迦南科技
927,002861,0,瀛通通讯
928,600247,1,ST成城
929,300066,0,三川智慧
930,603319,1,XD湘油泵
931,603596,1,伯特利
932,300025,0,华星创业
933,603828,1,柯利达
934,300464,0,星徽精密
935,300189,0,神农科技
936,600182,1,S佳通
937,300074,0,华平股份
938,603238,1,诺邦股份
939,900926,1,宝信Ｂ
940,600302,1,标准股份
941,600509,1,天富能源
942,002527,0,新时达
943,300629,0,新劲刚
944,600381,1,青海春天
945,601558,1,退市锐电
946,300608,0,思特奇
947,600836,1,*ST界龙
948,600873,1,梅花生物
949,300311,0,任子行
950,600288,1,大恒科技
951,002566,0,益盛药业
952,300812,0,易天股份
953,603680,1,今创集团
954,600354,1,*ST敦种
955,300547,0,川环科技
956,600892,1,*ST大晟
957,300540,0,深冷股份
958,002323,0,*ST雅博
959,603530,1,神马电力
960,300411,0,金盾股份
961,002571,0,德力股份
962,000782,0,美达股份
963,603016,1,新宏泰
964,600213,1,亚星客车
965,603029,1,天鹅股份
966,002651,0,利君股份
967,600917,1,重庆燃气
968,300599,0,雄塑科技
969,000407,0,胜利股份
970,603819,1,神力股份
971,300581,0,晨曦航空
972,300789,0,唐源电气
973,603996,1,*ST中新
974,002806,0,华锋股份
975,603208,1,江山欧派
976,300126,0,锐奇股份
977,300415,0,伊之密
978,002178,0,延华智能
979,603861,1,白云电器
980,600227,1,圣济堂
981,002789,0,建艺集团
982,002441,0,众业达
983,002193,0,如意集团
984,600395,1,盘江股份
985,000628,0,高新发展
986,300717,0,华信新材
987,002748,0,世龙实业
988,300651,0,金陵体育
989,600306,1,*ST商城
990,002896,0,中大力德
991,300406,0,九强生物
992,600746,1,江苏索普
993,300532,0,今天国际
994,002221,0,东华能源
995,603926,1,铁流股份
996,688369,1,XD致远互
997,000718,0,苏宁环球
998,300491,0,通合科技
999,603966,1,法兰泰克
1000,603843,1,正平股份
1001,603035,1,常熟汽饰
1002,002161,0,远 望 谷
1003,002108,0,沧州明珠
1004,600067,1,冠城大通
1005,002037,0,保利联合
1006,600368,1,五洲交通
1007,300434,0,金石亚药
1008,300756,0,中山金马
1009,603165,1,荣晟环保
1010,002290,0,*ST中科
1011,600823,1,世茂股份
1012,300710,0,万隆光电
1013,300720,0,海川智能
1014,000571,0,*ST大洲
1015,603860,1,中公高科
1016,603098,1,森特股份
1017,000055,0,方大集团
1018,001872,0,招商港口
1019,002284,0,亚太股份
1020,600071,1,凤凰光学
1021,300039,0,上海凯宝
1022,603717,1,天域生态
1023,002098,0,浔兴股份
1024,600255,1,*ST梦舟
1025,300107,0,建新股份
1026,002554,0,惠博普
1027,603698,1,航天工程
1028,000978,0,桂林旅游
1029,600435,1,北方导航
1030,600117,1,西宁特钢
1031,601106,1,中国一重
1032,600169,1,太原重工
1033,600423,1,ST柳化
1034,300796,0,贝斯美
1035,002203,0,海亮股份
1036,603040,1,新坐标
1037,300286,0,安科瑞
1038,600620,1,天宸股份
1039,300610,0,晨化股份
1040,002192,0,*ST融捷
1041,300301,0,长方集团
1042,600405,1,动力源
1043,200413,0,东旭B
1044,300172,0,中电环保
1045,603829,1,洛凯股份
1046,002926,0,华西证券
1047,300713,0,英可瑞
1048,300470,0,中密控股
1049,200168,0,*ST舜喆B
1050,300554,0,三超新材
1051,002462,0,嘉事堂
1052,603025,1,大豪科技
1053,900936,1,鄂资Ｂ股
1054,002855,0,捷荣技术
1055,000419,0,通程控股
1056,300153,0,科泰电源
1057,601991,1,大唐发电
1058,600455,1,博通股份
1059,002778,0,高科石化
1060,603773,1,沃格光电
1061,002836,0,新宏泽
1062,002811,0,郑中设计
1063,603389,1,*ST亚振
1064,200016,0,深康佳Ｂ
1065,002736,0,国信证券
1066,600527,1,江南高纤
1067,300442,0,普丽盛
1068,601188,1,龙江交通
1069,900957,1,凌云Ｂ股
1070,002533,0,金杯电工
1071,600778,1,友好集团
1072,300243,0,瑞丰高材
1073,603958,1,哈森股份
1074,000751,0,锌业股份
1075,600469,1,风神股份
1076,000695,0,滨海能源
1077,002947,0,恒铭达
1078,300661,0,圣邦股份
1079,603099,1,长白山
1080,601216,1,君正集团
1081,300154,0,瑞凌股份
1082,603214,1,爱婴室
1083,900910,1,海立Ｂ股
1084,600671,1,天目药业
1085,603611,1,诺力股份
1086,002350,0,北京科锐
1087,600212,1,*ST江泉
1088,600654,1,ST中安
1089,900929,1,锦旅Ｂ股
1090,600586,1,金晶科技
1091,300149,0,量子生物
1092,300600,0,瑞特股份
1093,002893,0,华通热力
1094,900902,1,市北B股
1095,900934,1,锦江Ｂ股
1096,603315,1,福鞍股份
1097,900947,1,振华Ｂ股
1098,900945,1,海控Ｂ股
1099,900955,1,*ST海创B
1100,900953,1,凯马Ｂ
1101,900946,1,ST天雁B
1102,900943,1,开开Ｂ股
1103,900942,1,黄山Ｂ股
1104,900940,1,大名城B
1105,900939,1,汇丽B
1106,900927,1,物贸Ｂ股
1107,900925,1,机电Ｂ股
1108,900924,1,上工Ｂ股
1109,900922,1,三毛B股
1110,900921,1,丹科B股
1111,900920,1,上柴Ｂ股
1112,900919,1,绿庭B股
1113,900917,1,海欣Ｂ股
1114,900916,1,凤凰B股
1115,900915,1,中路Ｂ股
1116,900914,1,锦投Ｂ股
1117,900913,1,国新B股
1118,900912,1,外高Ｂ股
1119,900911,1,金桥Ｂ股
1120,900909,1,华谊B股
1121,900907,1,*ST鹏起B
1122,900904,1,神奇B股
1123,900903,1,大众Ｂ股
1124,603779,1,ST威龙
1125,201872,0,招港B
1126,200992,0,中  鲁Ｂ
1127,200986,0,粤华包Ｂ
1128,200869,0,张  裕Ｂ
1129,200771,0,杭汽轮Ｂ
1130,200761,0,本钢板Ｂ
1131,200726,0,鲁  泰Ｂ
1132,200706,0,瓦轴B
1133,200613,0,大东海B
1134,200581,0,苏威孚Ｂ
1135,200570,0,苏常柴Ｂ
1136,200550,0,江  铃Ｂ
1137,200541,0,粤照明Ｂ
1138,200539,0,粤电力Ｂ
1139,200530,0,冰山B
1140,200521,0,虹美菱B
1141,200512,0,闽灿坤Ｂ
1142,200505,0,京粮B
1143,200468,0,宁通信B
1144,200058,0,深赛格B
1145,200056,0,皇庭B
1146,200054,0,建车B
1147,200045,0,深纺织Ｂ
1148,200037,0,深南电B
1149,200030,0,富奥B
1150,200028,0,一致Ｂ
1151,200026,0,飞亚达Ｂ
1152,200025,0,特  力Ｂ
1153,200020,0,深华发Ｂ
1154,200019,0,深粮B
1155,200017,0,*ST中华B
1156,002604,0,龙力退
1157,002509,0,天茂退
1158,300169,0,天晟新材
1159,002337,0,赛象科技
1160,603090,1,宏盛股份
1161,900908,1,氯碱Ｂ股
1162,900952,1,锦港Ｂ股
1163,200160,0,东沣B退
1164,600234,1,ST山水
1165,900901,1,云赛Ｂ股
1166,300475,0,聚隆科技
1167,603990,1,麦迪科技
1168,900918,1,耀皮Ｂ股
1169,600791,1,京能置业
1170,600785,1,新华百货
1171,600265,1,ST景谷
1172,002845,0,同兴达
1173,002334,0,英威腾
1174,300534,0,陇神戎发
1175,600250,1,南纺股份
1176,900938,1,海科B
1177,900928,1,临港B股
1178,600200,1,江苏吴中
1179,603278,1,大业股份
1180,000962,0,东方钽业
1181,200553,0,安道麦B
1182,600826,1,兰生股份
1183,900932,1,陆家Ｂ股
1184,600653,1,申华控股
1185,603093,1,南华期货
1186,600403,1,大有能源
1187,000766,0,通化金马
1188,000605,0,渤海股份
1189,600992,1,贵绳股份
1190,603225,1,新凤鸣
1191,002096,0,南岭民爆
1192,900937,1,华电B股
1193,900923,1,百联Ｂ股
1194,600652,1,ST游久
1195,900948,1,伊泰Ｂ股
1196,603063,1,禾望电气
1197,603586,1,金麒麟
1198,300667,0,必创科技
1199,000548,0,湖南投资
1200,002658,0,雪迪龙
1201,600856,1,*ST中天
1202,600149,1,ST坊展
1203,002687,0,乔治白
1204,600744,1,华银电力
1205,300351,0,永贵电器
1206,300668,0,杰恩设计
1207,300555,0,路通视信
1208,600317,1,营口港
1209,600595,1,ST中孚
1210,300407,0,凯发电气
1211,000925,0,众合科技
1212,300742,0,越博动力
1213,603041,1,美思德
1214,600310,1,桂东电力
1215,600408,1,ST安泰
1216,300553,0,集智股份
1217,000919,0,金陵药业
1218,600807,1,ST天业
1219,603656,1,泰禾光电
1220,600767,1,ST运盛
1221,000761,0,本钢板材
1222,600749,1,西藏旅游
1223,300583,0,赛托生物
1224,601326,1,秦港股份
1225,300809,0,华辰装备
1226,002870,0,香山股份
1227,200011,0,深物业B
1228,300539,0,横河模具
1229,603901,1,永创智能
1230,300378,0,鼎捷软件
1231,002729,0,好利来
1232,002546,0,新联电子
1233,002973,0,侨银环保
1234,002700,0,ST浩源
1235,002692,0,ST远程
1236,601311,1,骆驼股份
1237,600241,1,*ST时万
1238,002898,0,赛隆药业
1239,300260,0,新莱应材
1240,688080,1,映翰通
1241,002562,0,兄弟科技
1242,601399,1,ST国重装
1243,000599,0,青岛双星
1244,603167,1,渤海轮渡
1245,600780,1,通宝能源
1246,002715,0,登云股份
1247,300711,0,广哈通信
1248,900905,1,老凤祥Ｂ
1249,300736,0,百邦科技
1250,600295,1,鄂尔多斯
1251,603650,1,彤程新材
1252,900941,1,东信Ｂ股
1253,600497,1,驰宏锌锗
1254,600978,1,*ST宜生
1255,002122,0,*ST天马
1256,000707,0,ST双环
1257,300150,0,世纪瑞尔
1258,002775,0,文科园林
1259,603100,1,川仪股份
1260,603662,1,柯力传感
1261,603825,1,华扬联众
1262,600616,1,金枫酒业
1263,600869,1,智慧能源
1264,600608,1,ST沪科
1265,300565,0,科信技术
1266,603578,1,三星新材
1267,000993,0,闽东电力
1268,300335,0,迪森股份
1269,300725,0,药石科技
1270,600769,1,祥龙电业
1271,603311,1,金海环境
1272,600857,1,宁波中百
1273,600674,1,川投能源
1274,603585,1,苏利股份
1275,600665,1,天地源
1276,002872,0,*ST天圣
1277,603877,1,太平鸟
1278,000757,0,浩物股份
1279,600012,1,皖通高速
1280,603199,1,九华旅游
1281,000565,0,渝三峡Ａ
1282,600337,1,美克家居
1283,002971,0,和远气体
1284,600284,1,浦东建设
1285,603963,1,大理药业
1286,300752,0,隆利科技
1287,600976,1,健民集团
1288,600561,1,江西长运
1289,600084,1,ST中葡
1290,600708,1,光明地产
1291,002451,0,摩恩电气
1292,002656,0,ST摩登
1293,200152,0,山  航Ｂ
1294,300798,0,锦鸡股份
1295,002936,0,郑州银行
1296,600180,1,瑞茂通
1297,300652,0,雷迪克
1298,600489,1,中金黄金
1299,603677,1,奇精机械
1300,002455,0,百川股份
1301,300054,0,鼎龙股份
1302,603297,1,永新光学
1303,002207,0,ST准油
1304,000935,0,四川双马
1305,002922,0,伊戈尔
1306,000809,0,铁岭新城
1307,601001,1,大同煤业
1308,300405,0,科隆股份
1309,601226,1,华电重工
1310,600243,1,*ST海华
1311,000422,0,ST宜化
1312,002534,0,杭锅股份
1313,603096,1,新经典
1314,603085,1,天成自控
1315,600052,1,浙江广厦
1316,002133,0,广宇集团
1317,002162,0,悦心健康
1318,200055,0,方大Ｂ
1319,601798,1,蓝科高新
1320,300665,0,飞鹿股份
1321,300826,0,测绘股份
1322,200429,0,粤高速Ｂ
1323,300423,0,鲁亿通
1324,603136,1,天目湖
1325,002418,0,*ST康盛
1326,002659,0,凯文教育
1327,000025,0,特  力Ａ
1328,600272,1,开开实业
1329,300515,0,三德科技
1330,002211,0,宏达新材
1331,002802,0,洪汇新材
1332,002210,0,*ST飞马
1333,600331,1,宏达股份
1334,600156,1,华升股份
1335,603590,1,XD康辰药
1336,300686,0,智动力
1337,000430,0,张家界
1338,600335,1,国机汽车
1339,603617,1,君禾股份
1340,300483,0,沃施股份
1341,300670,0,大烨智能
1342,688357,1,建龙微纳
1343,200596,0,古井贡Ｂ
1344,300509,0,新美星
1345,600605,1,汇通能源
1346,002464,0,众应互联
1347,300104,0,乐视退
1348,200488,0,晨  鸣Ｂ
1349,600386,1,北巴传媒
1350,002686,0,亿利达
1351,600815,1,*ST厦工
1352,300117,0,嘉寓股份
1353,300404,0,博济医药
1354,300779,0,惠城环保
1355,600301,1,ST南化
1356,300727,0,润禾材料
1357,300011,0,鼎汉技术
1358,600035,1,楚天高速
1359,002499,0,*ST科林
1360,002473,0,圣莱达
1361,603330,1,上海天洋
1362,002823,0,凯中精密
1363,300108,0,吉药控股
1364,603985,1,恒润股份
1365,002014,0,永新股份
1366,002578,0,闽发铝业
1367,600590,1,泰豪科技
1368,603967,1,中创物流
1369,000971,0,*ST高升
1370,300757,0,罗博特科
1371,600790,1,轻纺城
1372,002225,0,濮耐股份
1373,300079,0,数码科技
1374,300339,0,润和软件
1375,300615,0,欣天科技
1376,600076,1,康欣新材
1377,300185,0,通裕重工
1378,603011,1,合锻智能
1379,688033,1,天宜上佳
1380,601579,1,会稽山
1381,002569,0,ST步森
1382,603898,1,好莱客
1383,300313,0,天山生物
1384,603188,1,ST亚邦
1385,603535,1,嘉诚国际
1386,603309,1,维力医疗
1387,300500,0,启迪设计
1388,300501,0,海顺新材
1389,600719,1,大连热电
1390,300656,0,民德电子
1391,600698,1,ST天雁
1392,600327,1,XD大东方
1393,603378,1,亚士创能
1394,000803,0,*ST金宇
1395,600784,1,鲁银投资
1396,300350,0,华鹏飞
1397,603010,1,万盛股份
1398,601228,1,广州港
1399,002765,0,蓝黛传动
1400,600634,1,*ST富控
1401,600481,1,双良节能
1402,600696,1,ST岩石
1403,600192,1,长城电工
1404,002149,0,西部材料
1405,300314,0,戴维医疗
1406,600356,1,恒丰纸业
1407,600599,1,*ST熊猫
1408,002316,0,亚联发展
1409,600279,1,重庆港九
1410,600082,1,海泰发展
1411,603421,1,鼎信通讯
1412,002197,0,证通电子
1413,600333,1,长春燃气
1414,002282,0,博深股份
1415,603915,1,国茂股份
1416,300507,0,苏奥传感
1417,600193,1,ST创兴
1418,002072,0,ST凯瑞
1419,000972,0,ST中基
1420,002359,0,*ST北讯
1421,603001,1,奥康国际
1422,603580,1,艾艾精工
1423,600428,1,中远海特
1424,000552,0,靖远煤电
1425,000807,0,云铝股份
1426,002116,0,中国海诚
1427,002722,0,金轮股份
1428,000780,0,*ST平能
1429,002087,0,新野纺织
1430,002231,0,奥维通信
1431,000593,0,大通燃气
1432,603922,1,金鸿顺
1433,300588,0,熙菱信息
1434,002671,0,龙泉股份
1435,002443,0,金洲管道
1436,002232,0,启明信息
1437,600283,1,钱江水利
1438,002209,0,达 意 隆
1439,600613,1,神奇制药
1440,300616,0,尚品宅配
1441,002114,0,罗平锌电
1442,900933,1,华新Ｂ股
1443,002693,0,双成药业
1444,300675,0,建科院
1445,002860,0,星帅尔
1446,600458,1,时代新材
1447,002259,0,*ST升达
1448,000828,0,东莞控股
1449,002807,0,江阴银行
1450,300664,0,鹏鹞环保
1451,002759,0,天际股份
1452,300240,0,飞力达
1453,603767,1,中马传动
1454,300399,0,京天利
1455,603322,1,超讯通信
1456,000502,0,绿景控股
1457,002395,0,双象股份
1458,002579,0,中京电子
1459,603388,1,元成股份
1460,300650,0,太龙照明
1461,002787,0,华源控股
1462,600173,1,卧龙地产
1463,300218,0,安利股份
1464,002929,0,润建股份
1465,600687,1,*ST刚泰
1466,300440,0,运达科技
1467,600099,1,林海股份
1468,002063,0,远光软件
1469,300230,0,永利股份
1470,000151,0,中成股份
1471,600125,1,铁龙物流
1472,603687,1,大胜达
1473,600716,1,凤凰股份
1474,300354,0,东华测试
1475,002144,0,宏达高科
1476,600097,1,开创国际
1477,002882,0,金龙羽
1478,000922,0,佳电股份
1479,000042,0,中洲控股
1480,002963,0,豪尔赛
1481,002016,0,世荣兆业
1482,000726,0,鲁  泰Ａ
1483,000421,0,南京公用
1484,600618,1,氯碱化工
1485,002877,0,智能自控
1486,603909,1,合诚股份
1487,600328,1,中盐化工
1488,002674,0,兴业科技
1489,300671,0,富满电子
1490,600321,1,正源股份
1491,603603,1,博天环境
1492,002376,0,新北洋
1493,300305,0,裕兴股份
1494,600691,1,阳煤化工
1495,300512,0,中亚股份
1496,002589,0,瑞康医药
1497,300402,0,宝色股份
1498,300584,0,海辰药业
1499,603226,1,菲林格尔
1500,600644,1,乐山电力
1501,300589,0,江龙船艇
1502,300513,0,恒实科技
1503,002906,0,华阳集团
1504,603268,1,松发股份
1505,600841,1,上柴股份
1506,603788,1,宁波高发
1507,300716,0,国立科技
1508,300360,0,炬华科技
1509,603928,1,兴业股份
1510,002678,0,珠江钢琴
1511,000411,0,英特集团
1512,002345,0,潮宏基
1513,603778,1,乾景园林
1514,600833,1,第一医药
1515,300366,0,创意信息
1516,603568,1,伟明环保
1517,601908,1,京运通
1518,600558,1,大西洋
1519,002342,0,巨力索具
1520,600319,1,ST亚星
1521,601007,1,金陵饭店
1522,300488,0,恒锋工具
1523,002374,0,丽鹏股份
1524,002696,0,百洋股份
1525,300542,0,新晨科技
1526,002073,0,软控股份
1527,603508,1,思维列控
1528,300179,0,四方达
1529,603399,1,吉翔股份
1530,601002,1,晋亿实业
1531,300729,0,乐歌股份
1532,688030,1,山石网科
1533,603817,1,海峡环保
1534,002427,0,*ST尤夫
1535,300689,0,澄天伟业
1536,603036,1,如通股份
1537,300421,0,力星股份
1538,300818,0,耐普矿机
1539,300162,0,雷曼光电
1540,603386,1,广东骏亚
1541,603567,1,珍宝岛
1542,900956,1,东贝Ｂ股
1543,000026,0,飞亚达
1544,600020,1,中原高速
1545,603169,1,兰石重装
1546,603018,1,中设集团
1547,688158,1,优刻得-W
1548,002875,0,安奈儿
1549,300786,0,国林科技
1550,600358,1,*ST联合
1551,002488,0,金固股份
1552,300811,0,铂科新材
1553,300746,0,汉嘉设计
1554,002760,0,凤形股份
1555,300099,0,精准信息
1556,600725,1,ST云维
1557,300514,0,友讯达
1558,002694,0,顾地科技
1559,603316,1,诚邦股份
1560,300282,0,三盛教育
1561,600122,1,*ST宏图
1562,200012,0,南  玻Ｂ
1563,002278,0,神开股份
1564,002761,0,多喜爱
1565,603038,1,华立股份
1566,300551,0,古鳌科技
1567,603161,1,科华控股
1568,600538,1,国发股份
1569,600870,1,ST厦华
1570,001896,0,豫能控股
1571,600470,1,*ST六化
1572,601880,1,大连港
1573,601163,1,三角轮胎
1574,300762,0,上海瀚讯
1575,600578,1,京能电力
1576,600738,1,兰州民百
1577,300056,0,中创环保
1578,600137,1,浪莎股份
1579,002970,0,锐明技术
1580,002753,0,永东股份
1581,002669,0,康达新材
1582,002529,0,*ST海源
1583,000816,0,ST慧业
1584,600275,1,ST昌鱼
1585,603332,1,苏州龙杰
1586,002188,0,ST巴士
1587,300018,0,中元股份
1588,601113,1,ST华鼎
1589,002306,0,ST云网
1590,601882,1,海天精工
1591,600793,1,宜宾纸业
1592,002403,0,爱仕达
1593,002102,0,ST冠福
1594,603871,1,嘉友国际
1595,603139,1,康惠制药
1596,002586,0,*ST围海
1597,002058,0,威 尔 泰
1598,002843,0,泰嘉股份
1599,300593,0,新雷能
1600,603655,1,朗博科技
1601,603600,1,永艺股份
1602,002034,0,旺能环境
1603,600475,1,华光股份
1604,300329,0,海伦钢琴
1605,300111,0,向日葵
1606,002830,0,名雕股份
1607,002837,0,英维克
1608,000609,0,中迪投资
1609,600303,1,曙光股份
1610,601918,1,新集能源
1611,000635,0,英 力 特
1612,603337,1,杰克股份
1613,002785,0,万里石
1614,600817,1,ST宏盛
1615,300425,0,中建环能
1616,300447,0,全信股份
1617,000906,0,浙商中拓
1618,000953,0,*ST河化
1619,000065,0,北方国际
1620,603823,1,百合花
1621,300626,0,华瑞股份
1622,300564,0,筑博设计
1623,600756,1,浪潮软件
1624,603822,1,嘉澳环保
1625,603666,1,亿嘉和
1626,603868,1,飞科电器
1627,603196,1,日播时尚
1628,600280,1,*ST中商
1629,002438,0,江苏神通
1630,600371,1,万向德农
1631,300510,0,金冠股份
1632,600864,1,哈投股份
1633,300283,0,温州宏丰
1634,002667,0,鞍重股份
1635,300647,0,超频三
1636,300029,0,天龙光电
1637,600647,1,同达创业
1638,002927,0,泰永长征
1639,600281,1,太化股份
1640,002960,0,青鸟消防
1641,002741,0,光华科技
1642,300437,0,清水源
1643,600939,1,重庆建工
1644,600159,1,大龙地产
1645,300214,0,日科化学
1646,300807,0,天迈科技
1647,000520,0,长航凤凰
1648,600979,1,广安爱众
1649,002490,0,山东墨龙
1650,000722,0,湖南发展
1651,002394,0,联发股份
1652,300605,0,恒锋信息
1653,002968,0,新大正
1654,002831,0,裕同科技
1655,603657,1,春光科技
1656,002779,0,中坚科技
1657,600167,1,联美控股
1658,002213,0,特 尔 佳
1659,002295,0,精艺股份
1660,603126,1,中材节能
1661,002219,0,*ST恒康
1662,601606,1,长城军工
1663,300416,0,苏试试验
1664,600277,1,亿利洁能
1665,002514,0,宝馨科技
1666,002857,0,三晖电气
1667,300307,0,慈星股份
1668,300505,0,川金诺
1669,600683,1,京投发展
1670,300430,0,诚益通
1671,002833,0,弘亚数控
1672,002810,0,山东赫达
1673,002723,0,金莱特
1674,600389,1,XD江山股
1675,000416,0,民生控股
1676,000632,0,三木集团
1677,600421,1,ST仰帆
1678,002386,0,天原集团
1679,002903,0,宇环数控
1680,002730,0,电光科技
1681,600382,1,广东明珠
1682,002042,0,华孚时尚
1683,300103,0,达刚控股
1684,603355,1,莱克电气
1685,603496,1,恒为科技
1686,600908,1,无锡银行
1687,600189,1,吉林森工
1688,002356,0,*ST赫美
1689,300032,0,金龙机电
1690,002085,0,万丰奥威
1691,600742,1,一汽富维
1692,601016,1,节能风电
1693,300175,0,朗源股份
1694,002379,0,宏创控股
1695,300237,0,美晨生态
1696,002288,0,超华科技
1697,002900,0,哈三联
1698,002453,0,华软科技
1699,603903,1,中持股份
1700,603042,1,华脉科技
1701,600365,1,通葡股份
1702,600638,1,新黄浦
1703,002029,0,七 匹 狼
1704,600237,1,铜峰电子
1705,601020,1,华钰矿业
1706,688360,1,德马科技
1707,603933,1,睿能科技
1708,600982,1,宁波热电
1709,300591,0,万里马
1710,000968,0,蓝焰控股
1711,688298,1,东方生物
1712,000554,0,泰山石油
1713,600083,1,*ST博信
1714,601611,1,中国核建
1715,600714,1,金瑞矿业
1716,000428,0,华天酒店
1717,000856,0,冀东装备
1718,603217,1,元利科技
1719,600847,1,万里股份
1720,600977,1,中国电影
1721,000768,0,中航飞机
1722,002892,0,科力尔
1723,300649,0,杭州园林
1724,603358,1,XD华达科
1725,002121,0,*ST科陆
1726,603037,1,凯众股份
1727,300125,0,聆达股份
1728,000032,0,深桑达Ａ
1729,603306,1,华懋科技
1730,000570,0,苏常柴Ａ
1731,000901,0,航天科技
1732,600498,1,烽火通信
1733,000023,0,深天地Ａ
1734,002393,0,力生制药
1735,603918,1,金桥信息
1736,603335,1,迪生力
1737,600292,1,远达环保
1738,300687,0,赛意信息
1739,002309,0,中利集团
1740,600061,1,国投资本
1741,600179,1,*ST安通
1742,603321,1,XD梅轮电
1743,002848,0,高斯贝尔
1744,300280,0,紫天科技
1745,000638,0,万方发展
1746,600661,1,昂立教育
1747,002015,0,协鑫能科
1748,600017,1,日照港
1749,603028,1,赛福天
1750,300129,0,泰胜风能
1751,002637,0,赞宇科技
1752,600706,1,XD曲江文
1753,688015,1,交控科技
1754,603015,1,弘讯科技
1755,300799,0,左江科技
1756,603997,1,继峰股份
1757,300332,0,天壕环境
1758,600629,1,华建集团
1759,603123,1,翠微股份
1760,600429,1,三元股份
1761,000850,0,华茂股份
1762,300061,0,旗天科技
1763,000685,0,中山公用
1764,002907,0,华森制药
1765,688028,1,沃尔德
1766,300730,0,科创信息
1767,600290,1,*ST华仪
1768,603557,1,起步股份
1769,300778,0,新城市
1770,300137,0,先河环保
1771,000619,0,海螺型材
1772,603602,1,纵横通信
1773,002165,0,红 宝 丽
1774,300648,0,星云股份
1775,603101,1,汇嘉时代
1776,688218,1,江苏北人
1777,300268,0,佳沃股份
1778,002322,0,理工环科
1779,300254,0,仟源医药
1780,002630,0,华西能源
1781,002598,0,山东章鼓
1782,603800,1,道森股份
1783,600984,1,建设机械
1784,600718,1,东软集团
1785,300732,0,设研院
1786,601866,1,中远海发
1787,000890,0,*ST胜尔
1788,000524,0,岭南控股
1789,000031,0,大悦城
1790,300358,0,楚天科技
1791,002937,0,兴瑞科技
1792,603066,1,音飞储存
1793,002471,0,中超控股
1794,000798,0,中水渔业
1795,002235,0,安妮股份
1796,000019,0,深粮控股
1797,300445,0,康斯特
1798,002942,0,新农股份
1799,600863,1,内蒙华电
1800,600377,1,宁沪高速
1801,000409,0,ST地矿
1802,603612,1,索通发展
1803,600711,1,盛屯矿业
1804,002485,0,希努尔
1805,300210,0,森远股份
1806,600686,1,金龙汽车
1807,300805,0,电声股份
1808,002933,0,新兴装备
1809,002965,0,祥鑫科技
1810,300398,0,飞凯材料
1811,002825,0,纳尔股份
1812,002915,0,中欣氟材
1813,300594,0,朗进科技
1814,000020,0,深华发Ａ
1815,000582,0,北部湾港
1816,603869,1,新智认知
1817,300109,0,新开源
1818,600163,1,中闽能源
1819,603863,1,松炀资源
1820,300585,0,奥联电子
1821,000755,0,山西路桥
1822,600007,1,中国国贸
1823,603992,1,松霖科技
1824,002243,0,通产丽星
1825,000899,0,赣能股份
1826,603006,1,联明股份
1827,600462,1,*ST九有
1828,002708,0,光洋股份
1829,000950,0,重药控股
1830,603908,1,牧高笛
1831,002767,0,先锋电子
1832,002718,0,友邦吊顶
1833,300321,0,同大股份
1834,002051,0,中工国际
1835,000677,0,恒天海龙
1836,600829,1,人民同泰
1837,600231,1,凌钢股份
1838,200725,0,京东方Ｂ
1839,002365,0,永安药业
1840,603615,1,茶花股份
1841,300365,0,恒华科技
1842,002575,0,ST群兴
1843,601339,1,百隆东方
1844,002742,0,三圣股份
1845,603728,1,鸣志电器
1846,300105,0,龙源技术
1847,002763,0,汇洁股份
1848,000514,0,渝 开 发
1849,600871,1,石化油服
1850,002420,0,*ST毅昌
1851,001965,0,招商公路
1852,603030,1,全筑股份
1853,002445,0,*ST中南
1854,600502,1,安徽建工
1855,002577,0,雷柏科技
1856,002172,0,澳洋健康
1857,600843,1,上工申贝
1858,600759,1,洲际油气
1859,300308,0,中际旭创
1860,300548,0,博创科技
1861,300630,0,普利制药
1862,600482,1,中国动力
1863,688366,1,昊海生科
1864,300086,0,康芝药业
1865,000698,0,沈阳化工
1866,000017,0,*ST中华A
1867,000666,0,经纬纺机
1868,600805,1,悦达投资
1869,601158,1,重庆水务
1870,601107,1,四川成渝
1871,600215,1,*ST经开
1872,601010,1,文峰股份
1873,002442,0,龙星化工
1874,000633,0,合金投资
1875,002375,0,亚厦股份
1876,601968,1,宝钢包装
1877,002691,0,冀凯股份
1878,300552,0,万集科技
1879,300446,0,乐凯新材
1880,300660,0,江苏雷利
1881,603031,1,安德利
1882,002636,0,金安国纪
1883,603758,1,秦安股份
1884,603115,1,海星股份
1885,600397,1,安源煤业
1886,002724,0,海洋王
1887,600962,1,国投中鲁
1888,000767,0,漳泽电力
1889,002196,0,方正电机
1890,300004,0,南风股份
1891,600998,1,九州通
1892,600639,1,浦东金桥
1893,603813,1,原尚股份
1894,002608,0,江苏国信
1895,600735,1,新华锦
1896,000007,0,全新好
1897,600901,1,江苏租赁
1898,300140,0,中环装备
1899,603260,1,合盛硅业
1900,300196,0,长海股份
1901,600676,1,交运股份
1902,002631,0,德尔未来
1903,600675,1,中华企业
1904,300543,0,朗科智能
1905,603970,1,中农立华
1906,000692,0,惠天热电
1907,000488,0,晨鸣纸业
1908,600569,1,安阳钢铁
1909,603937,1,丽岛新材
1910,000680,0,山推股份
1911,600774,1,汉商集团
1912,300527,0,中船应急
1913,300221,0,银禧科技
1914,300212,0,易华录
1915,002199,0,东晶电子
1916,601965,1,中国汽研
1917,300217,0,东方电热
1918,300238,0,冠昊生物
1919,000737,0,ST南风
1920,300155,0,安居宝
1921,603626,1,科森科技
1922,600090,1,同济堂
1923,000683,0,远兴能源
1924,002574,0,明牌珠宝
1925,601898,1,中煤能源
1926,300330,0,华虹计通
1927,601369,1,陕鼓动力
1928,000544,0,中原环保
1929,601177,1,杭齿前进
1930,601199,1,江南水务
1931,600722,1,金牛化工
1932,002629,0,*ST仁智
1933,300508,0,维宏股份
1934,002478,0,常宝股份
1935,603727,1,博迈科
1936,600766,1,园城黄金
1937,002800,0,天顺股份
1938,600650,1,锦江投资
1939,002592,0,八菱科技
1940,603556,1,海兴电力
1941,600287,1,江苏舜天
1942,002943,0,宇晶股份
1943,300788,0,中信出版
1944,603351,1,威尔药业
1945,603729,1,龙韵股份
1946,002248,0,华东数控
1947,688228,1,开普云
1948,300041,0,回天新材
1949,603223,1,恒通股份
1950,300528,0,幸福蓝海
1951,300337,0,银邦股份
1952,600058,1,五矿发展
1953,000981,0,ST银亿
1954,300068,0,南都电源
1955,002595,0,豪迈科技
1956,600128,1,弘业股份
1957,600135,1,乐凯胶片
1958,002531,0,天顺风能
1959,600787,1,中储股份
1960,600077,1,宋都股份
1961,000516,0,国际医学
1962,603221,1,爱丽家居
1963,300561,0,汇金科技
1964,600758,1,辽宁能源
1965,603033,1,三维股份
1966,002388,0,新亚制程
1967,600121,1,郑州煤电
1968,603959,1,百利科技
1969,603668,1,天马科技
1970,600577,1,精达股份
1971,600929,1,湖南盐业
1972,002040,0,南 京 港
1973,300067,0,安诺其
1974,300272,0,开能健康
1975,603416,1,信捷电气
1976,000900,0,现代投资
1977,603579,1,荣泰健康
1978,002542,0,中化岩土
1979,300678,0,中科信息
1980,002513,0,*ST蓝丰
1981,002147,0,*ST新光
1982,300481,0,濮阳惠成
1983,000585,0,*ST东电
1984,600845,1,宝信软件
1985,000410,0,*ST沈机
1986,002119,0,康强电子
1987,300800,0,力合科技
1988,002033,0,丽江股份
1989,603320,1,迪贝电气
1990,002275,0,桂林三金
1991,688159,1,有方科技
1992,603500,1,祥和实业
1993,603766,1,隆鑫通用
1994,000590,0,启迪古汉
1995,300726,0,宏达电子
1996,300389,0,艾比森
1997,300089,0,文化长城
1998,300810,0,中科海讯
1999,600717,1,天津港
2000,002164,0,宁波东力
2001,000996,0,中国中期
2002,688199,1,久日新材
2003,600660,1,福耀玻璃
2004,300422,0,博世科
2005,002206,0,海 利 得
2006,000530,0,冰山冷热
2007,600844,1,丹化科技
2008,300291,0,华录百纳
2009,002026,0,山东威达
2010,002962,0,五方光电
2011,603080,1,新疆火炬
2012,000929,0,兰州黄河
2013,000090,0,天健集团
2014,300478,0,杭州高新
2015,002289,0,ST宇顺
2016,603917,1,合力科技
2017,603002,1,宏昌电子
2018,000835,0,长城动漫
2019,300462,0,华铭智能
2020,600890,1,中房股份
2021,300694,0,蠡湖股份
2022,002452,0,长高集团
2023,300516,0,久之洋
2024,002109,0,兴化股份
2025,002355,0,兴民智通
2026,002417,0,深南股份
2027,603683,1,晶华新材
2028,600666,1,ST瑞德
2029,603706,1,东方环宇
2030,300197,0,铁汉生态
2031,300019,0,硅宝科技
2032,300121,0,阳谷华泰
2033,603178,1,圣龙股份
2034,603117,1,万林物流
2035,600006,1,东风汽车
2036,002639,0,雪人股份
2037,002818,0,富森美
2038,002523,0,天桥起重
2039,300120,0,经纬辉开
2040,600539,1,ST狮头
2041,600172,1,黄河旋风
2042,002881,0,美格智能
2043,300318,0,博晖创新
2044,688466,1,金科环境
2045,300320,0,海达股份
2046,002346,0,柘中股份
2047,603339,1,四方科技
2048,600261,1,阳光照明
2049,603676,1,卫信康
2050,600645,1,中源协和
2051,300199,0,翰宇药业
2052,002293,0,罗莱生活
2053,300541,0,先进数通
2054,300410,0,正业科技
2055,000531,0,穗恒运Ａ
2056,300161,0,华中数控
2057,603896,1,寿仙谷
2058,603059,1,XD倍加洁
2059,300772,0,运达股份
2060,000534,0,万泽股份
2061,600617,1,国新能源
2062,601019,1,山东出版
2063,603757,1,大元泵业
2064,300409,0,道氏技术
2065,603507,1,振江股份
2066,300836,0,佰奥智能
2067,002781,0,奇信股份
2068,300396,0,迪瑞医疗
2069,603628,1,清源股份
2070,300536,0,农尚环境
2071,000949,0,新乡化纤
2072,600748,1,上实发展
2073,000498,0,山东路桥
2074,300700,0,岱勒新材
2075,002435,0,长江健康
2076,600681,1,百川能源
2077,002888,0,惠威科技
2078,600557,1,康缘药业
2079,002689,0,远大智能
2080,300255,0,常山药业
2081,300167,0,迪威迅
2082,600568,1,*ST中珠
2083,601619,1,嘉泽新能
2084,300159,0,新研股份
2085,600545,1,卓郎智能
2086,002474,0,榕基软件
2087,603058,1,永吉股份
2088,603192,1,汇得科技
2089,600987,1,航民股份
2090,300563,0,神宇股份
2091,600603,1,广汇物流
2092,000958,0,东方能源
2093,603533,1,掌阅科技
2094,300662,0,科锐国际
2095,603008,1,喜临门
2096,002265,0,西仪股份
2097,002627,0,宜昌交运
2098,000301,0,东方盛虹
2099,300566,0,激智科技
2100,601869,1,长飞光纤
2101,000898,0,鞍钢股份
2102,600798,1,宁波海运
2103,300712,0,永福股份
2104,002469,0,三维工程
2105,300487,0,蓝晓科技
2106,002871,0,伟隆股份
2107,002300,0,太阳电缆
2108,603818,1,曲美家居
2109,603689,1,皖天然气
2110,002756,0,永兴材料
2111,300393,0,中来股份
2112,002176,0,*ST江特
2113,002713,0,东易日盛
2114,002255,0,*ST海陆
2115,600757,1,长江传媒
2116,601928,1,凤凰传媒
2117,300030,0,阳普医疗
2118,600460,1,士兰微
2119,002504,0,弘高创意
2120,300770,0,新媒股份
2121,300344,0,太空智造
2122,002175,0,*ST东网
2123,300609,0,汇纳科技
2124,600898,1,*ST美讯
2125,600726,1,华电能源
2126,000573,0,粤宏远Ａ
2127,601567,1,三星医疗
2128,603527,1,众源新材
2129,002588,0,史丹利
2130,603020,1,爱普股份
2131,600228,1,ST昌九
2132,002731,0,萃华珠宝
2133,688025,1,杰普特
2134,002483,0,润邦股份
2135,002953,0,日丰股份
2136,002011,0,盾安环境
2137,002832,0,比音勒芬
2138,600877,1,ST电能
2139,300419,0,浩丰科技
2140,300435,0,中泰股份
2141,600985,1,淮北矿业
2142,000785,0,居然之家
2143,600713,1,南京医药
2144,603168,1,莎普爱思
2145,603700,1,宁水集团
2146,002266,0,浙富控股
2147,600359,1,新农开发
2148,600088,1,中视传媒
2149,600512,1,腾达建设
2150,002111,0,威海广泰
2151,000586,0,汇源通信
2152,600781,1,ST辅仁
2153,603313,1,梦百合
2154,300195,0,长荣股份
2155,002012,0,凯恩股份
2156,600259,1,广晟有色
2157,603189,1,网达软件
2158,603359,1,东珠生态
2159,000937,0,冀中能源
2160,600883,1,博闻科技
2161,002949,0,华阳国际
2162,002039,0,黔源电力
2163,002380,0,科远智慧
2164,603810,1,丰山集团
2165,600066,1,宇通客车
2166,603900,1,莱绅通灵
2167,300691,0,联合光电
2168,002826,0,易明医药
2169,600533,1,栖霞建设
2170,002620,0,瑞和股份
2171,300530,0,达志科技
2172,601669,1,中国电建
2173,600177,1,雅戈尔
2174,300116,0,坚瑞沃能
2175,000150,0,宜华健康
2176,600269,1,赣粤高速
2177,002664,0,长鹰信质
2178,000045,0,深纺织Ａ
2179,603616,1,韩建河山
2180,600611,1,大众交通
2181,002783,0,凯龙股份
2182,600184,1,光电股份
2183,688178,1,万德斯
2184,002580,0,圣阳股份
2185,600493,1,凤竹纺织
2186,603948,1,建业股份
2187,000600,0,建投能源
2188,600995,1,文山电力
2189,603558,1,健盛集团
2190,002771,0,真视通
2191,300375,0,鹏翎股份
2192,603007,1,花王股份
2193,600551,1,时代出版
2194,601801,1,皖新传媒
2195,688300,1,联瑞新材
2196,002902,0,铭普光磁
2197,000902,0,新洋丰
2198,300414,0,中光防雷
2199,300637,0,扬帆新材
2200,002646,0,青青稞酒
2201,600495,1,晋西车轴
2202,600158,1,中体产业
2203,300592,0,华凯创意
2204,601038,1,一拖股份
2205,000159,0,国际实业
2206,000040,0,东旭蓝天
2207,601608,1,中信重工
2208,300181,0,佐力药业
2209,002817,0,黄山胶囊
2210,600961,1,株冶集团
2211,688516,1,奥特维
2212,603955,1,大千生态
2213,601678,1,滨化股份
2214,603289,1,泰瑞机器
2215,603755,1,XD日辰股
2216,300333,0,兆日科技
2217,300077,0,国民技术
2218,002301,0,齐心集团
2219,603131,1,上海沪工
2220,600731,1,湖南海利
2221,688368,1,晶丰明源
2222,002878,0,元隆雅图
2223,300489,0,中飞股份
2224,600874,1,创业环保
2225,000420,0,吉林化纤
2226,002061,0,浙江交科
2227,002167,0,东方锆业
2228,000912,0,泸天化
2229,600851,1,海欣股份
2230,600795,1,国电电力
2231,002404,0,嘉欣丝绸
2232,002561,0,徐家汇
2233,300057,0,万顺新材
2234,600630,1,龙头股份
2235,300688,0,创业黑马
2236,600063,1,皖维高新
2237,000965,0,天保基建
2238,600152,1,维科技术
2239,002412,0,汉森制药
2240,600101,1,明星电力
2241,002136,0,安 纳 达
2242,688122,1,西部超导
2243,002901,0,大博医疗
2244,600721,1,ST百花
2245,002684,0,*ST猛狮
2246,600232,1,金鹰股份
2247,300517,0,海波重科
2248,002873,0,新天药业
2249,601500,1,通用股份
2250,300338,0,开元股份
2251,600190,1,锦州港
2252,000982,0,*ST 中绒
2253,603838,1,四通股份
2254,300819,0,聚杰微纤
2255,002267,0,陕天然气
2256,300336,0,新文化
2257,300049,0,福瑞股份
2258,600825,1,新华传媒
2259,300486,0,东杰智能
2260,002828,0,贝肯能源
2261,300349,0,金卡智能
2262,603017,1,中衡设计
2263,603327,1,福蓉科技
2264,300431,0,暴风集团
2265,601900,1,南方传媒
2266,300631,0,久吾高科
2267,002706,0,良信电器
2268,300204,0,舒泰神
2269,603076,1,乐惠国际
2270,601985,1,中国核电
2271,002358,0,森源电气
2272,002868,0,绿康生化
2273,002296,0,辉煌科技
2274,600648,1,外高桥
2275,600373,1,中文传媒
2276,002931,0,锋龙股份
2277,600601,1,方正科技
2278,002540,0,亚太科技
2279,600794,1,保税科技
2280,603067,1,振华股份
2281,002113,0,*ST天润
2282,600433,1,冠豪高新
2283,600396,1,金山股份
2284,300749,0,顶固集创
2285,300373,0,扬杰科技
2286,002621,0,美吉姆
2287,002530,0,金财互联
2288,000584,0,哈工智能
2289,603256,1,宏和科技
2290,300388,0,国祯环保
2291,603711,1,香飘飘
2292,000852,0,石化机械
2293,603329,1,上海雅仕
2294,002743,0,富煌钢构
2295,002247,0,*ST聚力
2296,300801,0,泰和科技
2297,600369,1,西南证券
2298,000819,0,岳阳兴长
2299,603300,1,华铁应急
2300,603982,1,泉峰汽车
2301,601222,1,林洋能源
2302,000690,0,宝新能源
2303,600997,1,开滦股份
2304,000529,0,广弘控股
2305,603906,1,龙蟠科技
2306,600575,1,淮河能源
2307,600965,1,福成股份
2308,603183,1,建研院
2309,000068,0,华控赛格
2310,002362,0,汉王科技
2311,300163,0,先锋新材
2312,601566,1,九牧王
2313,002884,0,凌霄泵业
2314,002228,0,合兴包装
2315,300465,0,高伟达
2316,000918,0,嘉凯城
2317,002786,0,银宝山新
2318,002732,0,燕塘乳业
2319,002017,0,东信和平
2320,300235,0,方直科技
2321,002679,0,福建金森
2322,603919,1,金徽酒
2323,300386,0,飞天诚信
2324,601916,1,浙商银行
2325,002339,0,积成电子
2326,002976,0,瑞玛工业
2327,000547,0,航天发展
2328,002173,0,创新医疗
2329,603890,1,春秋电子
2330,002256,0,*ST兆新
2331,300697,0,电工合金
2332,600530,1,*ST交昂
2333,300795,0,米奥会展
2334,002538,0,司尔特
2335,002059,0,云南旅游
2336,600526,1,菲达环保
2337,300064,0,豫金刚石
2338,002607,0,中公教育
2339,002890,0,弘宇股份
2340,603323,1,苏农银行
2341,300277,0,海联讯
2342,600528,1,中铁工业
2343,688020,1,方邦股份
2344,600468,1,百利电气
2345,603895,1,天永智能
2346,603298,1,杭叉集团
2347,002606,0,大连电瓷
2348,600318,1,新力金融
2349,002644,0,佛慈制药
2350,002146,0,荣盛发展
2351,002184,0,海得控制
2352,000561,0,烽火电子
2353,300180,0,华峰超纤
2354,603299,1,苏盐井神
2355,600080,1,ST金花
2356,300345,0,红宇新材
2357,002846,0,英联股份
2358,300326,0,凯利泰
2359,300466,0,赛摩智能
2360,603938,1,三孚股份
2361,002774,0,快意电梯
2362,603328,1,依顿电子
2363,002969,0,嘉美包装
2364,603897,1,长城科技
2365,601258,1,ST庞大
2366,600129,1,太极集团
2367,000926,0,福星股份
2368,603738,1,泰晶科技
2369,603665,1,康隆达
2370,300300,0,汉鼎宇佑
2371,603103,1,横店影视
2372,002564,0,天沃科技
2373,002780,0,三夫户外
2374,300145,0,中金环境
2375,300081,0,恒信东方
2376,300672,0,国科微
2377,600990,1,四创电子
2378,000881,0,中广核技
2379,601139,1,深圳燃气
2380,600148,1,长春一东
2381,603551,1,奥普家居
2382,002550,0,千红制药
2383,600981,1,汇鸿集团
2384,603630,1,XD拉芳家
2385,601616,1,广电电气
2386,000869,0,张  裕Ａ
2387,000598,0,兴蓉环境
2388,600743,1,华远地产
2389,002177,0,御银股份
2390,601003,1,柳钢股份
2391,300484,0,蓝海华腾
2392,000826,0,启迪环境
2393,300403,0,汉宇集团
2394,688333,1,铂力特
2395,002930,0,宏川智慧
2396,300612,0,宣亚国际
2397,600894,1,广日股份
2398,002863,0,今飞凯达
2399,300065,0,海兰信
2400,600868,1,梅雁吉祥
2401,300096,0,易联众
2402,600796,1,钱江生化
2403,600329,1,中新药业
2404,000088,0,盐 田 港
2405,600039,1,四川路桥
2406,300287,0,飞利信
2407,300642,0,透景生命
2408,300522,0,世名科技
2409,601958,1,金钼股份
2410,600643,1,爱建集团
2411,002069,0,獐子岛
2412,002104,0,恒宝股份
2413,300623,0,捷捷微电
2414,603121,1,华培动力
2415,600506,1,香梨股份
2416,603801,1,志邦家居
2417,600664,1,哈药股份
2418,002125,0,湘潭电化
2419,600960,1,渤海汽车
2420,002632,0,道明光学
2421,300239,0,东宝生物
2422,300269,0,联建光电
2423,002593,0,日上集团
2424,002628,0,成都路桥
2425,002801,0,微光股份
2426,000404,0,长虹华意
2427,603088,1,宁波精达
2428,300575,0,中旗股份
2429,000702,0,正虹科技
2430,002820,0,桂发祥
2431,300295,0,三六五网
2432,600096,1,云天化
2433,002869,0,金溢科技
2434,300201,0,海伦哲
2435,300739,0,明阳电路
2436,603725,1,天安新材
2437,300519,0,新光药业
2438,002298,0,中电兴发
2439,300188,0,美亚柏科
2440,002839,0,张家港行
2441,600505,1,西昌电力
2442,600499,1,科达洁能
2443,002303,0,美盈森
2444,002738,0,中矿资源
2445,002685,0,华东重机
2446,000526,0,紫光学大
2447,600619,1,海立股份
2448,000825,0,太钢不锈
2449,002517,0,恺英网络
2450,601212,1,白银有色
2451,000539,0,粤电力Ａ
2452,000779,0,甘咨询
2453,300024,0,机器人
2454,300270,0,中威电子
2455,002913,0,奥士康
2456,600765,1,中航重机
2457,300506,0,名家汇
2458,688007,1,光峰科技
2459,002512,0,达华智能
2460,002086,0,ST东海洋
2461,300523,0,辰安科技
2462,300279,0,和晶科技
2463,300008,0,天海防务
2464,300520,0,科大国创
2465,603619,1,中曼石油
2466,300622,0,博士眼镜
2467,600592,1,龙溪股份
2468,300094,0,国联水产
2469,600682,1,南京新百
2470,601098,1,中南传媒
2471,600866,1,星湖科技
2472,600308,1,华泰股份
2473,600777,1,新潮能源
2474,603515,1,欧普照明
2475,600830,1,香溢融通
2476,300719,0,安达维尔
2477,603333,1,尚纬股份
2478,000951,0,中国重汽
2479,000062,0,深圳华强
2480,300658,0,延江股份
2481,300017,0,网宿科技
2482,600112,1,ST天成
2483,300289,0,利德曼
2484,002751,0,易尚展示
2485,300211,0,亿通科技
2486,603998,1,方盛制药
2487,000607,0,华媒控股
2488,000507,0,珠海港
2489,002919,0,名臣健康
2490,688090,1,瑞松科技
2491,603129,1,春风动力
2492,002553,0,南方轴承
2493,603661,1,恒林股份
2494,600963,1,岳阳林纸
2495,600081,1,东风科技
2496,600715,1,文投控股
2497,603980,1,吉华集团
2498,600075,1,新疆天业
2499,600114,1,东睦股份
2500,002952,0,亚世光电
2501,600983,1,惠而浦
2502,002327,0,富安娜
2503,002917,0,金奥博
2504,688088,1,虹软科技
2505,300641,0,正丹股份
2506,300395,0,菲利华
2507,002740,0,爱迪尔
2508,600388,1,龙净环保
2509,000909,0,数源科技
2510,002067,0,景兴纸业
2511,002777,0,久远银海
2512,300387,0,富邦股份
2513,600218,1,全柴动力
2514,603267,1,鸿远电子
2515,000659,0,珠海中富
2516,000028,0,国药一致
2517,000010,0,*ST美丽
2518,002957,0,科瑞技术
2519,603390,1,通达电气
2520,603113,1,金能科技
2521,603833,1,欧派家居
2522,300735,0,光弘科技
2523,002526,0,山东矿机
2524,600399,1,ST抚钢
2525,603156,1,养元饮品
2526,300503,0,昊志机电
2527,002796,0,世嘉科技
2528,002010,0,传化智联
2529,002370,0,亚太药业
2530,300084,0,海默科技
2531,603949,1,雪龙集团
2532,300267,0,尔康制药
2533,000550,0,江铃汽车
2534,000523,0,广州浪奇
2535,300256,0,星星科技
2536,002246,0,北化股份
2537,002410,0,广联达
2538,688098,1,申联生物
2539,002793,0,罗欣药业
2540,600197,1,伊力特
2541,000059,0,华锦股份
2542,000157,0,中联重科
2543,000883,0,湖北能源
2544,300265,0,通光线缆
2545,600692,1,亚通股份
2546,002923,0,润都股份
2547,603200,1,上海洗霸
2548,300400,0,劲拓股份
2549,600973,1,宝胜股份
2550,002373,0,千方科技
2551,603197,1,保隆科技
2552,300827,0,上能电气
2553,601700,1,风范股份
2554,002519,0,银河电子
2555,300274,0,阳光电源
2556,300820,0,英杰电气
2557,002782,0,可立克
2558,603607,1,京华激光
2559,603887,1,城地股份
2560,000591,0,太阳能
2561,600730,1,中国高科
2562,300298,0,三诺生物
2563,000417,0,合肥百货
2564,600573,1,惠泉啤酒
2565,000035,0,中国天楹
2566,688200,1,华峰测控
2567,600989,1,宝丰能源
2568,300322,0,硕贝德
2569,300449,0,汉邦高科
2570,300219,0,鸿利智汇
2571,600094,1,大名城
2572,300471,0,厚普股份
2573,603999,1,读者传媒
2574,600520,1,文一科技
2575,002357,0,富临运业
2576,600400,1,红豆股份
2577,603458,1,勘设股份
2578,000923,0,河钢资源
2579,600562,1,国睿科技
2580,000678,0,襄阳轴承
2581,000506,0,中润资源
2582,688233,1,神工股份
2583,300758,0,七彩化学
2584,603396,1,金辰股份
2585,600835,1,上海机电
2586,002253,0,川大智胜
2587,603681,1,永冠新材
2588,300376,0,易事特
2589,688196,1,卓越新能
2590,002491,0,通鼎互联
2591,300424,0,航新科技
2592,300370,0,安控科技
2593,600320,1,振华重工
2594,002201,0,九鼎新材
2595,603815,1,交建股份
2596,000727,0,*ST东科
2597,600257,1,大湖股份
2598,002895,0,川恒股份
2599,002054,0,德美化工
2600,002746,0,仙坛股份
2601,300165,0,天瑞仪器
2602,600378,1,昊华科技
2603,000099,0,中信海直
2604,603032,1,德新交运
2605,000837,0,*ST秦机
2606,300777,0,中简科技
2607,002487,0,大金重工
2608,002885,0,京泉华
2609,603055,1,台华新材
2610,603667,1,五洲新春
2611,002842,0,翔鹭钨业
2612,000620,0,新华联
2613,603013,1,亚普股份
2614,002080,0,中材科技
2615,300550,0,和仁科技
2616,603138,1,海量数据
2617,002099,0,海翔药业
2618,300050,0,世纪鼎利
2619,603053,1,成都燃气
2620,002170,0,芭田股份
2621,000046,0,泛海控股
2622,002397,0,梦洁股份
2623,300151,0,昌红科技
2624,002905,0,金逸影视
2625,600078,1,澄星股份
2626,000836,0,富通鑫茂
2627,600768,1,宁波富邦
2628,600343,1,航天动力
2629,000510,0,新金路
2630,300309,0,吉艾科技
2631,300356,0,光一科技
2632,601599,1,鹿港文化
2633,002668,0,奥马电器
2634,000615,0,京汉股份
2635,603599,1,广信股份
2636,002676,0,顺威股份
2637,603808,1,歌力思
2638,600507,1,方大特钢
2639,002238,0,天威视讯
2640,000833,0,粤桂股份
2641,600307,1,酒钢宏兴
2642,600139,1,西部资源
2643,300461,0,田中精机
2644,002025,0,航天电器
2645,002092,0,中泰化学
2646,600555,1,*ST海创
2647,002840,0,华统股份
2648,002383,0,合众思壮
2649,000558,0,莱茵体育
2650,601886,1,江河集团
2651,002090,0,金智科技
2652,600186,1,莲花健康
2653,002286,0,保龄宝
2654,300042,0,朗科科技
2655,603679,1,华体科技
2656,600967,1,内蒙一机
2657,603633,1,徕木股份
2658,000676,0,智度股份
2659,300443,0,金雷股份
2660,002605,0,姚记科技
2661,600488,1,天药股份
2662,600166,1,福田汽车
2663,600761,1,安徽合力
2664,000875,0,吉电股份
2665,300183,0,东软载波
2666,002879,0,长缆科技
2667,002333,0,ST罗普
2668,600673,1,东阳光
2669,603186,1,华正新材
2670,000536,0,*ST华映
2671,601015,1,陕西黑猫
2672,002095,0,生 意 宝
2673,002677,0,浙江美大
2674,600896,1,览海医疗
2675,603185,1,上机数控
2676,300741,0,华宝股份
2677,600278,1,东方创业
2678,600612,1,老凤祥
2679,002749,0,国光股份
2680,002158,0,汉钟精机
2681,600256,1,广汇能源
2682,600209,1,ST罗顿
2683,600543,1,莫高股份
2684,000797,0,中国武夷
2685,002609,0,捷顺科技
2686,000753,0,漳州发展
2687,002191,0,劲嘉股份
2688,603181,1,皇马科技
2689,603693,1,江苏新能
2690,000608,0,阳光股份
2691,000006,0,深振业Ａ
2692,002424,0,贵州百灵
2693,002130,0,沃尔核材
2694,000895,0,双汇发展
2695,603220,1,中贝通信
2696,300607,0,拓斯达
2697,002460,0,赣锋锂业
2698,300813,0,泰林生物
2699,300152,0,科融环境
2700,002349,0,精华制药
2701,688099,1,晶晨股份
2702,688186,1,广大特材
2703,000541,0,佛山照明
2704,002755,0,奥赛康
2705,600420,1,现代制药
2706,600782,1,新钢股份
2707,300095,0,华伍股份
2708,002237,0,恒邦股份
2709,600068,1,葛洲坝
2710,000058,0,深 赛 格
2711,002315,0,焦点科技
2712,600248,1,延长化建
2713,603133,1,碳元科技
2714,603068,1,博通集成
2715,000595,0,*ST宝实
2716,603357,1,设计总院
2717,600859,1,王府井
2718,603956,1,威派格
2719,600098,1,广州发展
2720,600724,1,宁波富达
2721,002859,0,洁美科技
2722,300148,0,天舟文化
2723,002735,0,王子新材
2724,000056,0,皇庭国际
2725,300325,0,德威新材
2726,601117,1,中国化学
2727,002932,0,明德生物
2728,002378,0,章源钨业
2729,688128,1,中国电研
2730,600299,1,安迪苏
2731,000687,0,华讯方舟
2732,300654,0,世纪天鸿
2733,601126,1,四方股份
2734,002245,0,澳洋顺昌
2735,688321,1,微芯生物
2736,601208,1,东材科技
2737,600804,1,鹏博士
2738,601878,1,XD浙商证
2739,002568,0,百润股份
2740,002335,0,科华恒盛
2741,300763,0,锦浪科技
2742,688010,1,福光股份
2743,000777,0,中核科技
2744,000546,0,金圆股份
2745,603583,1,捷昌驱动
2746,601689,1,拓普集团
2747,300436,0,广生堂
2748,603012,1,创力集团
2749,000671,0,阳 光 城
2750,601330,1,绿色动力
2751,002911,0,佛燃能源
2752,002495,0,佳隆股份
2753,000089,0,深圳机场
2754,300392,0,腾信股份
2755,000525,0,红 太 阳
2756,002366,0,台海核电
2757,603095,1,越剑智能
2758,002310,0,东方园林
2759,601858,1,中国科传
2760,600755,1,厦门国贸
2761,600300,1,维维股份
2762,000153,0,丰原药业
2763,002150,0,通润装备
2764,300747,0,锐科激光
2765,600141,1,兴发集团
2766,300682,0,朗新科技
2767,300499,0,高澜股份
2768,002910,0,庄园牧场
2769,002587,0,奥拓电子
2770,601992,1,金隅集团
2771,300048,0,合康新能
2772,688068,1,热景生物
2773,603045,1,福达合金
2774,300198,0,纳川股份
2775,600510,1,黑牡丹
2776,600217,1,中再资环
2777,002399,0,海普瑞
2778,000839,0,中信国安
2779,688039,1,当虹科技
2780,300271,0,华宇软件
2781,603398,1,邦宝益智
2782,600855,1,航天长峰
2783,600060,1,海信视像
2784,002701,0,奥瑞金
2785,600854,1,春兰股份
2786,603916,1,苏博特
2787,600011,1,华能国际
2788,603639,1,海利尔
2789,002762,0,金发拉比
2790,002945,0,华林证券
2791,002660,0,茂硕电源
2792,600560,1,金自天正
2793,600273,1,嘉化能源
2794,002549,0,凯美特气
2795,603279,1,景津环保
2796,300755,0,华致酒行
2797,601901,1,方正证券
2798,600095,1,哈高科
2799,300020,0,银江股份
2800,600900,1,长江电力
2801,600162,1,香江控股
2802,002089,0,*ST新海
2803,002372,0,伟星新材
2804,300288,0,朗玛信息
2805,603699,1,纽威股份
2806,600710,1,苏美达
2807,300492,0,华图山鼎
2808,002520,0,日发精机
2809,601919,1,中远海控
2810,300644,0,南京聚隆
2811,601198,1,东兴证券
2812,600266,1,城建发展
2813,603636,1,南威软件
2814,002218,0,拓日新能
2815,300174,0,元力股份
2816,601598,1,中国外运
2817,300698,0,万马科技
2818,300215,0,电科院
2819,002343,0,慈文传媒
2820,688202,1,美迪西
2821,603039,1,泛微网络
2822,601999,1,出版传媒
2823,600293,1,三峡新材
2824,600138,1,中青旅
2825,603605,1,珀莱雅
2826,002886,0,沃特股份
2827,600188,1,兖州煤业
2828,601086,1,国芳集团
2829,002446,0,盛路通信
2830,603588,1,高能环境
2831,603977,1,国泰集团
2832,603157,1,拉夏贝尔
2833,603638,1,艾迪精密
2834,000610,0,西安旅游
2835,600712,1,南宁百货
2836,600072,1,中船科技
2837,600249,1,两面针
2838,002005,0,*ST德豪
2839,600678,1,四川金顶
2840,300785,0,值得买
2841,002215,0,诺 普 信
2842,002140,0,东华科技
2843,000888,0,峨眉山Ａ
2844,002503,0,搜于特
2845,603118,1,共进股份
2846,002496,0,*ST辉丰
2847,000403,0,双林生物
2848,300080,0,易成新能
2849,002635,0,安洁科技
2850,000563,0,陕国投Ａ
2851,000587,0,*ST金洲
2852,688089,1,嘉必优
2853,300382,0,斯莱克
2854,603488,1,展鹏科技
2855,603988,1,中电电机
2856,000682,0,东方电子
2857,600720,1,祁连山
2858,603078,1,江化微
2859,600622,1,光大嘉宝
2860,002060,0,粤 水 电
2861,300708,0,聚灿光电
2862,300685,0,艾德生物
2863,002809,0,红墙股份
2864,300047,0,天源迪科
2865,000790,0,华神科技
2866,300147,0,香雪制药
2867,002448,0,中原内配
2868,300249,0,依米康
2869,000791,0,甘肃电投
2870,000969,0,安泰科技
2871,300828,0,锐新科技
2872,002719,0,*ST麦趣
2873,600479,1,千金药业
2874,600416,1,*ST湘电
2875,300290,0,荣科科技
2876,000990,0,诚志股份
2877,002038,0,双鹭药业
2878,300617,0,安靠智电
2879,688001,1,华兴源创
2880,000060,0,中金岭南
2881,600153,1,建发股份
2882,300106,0,西部牧业
2883,600770,1,综艺股份
2884,300480,0,光力科技
2885,002712,0,思美传媒
2886,000039,0,中集集团
2887,300006,0,莱美药业
2888,300823,0,建科机械
2889,603577,1,汇金通
2890,300363,0,博腾股份
2891,600581,1,八一钢铁
2892,300007,0,汉威科技
2893,300359,0,全通教育
2894,002071,0,长城影视
2895,002003,0,伟星股份
2896,002476,0,宝莫股份
2897,300234,0,开尔新材
2898,600764,1,中国海防
2899,002666,0,德联集团
2900,601838,1,成都银行
2901,600565,1,迪马股份
2902,002492,0,恒基达鑫
2903,002251,0,步 步 高
2904,300526,0,中潜股份
2905,300157,0,恒泰艾普
2906,600491,1,龙元建设
2907,300275,0,梅安森
2908,300808,0,久量股份
2909,603976,1,正川股份
2910,002864,0,盘龙药业
2911,600233,1,圆通速递
2912,688166,1,博瑞医药
2913,300679,0,电连技术
2914,300340,0,科恒股份
2915,002988,0,豪美新材
2916,002560,0,通达股份
2917,002559,0,亚威股份
2918,300606,0,金太阳
2919,600511,1,国药股份
2920,002545,0,东方铁塔
2921,002494,0,华斯股份
2922,002166,0,莱茵生物
2923,600477,1,杭萧钢构
2924,002186,0,全 聚 德
2925,002541,0,鸿路钢构
2926,688208,1,道通科技
2927,000913,0,钱江摩托
2928,002190,0,成飞集成
2929,002093,0,国脉科技
2930,002611,0,东方精工
2931,002313,0,日海智能
2932,002216,0,三全食品
2933,300131,0,英唐智控
2934,600086,1,东方金钰
2935,300569,0,天能重工
2936,002447,0,*ST晨鑫
2937,688389,1,普门科技
2938,002283,0,天润工业
2939,300241,0,瑞丰光电
2940,300474,0,景嘉微
2941,603081,1,大丰实业
2942,300184,0,力源信息
2943,002045,0,国光电器
2944,601099,1,太平洋
2945,000731,0,四川美丰
2946,600439,1,瑞贝卡
2947,600168,1,武汉控股
2948,603993,1,洛阳钼业
2949,603283,1,赛腾股份
2950,002013,0,中航机电
2951,002747,0,埃斯顿
2952,688023,1,安恒信息
2953,002204,0,大连重工
2954,002858,0,力盛赛车
2955,600550,1,保变电气
2956,600010,1,包钢股份
2957,300706,0,阿石创
2958,603587,1,地素时尚
2959,000518,0,四环生物
2960,000697,0,炼石航空
2961,600831,1,广电网络
2962,688016,1,心脉医疗
2963,600064,1,南京高科
2964,300034,0,钢研高纳
2965,300775,0,三角防务
2966,002041,0,登海种业
2967,002610,0,爱康科技
2968,000400,0,许继电气
2969,300391,0,康跃科技
2970,002702,0,海欣食品
2971,300427,0,红相股份
2972,603111,1,康尼机电
2973,002229,0,鸿博股份
2974,300781,0,因赛集团
2975,002354,0,*ST天娱
2976,603559,1,中通国脉
2977,688096,1,京源环保
2978,600517,1,国网英大
2979,601949,1,中国出版
2980,603682,1,锦和商业
2981,000806,0,*ST银河
2982,300353,0,东土科技
2983,600753,1,东方银星
2984,000823,0,超声电子
2985,002649,0,博彦科技
2986,300087,0,荃银高科
2987,000815,0,美利云
2988,000528,0,柳    工
2989,002426,0,*ST胜利
2990,300228,0,富瑞特装
2991,600353,1,旭光股份
2992,601860,1,紫金银行
2993,300013,0,新宁物流
2994,002444,0,巨星科技
2995,300284,0,苏交科
2996,000713,0,丰乐种业
2997,300673,0,佩蒂股份
2998,002205,0,国统股份
2999,002470,0,金正大
3000,000750,0,国海证券
3001,002853,0,皮阿诺
3002,600093,1,易见股份
3003,300620,0,光库科技
3004,600587,1,新华医疗
3005,300456,0,赛微电子
3006,600372,1,中航电子
3007,600740,1,山西焦化
3008,000572,0,*ST 海马
3009,002655,0,共达电声
3010,300768,0,迪普科技
3011,600298,1,安琪酵母
3012,000413,0,东旭光电
3013,000592,0,平潭发展
3014,600876,1,洛阳玻璃
3015,000897,0,津滨发展
3016,002626,0,金达威
3017,600222,1,太龙药业
3018,000623,0,吉林敖东
3019,000720,0,新能泰山
3020,002622,0,融钰集团
3021,002105,0,信隆健康
3022,600199,1,金种子酒
3023,300562,0,乐心医疗
3024,600655,1,豫园股份
3025,600387,1,海越能源
3026,000957,0,中通客车
3027,002317,0,众生药业
3028,600151,1,航天机电
3029,000933,0,神火股份
3030,601333,1,广深铁路
3031,600132,1,重庆啤酒
3032,300027,0,华谊兄弟
3033,300787,0,海能实业
3034,600903,1,贵州燃气
3035,300357,0,我武生物
3036,600828,1,茂业商业
3037,603003,1,龙宇燃油
3038,600476,1,湘邮科技
3039,002614,0,奥佳华
3040,300071,0,华谊嘉信
3041,603879,1,永悦科技
3042,002430,0,杭氧股份
3043,002242,0,九阳股份
3044,000601,0,韶能股份
3045,300229,0,拓尔思
3046,300636,0,同和药业
3047,600704,1,XD物产中
3048,300222,0,科大智能
3049,600323,1,瀚蓝环境
3050,601200,1,上海环境
3051,600846,1,同济科技
3052,300347,0,泰格医药
3053,601225,1,陕西煤业
3054,600459,1,贵研铂业
3055,300190,0,维尔利
3056,688081,1,兴图新科
3057,000701,0,厦门信达
3058,300428,0,四通新材
3059,300504,0,天邑股份
3060,600116,1,三峡水利
3061,000613,0,大东海A
3062,002493,0,荣盛石化
3063,002955,0,鸿合科技
3064,002918,0,蒙娜丽莎
3065,600688,1,上海石化
3066,600230,1,沧州大化
3067,601890,1,亚星锚链
3068,600291,1,西水股份
3069,002224,0,三 力 士
3070,603726,1,朗迪集团
3071,688100,1,威胜信息
3072,300420,0,五洋停车
3073,300683,0,海特生物
3074,002841,0,视源股份
3075,603697,1,有友食品
3076,600880,1,博瑞传播
3077,002717,0,岭南股份
3078,300549,0,优德精密
3079,002117,0,东港股份
3080,688566,1,吉贝尔
3081,000070,0,特发信息
3082,600760,1,中航沈飞
3083,002006,0,精功科技
3084,600480,1,凌云股份
3085,002887,0,绿茵生态
3086,300573,0,兴齐眼药
3087,000415,0,渤海租赁
3088,688139,1,海尔生物
3089,002391,0,长青股份
3090,002799,0,环球印务
3091,002252,0,上海莱士
3092,600496,1,精工钢构
3093,300663,0,科蓝软件
3094,603690,1,至纯科技
3095,002977,0,天箭科技
3096,688198,1,佰仁医疗
3097,600107,1,美尔雅
3098,000983,0,西山煤电
3099,601998,1,中信银行
3100,600461,1,洪城水业
3101,000581,0,威孚高科
3102,300806,0,斯迪克
3103,600348,1,阳泉煤业
3104,000166,0,申万宏源
3105,002791,0,坚朗五金
3106,300110,0,华仁药业
3107,002341,0,新纶科技
3108,000738,0,航发控制
3109,300072,0,三聚环保
3110,000788,0,北大医药
3111,601666,1,平煤股份
3112,600820,1,隧道股份
3113,601100,1,恒立液压
3114,601633,1,长城汽车
3115,600150,1,中国船舶
3116,600289,1,*ST信通
3117,002597,0,金禾实业
3118,600171,1,上海贝岭
3119,002110,0,三钢闽光
3120,600888,1,新疆众和
3121,300761,0,立华股份
3122,002032,0,苏 泊 尔
3123,001979,0,招商蛇口
3124,002381,0,双箭股份
3125,600535,1,天士力
3126,002653,0,海思科
3127,600478,1,科力远
3128,300257,0,开山股份
3129,002181,0,粤 传 媒
3130,300130,0,新国都
3131,601116,1,三江购物
3132,300624,0,万兴科技
3133,002640,0,跨境通
3134,600583,1,海油工程
3135,600501,1,航天晨光
3136,002822,0,中装建设
3137,002798,0,帝欧家居
3138,300276,0,三丰智能
3139,600219,1,南山铝业
3140,600203,1,福日电子
3141,002097,0,山河智能
3142,300655,0,晶瑞股份
3143,000801,0,四川九洲
3144,300426,0,唐德影视
3145,601618,1,中国中冶
3146,600571,1,信雅达
3147,600513,1,联环药业
3148,603198,1,迎驾贡酒
3149,300595,0,欧普康视
3150,002551,0,尚荣医疗
3151,300833,0,浩洋股份
3152,000710,0,贝瑞基因
3153,002398,0,垒知集团
3154,002625,0,光启技术
3155,300408,0,三环集团
3156,688085,1,三友医疗
3157,603069,1,海汽集团
3158,002027,0,分众传媒
3159,002852,0,道道全
3160,002770,0,科迪乳业
3161,605288,1,凯迪股份
3162,600229,1,城市传媒
3163,603360,1,百傲化学
3164,000503,0,国新健康
3165,603536,1,惠发食品
3166,002457,0,青龙管业
3167,300680,0,隆盛科技
3168,600361,1,华联综超
3169,601077,1,渝农商行
3170,002705,0,新宝股份
3171,603660,1,苏州科达
3172,000156,0,华数传媒
3173,300133,0,华策影视
3174,002750,0,龙津药业
3175,000521,0,长虹美菱
3176,000627,0,天茂集团
3177,603429,1,集友股份
3178,002107,0,沃华医药
3179,002440,0,闰土股份
3180,600000,1,浦发银行
3181,601388,1,怡球资源
3182,600633,1,浙数文化
3183,300139,0,晓程科技
3184,603466,1,风语筑
3185,002548,0,金新农
3186,300604,0,长川科技
3187,600053,1,九鼎投资
3188,600425,1,青松建化
3189,600886,1,国投电力
3190,600456,1,宝钛股份
3191,600657,1,信达地产
3192,300367,0,东方网力
3193,688181,1,XD八亿时
3194,600663,1,陆家嘴
3195,300232,0,洲明科技
3196,600018,1,上港集团
3197,300816,0,艾可蓝
3198,002912,0,中新赛克
3199,300701,0,森霸传感
3200,002617,0,露笑科技
3201,002978,0,安宁股份
3202,601021,1,春秋航空
3203,300586,0,美联新材
3204,600893,1,航发动力
3205,600975,1,新五丰
3206,600113,1,浙江东日
3207,603696,1,安记食品
3208,688169,1,石头科技
3209,002511,0,中顺洁柔
3210,688002,1,睿创微纳
3211,688398,1,赛特新材
3212,002330,0,得利斯
3213,600406,1,国电南瑞
3214,002486,0,嘉麟杰
3215,603180,1,金牌厨柜
3216,603995,1,甬金股份
3217,000892,0,欢瑞世纪
3218,601952,1,苏垦农发
3219,000822,0,山东海化
3220,600191,1,华资实业
3221,300783,0,三只松鼠
3222,300171,0,东富龙
3223,688003,1,天准科技
3224,300453,0,三鑫医疗
3225,002321,0,华英农业
3226,601298,1,青岛港
3227,600996,1,贵广网络
3228,600027,1,华电国际
3229,002484,0,江海股份
3230,600705,1,中航资本
3231,000540,0,中天金融
3232,002505,0,大康农业
3233,688288,1,鸿泉物联
3234,002274,0,华昌化工
3235,300572,0,安车检测
3236,600754,1,锦江酒店
3237,002024,0,苏宁易购
3238,000717,0,韶钢松山
3239,603368,1,柳药股份
3240,300766,0,每日互动
3241,603816,1,XD顾家家
3242,002280,0,联络互动
3243,603678,1,火炬电子
3244,000662,0,天夏智慧
3245,300192,0,科斯伍德
3246,601827,1,三峰环境
3247,000708,0,中信特钢
3248,000800,0,一汽解放
3249,300114,0,中航电测
3250,002103,0,广博股份
3251,600252,1,中恒集团
3252,688051,1,佳华科技
3253,688101,1,三达膜
3254,000735,0,罗 牛 山
3255,300323,0,华灿光电
3256,000930,0,中粮科技
3257,600818,1,中路股份
3258,000921,0,海信家电
3259,601238,1,广汽集团
3260,600685,1,中船防务
3261,601377,1,兴业证券
3262,600339,1,中油工程
3263,688588,1,凌志软件
3264,600422,1,昆药集团
3265,600771,1,广誉远
3266,000778,0,新兴铸管
3267,000960,0,锡业股份
3268,600727,1,鲁北化工
3269,300012,0,华测检测
3270,600970,1,XD中材国
3271,601828,1,美凯龙
3272,688299,1,长阳科技
3273,688399,1,硕世生物
3274,603939,1,益丰药房
3275,002733,0,雄韬股份
3276,002599,0,盛通股份
3277,300439,0,美康生物
3278,688358,1,祥生医疗
3279,601600,1,中国铝业
3280,300158,0,振东制药
3281,002437,0,誉衡药业
3282,002171,0,楚江新材
3283,600604,1,市北高新
3284,603538,1,美诺华
3285,300639,0,凯普生物
3286,601699,1,潞安环能
3287,600120,1,浙江东方
3288,002344,0,海宁皮城
3289,300016,0,北陆药业
3290,600089,1,特变电工
3291,600624,1,复旦复华
3292,000829,0,天音控股
3293,300695,0,兆丰股份
3294,600636,1,国新文化
3295,300273,0,和佳医疗
3296,000665,0,湖北广电
3297,300793,0,佳禾智能
3298,300097,0,智云股份
3299,300352,0,北信源
3300,300038,0,数知科技
3301,603776,1,永安行
3302,300596,0,利安隆
3303,000917,0,电广传媒
3304,601988,1,中国银行
3305,300194,0,福安药业
3306,601555,1,东吴证券
3307,603079,1,圣达生物
3308,300136,0,信维通信
3309,000862,0,银星能源
3310,603353,1,和顺石油
3311,002648,0,卫星石化
3312,603385,1,惠达卫浴
3313,002928,0,华夏航空
3314,000999,0,华润三九
3315,300369,0,绿盟科技
3316,600133,1,东湖高新
3317,000955,0,欣龙控股
3318,000629,0,攀钢钒钛
3319,603456,1,九洲药业
3320,300452,0,山河药辅
3321,000908,0,景峰医药
3322,603000,1,人民网
3323,600723,1,首商股份
3324,002308,0,威创股份
3325,300225,0,金力泰
3326,300261,0,雅本化学
3327,600728,1,佳都科技
3328,002891,0,中宠股份
3329,600391,1,航发科技
3330,002698,0,博实股份
3331,603528,1,多伦科技
3332,002285,0,世联行
3333,603308,1,应流股份
3334,603026,1,石大胜华
3335,600251,1,冠农股份
3336,603128,1,华贸物流
3337,600268,1,国电南自
3338,600208,1,新湖中宝
3339,600986,1,科达股份
3340,300831,0,派瑞股份
3341,600216,1,浙江医药
3342,300044,0,赛为智能
3343,300822,0,贝仕达克
3344,601375,1,中原证券
3345,600999,1,招商证券
3346,603855,1,华荣股份
3347,002616,0,长青集团
3348,000848,0,承德露露
3349,000830,0,鲁西化工
3350,600486,1,扬农化工
3351,603882,1,金域医学
3352,600062,1,华润双鹤
3353,601877,1,正泰电器
3354,600360,1,华微电子
3355,002727,0,一心堂
3356,300634,0,彩讯股份
3357,000733,0,振华科技
3358,002506,0,协鑫集成
3359,000426,0,兴业矿业
3360,002979,0,雷赛智能
3361,603737,1,三棵树
3362,603366,1,日出东方
3363,000012,0,南  玻Ａ
3364,002118,0,紫鑫药业
3365,603718,1,海利生物
3366,688008,1,澜起科技
3367,002234,0,民和股份
3368,603517,1,绝味食品
3369,002361,0,神剑股份
3370,600390,1,五矿资本
3371,000716,0,黑芝麻
3372,002982,0,湘佳股份
3373,600242,1,中昌数据
3374,600875,1,东方电气
3375,603983,1,丸美股份
3376,601636,1,旗滨集团
3377,002707,0,众信旅游
3378,600626,1,申达股份
3379,000911,0,ST南糖
3380,000975,0,银泰黄金
3381,002673,0,西部证券
3382,603886,1,元祖股份
3383,600518,1,ST康美
3384,002137,0,麦达数字
3385,002951,0,金时科技
3386,600223,1,鲁商发展
3387,002618,0,丹邦科技
3388,603658,1,XD安图生
3389,002084,0,海鸥住工
3390,603043,1,广州酒家
3391,603811,1,诚意药业
3392,002419,0,天虹股份
3393,600100,1,同方股份
3394,600038,1,中直股份
3395,603277,1,银都股份
3396,600779,1,水井坊
3397,002681,0,*ST奋达
3398,002281,0,光迅科技
3399,600529,1,山东药玻
3400,600419,1,天润乳业
3401,002328,0,新朋股份
3402,002737,0,葵花药业
3403,300324,0,旋极信息
3404,688365,1,光云科技
3405,600136,1,当代文体
3406,600059,1,古越龙山
3407,002094,0,青岛金王
3408,002946,0,新乳业
3409,603486,1,科沃斯
3410,603856,1,东宏股份
3411,002156,0,通富微电
3412,300220,0,金运激光
3413,002002,0,鸿达兴业
3414,300635,0,中达安
3415,002522,0,浙江众成
3416,002897,0,意华股份
3417,002115,0,三维通信
3418,688312,1,燕麦科技
3419,603713,1,密尔克卫
3420,002131,0,利欧股份
3421,002217,0,合力泰
3422,600567,1,山鹰纸业
3423,000519,0,中兵红箭
3424,600467,1,好当家
3425,603866,1,桃李面包
3426,002135,0,东南网架
3427,000639,0,西王食品
3428,002020,0,京新药业
3429,002046,0,轴研科技
3430,000566,0,海南海药
3431,002734,0,利民股份
3432,600958,1,东方证券
3433,300829,0,金丹科技
3434,603708,1,家家悦
3435,002078,0,太阳纸业
3436,000061,0,农 产 品
3437,002263,0,大东南
3438,603899,1,晨光文具
3439,600165,1,新日恒力
3440,601628,1,中国人寿
3441,002847,0,盐津铺子
3442,002329,0,皇氏集团
3443,000423,0,东阿阿胶
3444,002880,0,卫光生物
3445,002195,0,二三四五
3446,603233,1,大参林
3447,600282,1,南钢股份
3448,002043,0,兔 宝 宝
3449,601975,1,招商南油
3450,603606,1,东方电缆
3451,002983,0,芯瑞达
3452,603377,1,东方时尚
3453,300638,0,广和通
3454,600503,1,华丽家族
3455,300450,0,先导智能
3456,601108,1,财通证券
3457,603363,1,傲农生物
3458,600051,1,宁波联合
3459,300432,0,富临精工
3460,601808,1,中海油服
3461,002432,0,九安医疗
3462,000505,0,京粮控股
3463,600737,1,中粮糖业
3464,000967,0,盈峰环境
3465,600267,1,海正药业
3466,300296,0,利亚德
3467,603598,1,引力传媒
3468,300022,0,吉峰科技
3469,000709,0,河钢股份
3470,600130,1,波导股份
3471,002064,0,华峰氨纶
3472,601778,1,晶科科技
3473,600628,1,新世界
3474,002557,0,洽洽食品
3475,688086,1,紫晶存储
3476,600466,1,蓝光发展
3477,600380,1,健康元
3478,002941,0,新疆交建
3479,601788,1,光大证券
3480,603885,1,吉祥航空
3481,600057,1,厦门象屿
3482,002348,0,高乐股份
3483,600004,1,白云机场
3484,300401,0,花园生物
3485,600547,1,山东黄金
3486,600015,1,华夏银行
3487,002351,0,漫步者
3488,002106,0,莱宝高科
3489,000560,0,我爱我家
3490,300253,0,卫宁健康
3491,002772,0,众兴菌业
3492,002654,0,万润科技
3493,300119,0,瑞普生物
3494,002641,0,永高股份
3495,002908,0,德生科技
3496,002555,0,三七互娱
3497,300830,0,金现代
3498,002745,0,木林森
3499,300482,0,万孚生物
3500,601872,1,招商轮船
3501,300310,0,宜通世纪
3502,000625,0,长安汽车
3503,300078,0,思创医惠
3504,002340,0,格林美
3505,603212,1,赛伍技术
3506,002436,0,兴森科技
3507,002250,0,联化科技
3508,601169,1,北京银行
3509,603387,1,基蛋生物
3510,603317,1,天味食品
3511,002688,0,金河生物
3512,600198,1,大唐电信
3513,000886,0,海南高速
3514,300091,0,金通灵
3515,600739,1,辽宁成大
3516,600532,1,宏达矿业
3517,000877,0,天山股份
3518,600546,1,山煤国际
3519,002332,0,仙琚制药
3520,002028,0,思源电气
3521,600201,1,生物股份
3522,601328,1,交通银行
3523,600834,1,申通地铁
3524,000686,0,东北证券
3525,300737,0,科顺股份
3526,688123,1,聚辰股份
3527,002326,0,永太科技
3528,300021,0,大禹节水
3529,300451,0,创业慧康
3530,000557,0,西部创业
3531,300433,0,蓝思科技
3532,300657,0,弘信电子
3533,002797,0,第一创业
3534,000818,0,航锦科技
3535,300203,0,聚光科技
3536,000889,0,中嘉博创
3537,300653,0,正海生物
3538,600336,1,澳柯玛
3539,300773,0,拉卡拉
3540,002036,0,联创电子
3541,300327,0,中颖电子
3542,002468,0,申通快递
3543,603229,1,奥翔药业
3544,002138,0,顺络电子
3545,002498,0,汉缆股份
3546,601789,1,宁波建工
3547,002396,0,星网锐捷
3548,300476,0,胜宏科技
3549,300046,0,台基股份
3550,601818,1,光大银行
3551,600734,1,实达集团
3552,300123,0,亚光科技
3553,601179,1,中国西电
3554,000655,0,金岭矿业
3555,000796,0,凯撒旅业
3556,600271,1,航天信息
3557,002916,0,深南电路
3558,002876,0,三利谱
3559,688599,1,天合光能
3560,300603,0,立昂技术
3561,000799,0,酒鬼酒
3562,603288,1,海天味业
3563,603595,1,东尼电子
3564,600115,1,东方航空
3565,603336,1,宏辉果蔬
3566,600523,1,贵航股份
3567,300457,0,赢合科技
3568,002413,0,雷科防务
3569,002155,0,湖南黄金
3570,601800,1,中国交建
3571,601011,1,宝泰隆
3572,300567,0,精测电子
3573,688029,1,南微医学
3574,000016,0,深康佳Ａ
3575,002128,0,露天煤业
3576,000038,0,深大通
3577,002183,0,怡 亚 通
3578,600085,1,同仁堂
3579,300790,0,宇瞳光学
3580,300628,0,亿联网络
3581,600802,1,福建水泥
3582,002421,0,达实智能
3583,603027,1,DR千禾味
3584,603439,1,贵州三力
3585,000551,0,创元科技
3586,601989,1,中国重工
3587,600383,1,金地集团
3588,603236,1,移远通信
3589,600838,1,上海九百
3590,300251,0,光线传媒
3591,300459,0,金科文化
3592,601336,1,新华保险
3593,603613,1,国联股份
3594,600346,1,恒力石化
3595,300448,0,浩云科技
3596,002163,0,中航三鑫
3597,002461,0,珠江啤酒
3598,002959,0,小熊电器
3599,002449,0,国星光电
3600,002556,0,辉隆股份
3601,600763,1,通策医疗
3602,601168,1,西部矿业
3603,002369,0,卓翼科技
3604,002353,0,杰瑞股份
3605,688138,1,清溢光电
3606,600108,1,亚盛集团
3607,300083,0,劲胜智能
3608,688026,1,洁特生物
3609,002411,0,延安必康
3610,002223,0,鱼跃医疗
3611,600861,1,北京城乡
3612,002377,0,国创高新
3613,000723,0,美锦能源
3614,300168,0,万达信息
3615,002222,0,福晶科技
3616,300511,0,雪榕生物
3617,300144,0,宋城演艺
3618,601155,1,新城控股
3619,000078,0,海王生物
3620,000729,0,燕京啤酒
3621,603987,1,康德莱
3622,002001,0,新 和 成
3623,600668,1,尖峰集团
3624,002975,0,博杰股份
3625,300709,0,精研科技
3626,600837,1,海通证券
3627,600872,1,中炬高新
3628,300294,0,博雅生物
3629,600814,1,杭州解百
3630,300227,0,光韵达
3631,300010,0,立思辰
3632,002695,0,煌上煌
3633,300458,0,全志科技
3634,300537,0,广信材料
3635,002023,0,海特高新
3636,603777,1,来伊份
3637,000158,0,常山北明
3638,002264,0,新 华 都
3639,600362,1,江西铜业
3640,688396,1,XD华润微
3641,000988,0,华工科技
3642,002489,0,浙江永强
3643,300791,0,仙乐健康
3644,002422,0,科伦药业
3645,688598,1,金博股份
3646,000728,0,国元证券
3647,600050,1,中国联通
3648,600309,1,万华化学
3649,002271,0,东方雨虹
3650,000802,0,北京文化
3651,002821,0,凯莱英
3652,600566,1,济川药业
3653,002389,0,航天彩虹
3654,601939,1,建设银行
3655,000903,0,云内动力
3656,300759,0,康龙化成
3657,000681,0,视觉中国
3658,002212,0,南洋股份
3659,300263,0,隆华科技
3660,600436,1,片仔癀
3661,300792,0,壹网壹创
3662,300825,0,阿尔特
3663,600839,1,四川长虹
3664,000756,0,新华制药
3665,300418,0,昆仑万维
3666,300053,0,欧比特
3667,002307,0,北新路桥
3668,002643,0,万润股份
3669,300558,0,贝达药业
3670,600025,1,华能水电
3671,600641,1,万业企业
3672,600966,1,博汇纸业
3673,600690,1,海尔智家
3674,600056,1,中国医药
3675,000931,0,中 关 村
3676,002726,0,龙大肉食
3677,600750,1,江中药业
3678,688222,1,成都先导
3679,002500,0,山西证券
3680,601111,1,中国国航
3681,000789,0,万年青
3682,002683,0,宏大爆破
3683,603589,1,口子窖
3684,300397,0,天和防务
3685,601118,1,海南橡胶
3686,603369,1,今世缘
3687,603609,1,禾丰牧业
3688,002320,0,海峡股份
3689,000987,0,越秀金控
3690,002515,0,金字火腿
3691,600258,1,首旅酒店
3692,600055,1,万东医疗
3693,002384,0,东山精密
3694,002967,0,广电计量
3695,002925,0,盈趣科技
3696,603195,1,公牛集团
3697,603950,1,长源东谷
3698,002311,0,海大集团
3699,002302,0,西部建设
3700,002202,0,金风科技
3701,002081,0,金 螳 螂
3702,600707,1,彩虹股份
3703,688189,1,南新制药
3704,600019,1,宝钢股份
3705,002661,0,克明面业
3706,002022,0,科华生物
3707,300463,0,迈克生物
3708,603858,1,步长制药
3709,600556,1,天下秀
3710,603739,1,蔚蓝生物
3711,000650,0,仁和药业
3712,300343,0,联创股份
3713,002567,0,唐人神
3714,600615,1,丰华股份
3715,300303,0,聚飞光电
3716,000795,0,英洛华
3717,603686,1,龙马环卫
3718,000568,0,泸州老窖
3719,600127,1,金健米业
3720,300015,0,爱尔眼科
3721,002812,0,恩捷股份
3722,601236,1,红塔证券
3723,002279,0,久其软件
3724,600789,1,鲁抗医药
3725,601607,1,上海医药
3726,300602,0,飞荣达
3727,300146,0,汤臣倍健
3728,600330,1,天通股份
3729,300381,0,溢多利
3730,601128,1,常熟银行
3731,002276,0,万马股份
3732,000721,0,西安饮食
3733,600206,1,有研新材
3734,000672,0,上峰水泥
3735,603520,1,司太立
3736,002151,0,北斗星通
3737,601688,1,华泰证券
3738,002565,0,顺灏股份
3739,002180,0,纳思达
3740,002524,0,光正集团
3741,601137,1,博威合金
3742,002428,0,云南锗业
3743,600559,1,老白干酒
3744,601319,1,中国人保
3745,002481,0,双塔食品
3746,002572,0,索菲亚
3747,300429,0,强力新材
3748,002129,0,中环股份
3749,601857,1,中国石油
3750,002004,0,华邦健康
3751,000851,0,高鸿股份
3752,600195,1,中牧股份
3753,002154,0,报 喜 鸟
3754,600221,1,海航控股
3755,603719,1,良品铺子
3756,002458,0,益生股份
3757,600597,1,光明乳业
3758,300292,0,吴通控股
3759,601088,1,中国神华
3760,002352,0,顺丰控股
3761,002508,0,老板电器
3762,002582,0,好想你
3763,603127,1,昭衍新药
3764,300177,0,中海达
3765,002120,0,韵达股份
3766,000997,0,新 大 陆
3767,300142,0,沃森生物
3768,600808,1,马钢股份
3769,600260,1,凯乐科技
3770,300328,0,宜安科技
3771,601231,1,环旭电子
3772,000776,0,广发证券
3773,300782,0,卓胜微
3774,600340,1,华夏幸福
3775,688036,1,XD传音控
3776,000050,0,深天马Ａ
3777,300438,0,鹏辉能源
3778,000656,0,金科股份
3779,002169,0,智光电气
3780,300760,0,迈瑞医疗
3781,000596,0,古井贡酒
3782,600037,1,歌华有线
3783,601288,1,农业银行
3784,002008,0,大族激光
3785,600109,1,国金证券
3786,600028,1,中国石化
3787,002985,0,北摩高科
3788,002262,0,恩华药业
3789,002277,0,友阿股份
3790,002179,0,中航光电
3791,300059,0,东方财富
3792,600415,1,小商品城
3793,002385,0,大北农
3794,600522,1,中天科技
3795,601698,1,中国卫通
3796,600600,1,青岛啤酒
3797,002124,0,天邦股份
3798,300026,0,红日药业
3799,002019,0,亿帆医药
3800,300088,0,长信科技
3801,002642,0,荣之联
3802,601933,1,永辉超市
3803,600516,1,方大炭素
3804,002596,0,海南瑞泽
3805,601658,1,邮储银行
3806,603259,1,药明康德
3807,600598,1,北大荒
3808,002507,0,涪陵榨菜
3809,601138,1,工业富联
3810,000915,0,山大华特
3811,002152,0,广电运通
3812,600662,1,强生控股
3813,600073,1,上海梅林
3814,002291,0,星期六
3815,002273,0,水晶光电
3816,600029,1,南方航空
3817,002650,0,加加食品
3818,603703,1,盛洋科技
3819,600540,1,新赛股份
3820,300223,0,北京君正
3821,002475,0,立讯精密
3822,000425,0,徐工机械
3823,002233,0,塔牌集团
3824,002304,0,洋河股份
3825,002463,0,沪电股份
3826,603659,1,璞泰来
3827,002030,0,达安基因
3828,300576,0,容大感光
3829,600809,1,山西汾酒
3830,002600,0,领益智造
3831,002367,0,康力电梯
3832,002299,0,圣农发展
3833,002236,0,大华股份
3834,002429,0,兆驰股份
3835,000878,0,云南铜业
3836,000910,0,大亚圣象
3837,601601,1,XD中国太
3838,300497,0,富祥药业
3839,002603,0,以岭药业
3840,000538,0,云南白药
3841,601766,1,中国中车
3842,000963,0,华东医药
3843,000661,0,长春高新
3844,002382,0,蓝帆医疗
3845,300285,0,国瓷材料
3846,002851,0,麦格米特
3847,600332,1,白云山
3848,000860,0,顺鑫农业
3849,000401,0,冀东水泥
3850,600305,1,恒顺醋业
3851,600079,1,人福医药
3852,300009,0,安科生物
3853,603290,1,斯达半导
3854,600410,1,华胜天成
3855,300832,0,新产业
3856,600703,1,三安光电
3857,600867,1,通化东宝
3858,601816,1,京沪高铁
3859,600196,1,复星医药
3860,300115,0,长盈精密
3861,603501,1,韦尔股份
3862,300242,0,佳云科技
3863,002402,0,和而泰
3864,300002,0,神州泰岳
3865,300003,0,乐普医疗
3866,601009,1,南京银行
3867,601696,1,中银证券
3868,300207,0,欣旺达
3869,300122,0,智飞生物
3870,300014,0,亿纬锂能
3871,600584,1,长电科技
3872,000333,0,美的集团
3873,000338,0,潍柴动力
3874,002230,0,科大讯飞
3875,600016,1,民生银行
3876,300346,0,南大光电
3877,603799,1,华友钴业
3878,601390,1,中国中铁
3879,002142,0,宁波银行
3880,600621,1,华鑫股份
3881,600352,1,浙江龙盛
3882,002007,0,华兰生物
3883,601668,1,中国建筑
3884,002157,0,正邦科技
3885,601186,1,中国铁建
3886,002185,0,华天科技
3887,002100,0,天康生物
3888,002241,0,歌尔股份
3889,600048,1,保利地产
3890,002581,0,未名医药
3891,000063,0,中兴通讯
3892,600884,1,杉杉股份
3893,002415,0,海康威视
3894,600030,1,中信证券
3895,600745,1,闻泰科技
3896,300498,0,温氏股份
3897,002456,0,欧菲光
3898,600801,1,华新水泥
3899,000876,0,新 希 望
3900,002049,0,紫光国微
3901,600585,1,海螺水泥
3902,000636,0,风华高科
3903,000100,0,TCL科技
3904,603986,1,兆易创新
3905,601166,1,兴业银行
3906,002400,0,省广集团
3907,000002,0,万  科Ａ
3908,600887,1,伊利股份
3909,000001,0,平安银行
3910,000858,0,五 粮 液
3911,603222,1,济民制药
3912,600519,1,贵州茅台
3913,600036,1,招商银行
3914,000651,0,格力电器
3915,002714,0,牧原股份
3916,601318,1,中国平安
3917,603160,1,汇顶科技
3918,000725,0,京东方Ａ
3919,900951,1,*ST大化B
3920,900906,1,*ST毅达B
3921,688600,1,皖仪科技
3922,688558,1,国盛智科
3923,688555,1,泽达易盛
3924,688528,1,秦川物联
3925,688520,1,神州细胞
3926,688518,1,联赢激光
3927,688505,1,复旦张江
3928,688106,1,金宏气体
3929,688004,1,博汇科技
3930,605166,1,聚合顺
3931,603477,1,振静股份
3932,603087,1,甘李药业
3933,601969,1,海南矿业
3934,600956,1,新天绿能
3935,600891,1,*ST秋林
3936,600889,1,南京化纤
3937,600824,1,益民集团
3938,600701,1,*ST工新
3939,600677,1,*ST航通
3940,600610,1,*ST毅达
3941,600589,1,广东榕泰
3942,600485,1,*ST信威
3943,600238,1,ST椰岛
3944,600226,1,瀚叶股份
3945,600175,1,*ST美都
3946,600145,1,*ST新亿
3947,600069,1,*ST银鸽
3948,300846,0,首都在线
3949,300845,0,捷安高科
3950,300843,0,胜蓝股份
3951,300842,0,帝科股份
3952,300841,0,康华生物
3953,300840,0,酷特智能
3954,300839,0,博汇股份
3955,300824,0,北鼎股份
3956,300525,0,博思软件
3957,300362,0,天翔环境
3958,300216,0,千山药机
3959,300156,0,神雾环保
3960,300090,0,盛运环保
3961,200029,0,深深房Ｂ
3962,002758,0,华通医药
3963,002711,0,*ST欧浦
3964,002450,0,*ST康得
3965,002305,0,南国置业
3966,002260,0,*ST德奥
3967,002220,0,*ST天宝
3968,002187,0,广百股份
3969,002021,0,*ST中捷
3970,000995,0,*ST皇台
3971,000939,0,*ST凯迪
3972,000792,0,*ST盐湖
3973,000760,0,*ST斯太
3974,000670,0,*ST盈方
3975,000504,0,*ST生物
3976,000029,0,深深房Ａ
