ts_code,suspend_date,resume_date,suspend_reason
300216.SZ,20190510,,重大事项
300216.SZ,20190509,,重大事项
300216.SZ,20190508,,重大事项
300216.SZ,20190507,,重大事项
300216.SZ,20190506,,重大事项
300216.SZ,20190430,,重大事项
300216.SZ,20190429,,重大事项
300216.SZ,20190426,,重大事项
300216.SZ,20181008,20181009,拟披露重大事项
300216.SZ,20180502,20180503,未及时披露定期报告
300216.SZ,20180117,20180118,重大事项
300216.SZ,20180116,,重大事项
300216.SZ,20180115,,重大事项
300216.SZ,20180112,,重大事项
300216.SZ,20180111,,重大事项
300216.SZ,20180110,,重大事项
300216.SZ,20180109,,重大事项
300216.SZ,20180108,,重大事项
300216.SZ,20180105,,重大事项
300216.SZ,20180104,,重大事项
300216.SZ,20180103,,重大事项
300216.SZ,20180102,,重大事项
300216.SZ,20171229,,重大事项
300216.SZ,20171228,,重大事项
300216.SZ,20171227,,重大事项
300216.SZ,20171226,,重大事项
300216.SZ,20171225,,重大事项
300216.SZ,20161220,20161221,重大事项
300216.SZ,20161219,,重大事项
300216.SZ,20161216,,重大事项
300216.SZ,20161215,,重大事项
300216.SZ,20161214,,重大事项
300216.SZ,20161213,,重大事项
300216.SZ,20161212,,重大事项
300216.SZ,20161209,,重大事项
300216.SZ,20151013,20151014,拟披露重大事项
300216.SZ,20151012,,拟披露重大事项
300216.SZ,20151009,,拟披露重大事项
300216.SZ,20151008,,拟披露重大事项
300216.SZ,20150930,,拟披露重大事项
300216.SZ,20150929,,拟披露重大事项
300216.SZ,20150928,,拟披露重大事项
300216.SZ,20150925,,拟披露重大事项
300216.SZ,20150924,,拟披露重大事项
300216.SZ,20150923,,拟披露重大事项
300216.SZ,20150922,,拟披露重大事项
300216.SZ,20150921,,拟披露重大事项
300216.SZ,20150918,,拟披露重大事项
300216.SZ,20150917,,拟披露重大事项
300216.SZ,20150916,,拟披露重大事项
300216.SZ,20150915,,拟披露重大事项
300216.SZ,20150914,,拟披露重大事项
300216.SZ,20150911,,拟披露重大事项
300216.SZ,20150910,,拟披露重大事项
300216.SZ,20150909,,拟披露重大事项
300216.SZ,20150908,,拟披露重大事项
300216.SZ,20150907,,拟披露重大事项
300216.SZ,20150902,,拟披露重大事项
300216.SZ,20150901,,拟披露重大事项
300216.SZ,20150831,,拟披露重大事项
300216.SZ,20150828,,拟披露重大事项
300216.SZ,20150827,,拟披露重大事项
300216.SZ,20150826,,拟披露重大事项
300216.SZ,20150825,,拟披露重大事项
300216.SZ,20150824,,拟披露重大事项
300216.SZ,20150821,,拟披露重大事项
300216.SZ,20150820,,拟披露重大事项
300216.SZ,20150819,,拟披露重大事项
300216.SZ,20150818,,拟披露重大事项
300216.SZ,20150817,,拟披露重大事项
300216.SZ,20150814,,拟披露重大事项
300216.SZ,20150713,20150714,拟披露重大事项
300216.SZ,20150710,,拟披露重大事项
300216.SZ,20150709,,拟披露重大事项
300216.SZ,20150708,,拟披露重大事项
300216.SZ,20150202,20150203,重大资产重组
300216.SZ,20150130,,重大资产重组
300216.SZ,20150129,,重大资产重组
300216.SZ,20150128,,重大资产重组
300216.SZ,20150127,,重大资产重组
300216.SZ,20150126,,重大资产重组
300216.SZ,20150123,,重大资产重组
300216.SZ,20150122,,重大资产重组
300216.SZ,20150121,,重大资产重组
300216.SZ,20150120,,重大资产重组
300216.SZ,20150119,,重大资产重组
300216.SZ,20150116,,重大资产重组
300216.SZ,20150115,,重大资产重组
300216.SZ,20150114,,重大资产重组
300216.SZ,20150113,,重大资产重组
300216.SZ,20150112,,重大资产重组
300216.SZ,20150109,,重大资产重组
300216.SZ,20150108,,重大资产重组
300216.SZ,20150107,,重大资产重组
300216.SZ,20150106,,重大资产重组
300216.SZ,20150105,,重大资产重组
300216.SZ,20141231,,重大资产重组
300216.SZ,20141230,,重大资产重组
300216.SZ,20141229,,重大资产重组
300216.SZ,20141226,,重大资产重组
300216.SZ,20141225,,重大资产重组
300216.SZ,20141224,,重大资产重组
300216.SZ,20141223,,重大资产重组
300216.SZ,20141222,,重大资产重组
300216.SZ,20141219,,重大资产重组
300216.SZ,20141218,,重大资产重组
300216.SZ,20141217,,重大资产重组
300216.SZ,20141216,,重大资产重组
300216.SZ,20141215,,重大资产重组
300216.SZ,20141212,,重大资产重组
300216.SZ,20141211,,重大资产重组
300216.SZ,20141210,,重大资产重组
300216.SZ,20141209,,重大资产重组
300216.SZ,20141208,,拟披露重大事项
300216.SZ,20141205,,拟披露重大事项
300216.SZ,20141204,,拟披露重大事项
300216.SZ,20141203,,拟披露重大事项
300216.SZ,20141202,,拟披露重大事项
300216.SZ,20140829,20140901,拟披露重大事项
300216.SZ,20140828,,拟披露重大事项
300216.SZ,20140827,,拟披露重大事项
300216.SZ,20140826,,拟披露重大事项
300216.SZ,20140825,,拟披露重大事项
300216.SZ,20140822,,拟披露重大事项
300216.SZ,20140821,,拟披露重大事项
300216.SZ,20140820,,拟披露重大事项
300216.SZ,20140819,,拟披露重大事项
300216.SZ,20140818,,拟披露重大事项
300216.SZ,20140403,20140404,重大资产重组
300216.SZ,20140402,,重大资产重组
300216.SZ,20140401,,重大资产重组
300216.SZ,20140331,,重大资产重组
300216.SZ,20140328,,重大资产重组
300216.SZ,20140327,,重大资产重组
300216.SZ,20140326,,重大资产重组
300216.SZ,20140325,,重大资产重组
300216.SZ,20140324,,重大资产重组
300216.SZ,20140321,,重大资产重组
300216.SZ,20140320,,重大资产重组
300216.SZ,20140319,,重大资产重组
300216.SZ,20140318,,重大资产重组
300216.SZ,20140317,,重大资产重组
300216.SZ,20140314,,重大资产重组
300216.SZ,20140313,,重大资产重组
300216.SZ,20140312,,重大资产重组
300216.SZ,20140311,,重大资产重组
300216.SZ,20140310,,重大资产重组
300216.SZ,20140307,,重大资产重组
300216.SZ,20140306,,重大资产重组
300216.SZ,20140305,,重大资产重组
300216.SZ,20140304,,重大资产重组
300216.SZ,20140303,,重大资产重组
300216.SZ,20140228,,重大资产重组
300216.SZ,20140227,,重大资产重组
300216.SZ,20140226,,重大资产重组
300216.SZ,20140225,,重大资产重组
300216.SZ,20140224,,重大资产重组
300216.SZ,20140221,,重大资产重组
300216.SZ,20140220,,重大资产重组
300216.SZ,20140219,,重大资产重组
300216.SZ,20140218,,重大资产重组
300216.SZ,20140217,,重大资产重组
300216.SZ,20140214,,重大资产重组
300216.SZ,20140213,,重大资产重组
300216.SZ,20140212,,重大资产重组
300216.SZ,20140211,,重大资产重组
300216.SZ,20140210,,重大资产重组
300216.SZ,20140207,,重大资产重组
300216.SZ,20140130,,重大资产重组
300216.SZ,20140129,,重大资产重组
300216.SZ,20140128,,重大资产重组
300216.SZ,20140127,,重大资产重组
300216.SZ,20140124,,重大资产重组
300216.SZ,20140123,,重大资产重组
300216.SZ,20140122,,重大资产重组
300216.SZ,20140121,,重大资产重组
300216.SZ,20140120,,重大资产重组
300216.SZ,20140117,,重大资产重组
300216.SZ,20140116,,重大资产重组
300216.SZ,20140115,,重大资产重组
300216.SZ,20140114,,重大资产重组
300216.SZ,20140113,,重大资产重组
300216.SZ,20140110,,重大资产重组
300216.SZ,20140109,,重大资产重组
300216.SZ,20140108,,重大资产重组
300216.SZ,20140107,,重大资产重组
300216.SZ,20140106,,拟披露重大事项
300216.SZ,20140103,,拟披露重大事项
300216.SZ,20140102,,拟披露重大事项
300216.SZ,20131231,,拟披露重大事项
300216.SZ,20120330,20120405,召开股东大会
300216.SZ,20120105,20120106,召开股东大会
300216.SZ,20111107,20111108,召开股东大会
300216.SZ,20110627,20110628,召开股东大会
