n,date,ndate,instrument,,,
,2019-03-31,2019-04-08,300230.SZA,,,
,2019-03-31,2019-03-22,300421.SZA,,,
,2019-03-31,2019-03-30,002371.SZA,,,
,2019-03-31,2019-03-21,300432.SZA,,,
,2019-03-31,2019-03-21,300450.SZA,,,
,2019-03-31,2019-03-13,300042.SZA,,,
,2019-03-31,2019-04-03,300026.SZA,,,
,2019-03-31,2019-04-09,300290.SZA,,,
,2019-03-31,2019-04-09,300185.SZA,,,
,2019-03-31,2019-04-09,300062.SZA,,,
,2019-03-31,2019-03-19,300501.SZA,,,
,2019-03-31,2019-04-05,300219.SZA,,,
,2019-03-31,2019-03-19,300037.SZA,,,
,2019-03-31,2019-03-30,002712.SZA,,,
,2019-03-31,2019-03-30,002742.SZA,,,
,2019-03-31,2019-03-30,002364.SZA,,,
,2019-03-31,2019-04-09,300718.SZA,,,
,2019-03-31,2019-03-28,002342.SZA,,,
,2019-03-31,2019-03-28,002282.SZA,,,
,2019-03-31,2019-04-09,300644.SZA,,,
,2019-03-31,2019-04-10,300079.SZA,,,
,2019-03-31,2019-03-29,002335.SZA,,,
,2019-03-31,2019-03-30,002871.SZA,,,
,2019-03-31,2019-03-29,002840.SZA,,,
,2019-03-31,2019-03-29,300480.SZA,,,
,2019-03-31,2019-04-02,300457.SZA,,,
,2019-03-31,2019-03-23,002026.SZA,,,
,2019-03-31,2019-03-30,002578.SZA,,,
,2019-03-31,2019-03-16,300534.SZA,,,
,2019-03-31,2019-04-10,300257.SZA,,,
,2019-03-31,2019-04-09,300428.SZA,,,
,2019-03-31,2019-04-08,002206.SZA,,,
,2019-03-31,2019-04-09,300412.SZA,,,
,2019-03-31,2019-03-25,002809.SZA,,,
,2019-03-31,2019-04-09,300583.SZA,,,
,2019-03-31,2019-04-10,300255.SZA,,,
,2019-03-31,2019-03-29,300406.SZA,,,
,2019-03-31,2019-04-10,300580.SZA,,,
,2019-03-31,2019-04-10,300355.SZA,,,
,2019-03-31,2019-04-10,300043.SZA,,,
,2019-03-31,2019-04-08,300282.SZA,,,
,2019-03-31,2019-04-09,300500.SZA,,,
,2019-03-31,2019-04-09,300415.SZA,,,
,2019-03-31,2019-04-09,300297.SZA,,,
,2019-03-31,2019-04-09,300273.SZA,,,
,2019-03-31,2019-04-09,300516.SZA,,,
,2019-03-31,2019-04-10,300648.SZA,,,
,2019-03-31,2019-04-10,300293.SZA,,,
,2019-03-31,2019-04-10,300387.SZA,,,
,2019-03-31,2019-03-20,300439.SZA,,,
,2019-03-31,2019-04-09,300535.SZA,,,
,2019-03-31,2019-03-29,002377.SZA,,,
,2019-03-31,2019-03-15,002013.SZA,,,
,2019-03-31,2019-01-19,002241.SZA,,,
,2019-03-31,2019-03-29,300416.SZA,,,
,2019-03-31,2019-04-10,300172.SZA,,,
,2019-03-31,2019-03-30,002853.SZA,,,
,2019-03-31,2019-02-27,300623.SZA,,,
,2019-03-31,2019-02-01,300748.SZA,,,
,2019-03-31,2019-04-09,300377.SZA,,,
,2019-03-31,2019-03-06,300722.SZA,,,
,2019-03-31,2019-03-09,002334.SZA,,,
,2019-03-31,2019-02-26,300033.SZA,,,
,2019-03-31,2019-03-30,002221.SZA,,,
,2019-03-31,2019-03-29,300732.SZA,,,
,2019-03-31,2019-03-30,002599.SZA,,,
,2019-03-31,2019-02-26,300398.SZA,,,
,2019-03-31,2019-01-22,300619.SZA,,,
,2019-03-31,2019-02-27,300602.SZA,,,
,2019-03-31,2019-02-28,002462.SZA,,,
,2019-03-31,2019-03-06,300059.SZA,,,
,2019-03-31,2019-03-29,300476.SZA,,,
,2019-03-31,2019-04-09,300664.SZA,,,
,2019-03-31,2019-04-11,300651.SZA,,,
,2019-03-31,2019-03-12,300455.SZA,,,
,2019-03-31,2019-04-09,300434.SZA,,,
,2019-03-31,2019-03-23,300579.SZA,,,
,2019-03-31,2019-03-25,603681.SHA,,,
,2019-03-31,2019-04-10,300270.SZA,,,
,2019-03-31,2019-03-27,002526.SZA,,,
,2019-03-31,2019-02-26,300751.SZA,,,
,2019-03-31,2019-03-19,603967.SHA,,,
,2019-03-31,2019-03-15,300536.SZA,,,
,2019-03-31,2019-04-09,300109.SZA,,,
,2019-03-31,2019-04-10,300385.SZA,,,
,2019-03-31,2019-04-09,300427.SZA,,,
,2019-03-31,2019-04-15,000885.SZA,,,
,2019-03-31,2019-04-09,300086.SZA,,,
,2019-03-31,2019-04-10,300547.SZA,,,
,2019-03-31,2019-04-08,300486.SZA,,,
,2019-03-31,2019-04-10,300375.SZA,,,
,2019-03-31,2019-04-09,300538.SZA,,,
,2019-03-31,2019-03-20,300179.SZA,,,
,2019-03-31,2019-03-26,300401.SZA,,,
,2019-03-31,2019-02-12,002958.SZA,,,
,2019-03-31,2019-04-09,300442.SZA,,,
,2019-03-31,2019-03-30,002829.SZA,,,
,2019-03-31,2019-04-09,300605.SZA,,,
,2019-03-31,2019-03-25,603068.SHA,,,
,2019-03-31,2019-04-09,300093.SZA,,,
,2019-03-31,2019-04-13,000059.SZA,,,
,2019-03-31,2019-03-26,300393.SZA,,,
,2019-03-31,2019-04-10,300413.SZA,,,
,2019-03-31,2019-04-10,300268.SZA,,,
,2019-03-31,2019-03-29,002574.SZA,,,
,2019-03-31,2019-03-28,300624.SZA,,,
,2019-03-31,2019-04-15,000402.SZA,,,
,2019-03-31,2019-03-15,300024.SZA,,,
,2019-03-31,2019-04-09,300717.SZA,,,
,2019-03-31,2019-04-11,002737.SZA,,,
,2019-03-31,2019-03-23,002831.SZA,,,
,2019-03-31,2019-03-16,300753.SZA,,,
,2019-03-31,2019-04-09,300265.SZA,,,
,2019-03-31,2019-03-05,300765.SZA,,,
,2019-03-31,2019-03-12,300692.SZA,,,
,2019-03-31,2019-03-29,300320.SZA,,,
,2019-03-31,2019-04-10,300342.SZA,,,
,2019-03-31,2019-04-01,300020.SZA,,,
,2019-03-31,2019-04-09,300089.SZA,,,
,2019-03-31,2019-03-29,300066.SZA,,,
,2019-03-31,2019-04-09,300576.SZA,,,
,2019-03-31,2019-04-02,300207.SZA,,,
,2019-03-31,2019-04-09,300468.SZA,,,
,2019-03-31,2019-03-30,300678.SZA,,,
,2019-03-31,2019-04-10,300430.SZA,,,
,2019-03-31,2019-04-10,300582.SZA,,,
,2019-03-31,2019-04-11,603982.SHA,,,
,2019-03-31,2019-04-11,000529.SZA,,,
,2019-03-31,2019-04-08,300712.SZA,,,
,2019-03-31,2019-04-12,000031.SZA,,,
,2019-03-31,2019-03-25,300768.SZA,,,
,2019-03-31,2019-04-09,300607.SZA,,,
,2019-03-31,2019-04-09,300131.SZA,,,
,2019-03-31,2019-04-09,300170.SZA,,,
,2019-03-31,2019-03-29,300009.SZA,,,
,2019-03-31,2019-03-28,300767.SZA,,,
,2019-03-31,2019-04-10,000723.SZA,,,
,2019-03-31,2019-03-30,002514.SZA,,,
,2019-03-31,2019-03-28,002896.SZA,,,
,2019-03-31,2019-02-27,300296.SZA,,,
,2019-03-31,2019-03-30,300244.SZA,,,
,2019-03-31,2019-04-09,300137.SZA,,,
,2019-03-31,2019-03-29,300233.SZA,,,
,2019-03-31,2019-03-15,300395.SZA,,,
,2019-03-31,2019-04-09,300670.SZA,,,
,2019-03-31,2019-04-10,300746.SZA,,,
,2019-03-31,2019-03-29,300007.SZA,,,
,2019-03-31,2019-03-12,300136.SZA,,,
,2019-03-31,2019-04-08,300243.SZA,,,
,2019-03-31,2019-03-28,300144.SZA,,,
,2019-03-31,2019-03-29,300726.SZA,,,
,2019-03-31,2019-04-09,300035.SZA,,,
,2019-03-31,2019-03-13,300723.SZA,,,
,2019-03-31,2019-03-27,300445.SZA,,,
,2019-03-31,2019-04-10,300119.SZA,,,
,2019-03-31,2019-04-09,300050.SZA,,,
,2019-03-31,2019-03-29,300259.SZA,,,
,2019-03-31,2019-04-09,300384.SZA,,,
,2019-03-31,2019-03-29,002115.SZA,,,
,2019-03-31,2019-04-10,300339.SZA,,,
,2019-03-31,2019-03-30,002465.SZA,,,
,2019-03-31,2019-04-10,300649.SZA,,,
,2019-03-31,2019-04-09,300147.SZA,,,
,2019-03-31,2019-04-09,300284.SZA,,,
,2019-03-31,2019-04-10,300151.SZA,,,
,2019-03-31,2019-04-09,300067.SZA,,,
,2019-03-31,2019-03-18,300763.SZA,,,
,2019-03-31,2019-03-22,002053.SZA,,,
,2019-03-31,2019-04-04,000510.SZA,,,
,2019-03-31,2019-03-30,300228.SZA,,,
,2019-03-31,2019-04-05,300098.SZA,,,
,2019-03-31,2019-04-10,300083.SZA,,,
,2019-03-31,2019-03-20,300637.SZA,,,
,2019-03-31,2019-04-09,300087.SZA,,,
,2019-03-31,2019-04-01,300771.SZA,,,
,2019-03-31,2019-03-12,300423.SZA,,,
,2019-03-31,2019-04-10,300634.SZA,,,
,2019-03-31,2019-03-29,300553.SZA,,,
,2019-03-31,2019-04-10,300558.SZA,,,
,2019-03-31,2019-04-10,300166.SZA,,,
,2019-03-31,2019-04-10,300038.SZA,,,
,2019-03-31,2019-02-28,300146.SZA,,,
,2019-03-31,2019-04-08,300463.SZA,,,
,2019-03-31,2019-04-10,300759.SZA,,,
,2019-03-31,2019-04-02,300422.SZA,,,
,2019-03-31,2019-04-09,300642.SZA,,,
,2019-03-31,2019-04-09,300305.SZA,,,
,2019-03-31,2019-04-09,300294.SZA,,,
,2019-03-31,2019-04-10,300349.SZA,,,
,2019-03-31,2019-03-26,300366.SZA,,,
,2019-03-31,2019-04-09,300394.SZA,,,
,2019-03-31,2019-04-10,300338.SZA,,,
,2019-03-31,2019-04-09,300386.SZA,,,
,2019-03-31,2019-03-09,000902.SZA,,,
,2019-03-31,2019-02-28,002262.SZA,,,
,2019-03-31,2019-03-30,300078.SZA,,,
,2019-03-31,2019-04-09,300271.SZA,,,
,2019-03-31,2019-04-08,300452.SZA,,,
,2019-03-31,2019-03-28,300357.SZA,,,
,2019-03-31,2019-03-16,300193.SZA,,,
,2019-03-31,2019-04-10,300154.SZA,,,
,2019-03-31,2019-04-09,300382.SZA,,,
,2019-03-31,2019-03-30,300724.SZA,,,
,2019-03-31,2019-04-09,300511.SZA,,,
,2019-03-31,2019-03-28,300322.SZA,,,
,2019-03-31,2019-04-09,300760.SZA,,,
,2019-03-31,2019-04-09,300309.SZA,,,
,2019-03-31,2019-04-08,300088.SZA,,,
,2019-03-31,2019-04-11,000967.SZA,,,
,2019-03-31,2019-04-13,000837.SZA,,,
,2019-03-31,2019-04-13,000682.SZA,,,
,2019-03-31,2019-04-09,300217.SZA,,,
,2019-03-31,2019-03-30,300653.SZA,,,
,2019-03-31,2019-04-10,300757.SZA,,,
,2019-03-31,2019-04-09,300030.SZA,,,
,2019-03-31,2019-04-09,300668.SZA,,,
,2019-03-31,2019-04-09,300235.SZA,,,
,2019-03-31,2019-04-05,300683.SZA,,,
,2019-03-31,2019-04-09,300021.SZA,,,
,2019-03-31,2019-04-09,300482.SZA,,,
,2019-03-31,2019-04-08,300388.SZA,,,
,2019-03-31,2019-03-29,002292.SZA,,,
,2019-03-31,2019-03-28,002449.SZA,,,
,2019-03-31,2019-03-30,300658.SZA,,,
,2019-03-31,2019-04-10,300389.SZA,,,
,2019-03-31,2019-04-09,300181.SZA,,,
,2019-03-31,2019-03-18,002191.SZA,,,
,2019-03-31,2019-03-27,002697.SZA,,,
,2019-03-31,2019-03-15,300114.SZA,,,
,2019-03-31,2019-02-28,300016.SZA,,,
,2019-03-31,2019-03-28,002444.SZA,,,
,2019-03-31,2019-03-26,002461.SZA,,,
,2019-03-31,2019-03-29,002097.SZA,,,
,2019-03-31,2019-03-26,300685.SZA,,,
,2019-03-31,2019-01-14,300532.SZA,,,
,2019-03-31,2019-04-09,300196.SZA,,,
,2019-03-31,2019-04-09,300667.SZA,,,
,2019-03-31,2019-04-15,000046.SZA,,,
,2019-03-31,2019-03-29,300639.SZA,,,
,2019-03-31,2019-02-01,300343.SZA,,,
,2019-03-31,2019-04-09,300117.SZA,,,
,2019-03-31,2019-04-09,300727.SZA,,,
,2019-03-31,2019-03-30,002624.SZA,,,
,2019-03-31,2019-04-09,300496.SZA,,,
,2019-03-31,2019-03-29,002751.SZA,,,
,2019-03-31,2019-04-12,000931.SZA,,,
,2019-03-31,2019-01-31,300091.SZA,,,
,2019-03-31,2019-04-09,300203.SZA,,,
,2019-03-31,2019-02-27,002614.SZA,,,
,2019-03-31,2019-04-10,300577.SZA,,,
,2019-03-31,2019-04-03,300595.SZA,,,
,2019-03-31,2019-04-03,300584.SZA,,,
,2019-03-31,2019-03-23,300403.SZA,,,
,2019-03-31,2019-04-09,300367.SZA,,,
,2019-03-31,2019-02-27,300115.SZA,,,
,2019-03-31,2019-04-04,838830.SHA,,,
,2019-03-31,2019-04-10,300261.SZA,,,
,2019-03-31,2019-04-09,300075.SZA,,,
,2019-03-31,2019-03-28,002869.SZA,,,
,2019-03-31,2019-04-09,300492.SZA,,,
,2019-03-31,2019-03-26,300596.SZA,,,
,2019-03-31,2019-04-10,300628.SZA,,,
,2019-03-31,2019-04-10,300275.SZA,,,
,2019-03-31,2019-04-09,300527.SZA,,,
,2019-03-31,2019-04-10,300073.SZA,,,
,2019-03-31,2019-04-10,300474.SZA,,,
,2019-03-31,2019-02-27,300132.SZA,,,
,2019-03-31,2019-03-28,300571.SZA,,,
,2019-03-31,2019-03-27,002838.SZA,,,
,2019-03-31,2019-04-10,603611.SHA,,,
,2019-03-31,2019-04-10,300129.SZA,,,
,2019-03-31,2019-03-30,002798.SZA,,,
,2019-03-31,2019-04-10,300481.SZA,,,
,2019-03-31,2019-03-05,002384.SZA,,,
,2019-03-31,2019-03-19,002123.SZA,,,
,2019-03-31,2019-01-21,300326.SZA,,,
,2019-03-31,2019-04-10,300396.SZA,,,
,2019-03-31,2019-03-30,300215.SZA,,,
,2019-03-31,2019-04-09,300701.SZA,,,
,2019-03-31,2019-04-15,002740.SZA,,,
,2019-03-31,2019-04-09,300418.SZA,,,
,2019-03-31,2019-03-29,002083.SZA,,,
,2019-03-31,2019-03-29,002728.SZA,,,
,2019-03-31,2019-03-30,002326.SZA,,,
,2019-03-31,2019-04-09,300569.SZA,,,
,2019-03-31,2019-03-26,300529.SZA,,,
,2019-03-31,2019-04-10,300206.SZA,,,
,2019-03-31,2019-03-29,002734.SZA,,,
,2019-03-31,2019-02-25,002537.SZA,,,
,2019-03-31,2019-01-31,300068.SZA,,,
,2019-03-31,2019-03-28,300383.SZA,,,
,2019-03-31,2019-02-28,300545.SZA,,,
,2019-03-31,2019-04-04,300587.SZA,,,
,2019-03-31,2019-03-25,300058.SZA,,,
,2019-03-31,2019-04-09,300472.SZA,,,
,2019-03-31,2019-04-09,300467.SZA,,,
,2019-03-31,2019-01-31,300013.SZA,,,
,2019-03-31,2019-04-09,300669.SZA,,,
,2019-03-31,2019-04-09,300015.SZA,,,
,2019-03-31,2019-04-12,000557.SZA,,,
,2019-03-31,2019-04-13,000543.SZA,,,
,2019-03-31,2019-04-09,300315.SZA,,,
,2019-03-31,2019-04-10,300537.SZA,,,
,2019-03-31,2019-04-09,300226.SZA,,,
,2019-03-31,2019-04-13,603086.SHA,,,
,2019-03-31,2019-04-10,300371.SZA,,,
,2019-03-31,2019-04-10,002145.SZA,,,
,2019-03-31,2019-04-01,300253.SZA,,,
,2019-03-31,2019-04-10,300057.SZA,,,
,2019-03-31,2019-04-08,300451.SZA,,,
,2019-03-31,2019-02-19,002950.SZA,,,
,2019-03-31,2019-03-21,002515.SZA,,,
,2019-03-31,2019-04-10,300135.SZA,,,
,2019-03-31,2019-03-28,002643.SZA,,,
,2019-03-31,2019-04-10,300599.SZA,,,
,2019-03-31,2019-04-10,300505.SZA,,,
,2019-03-31,2019-04-04,300192.SZA,,,
,2019-03-31,2019-04-09,300515.SZA,,,
,2019-03-31,2019-03-23,002020.SZA,,,
,2019-03-31,2019-04-08,300347.SZA,,,
,2019-03-31,2019-03-13,002916.SZA,,,
,2019-03-31,2019-03-30,300303.SZA,,,
,2019-03-31,2019-04-15,000938.SZA,,,
,2019-03-31,2019-03-30,002373.SZA,,,
,2019-03-31,2019-04-09,300202.SZA,,,
,2019-03-31,2019-03-30,300190.SZA,,,
,2019-03-31,2019-03-30,002768.SZA,,,
,2019-03-31,2019-03-30,002635.SZA,,,
,2019-03-31,2019-03-30,002611.SZA,,,
,2019-03-31,2019-04-12,002947.SZA,,,
,2019-03-31,2019-04-09,300755.SZA,,,
,2019-03-31,2019-04-13,000975.SZA,,,
,2019-03-31,2019-03-28,300346.SZA,,,
,2019-03-31,2019-04-08,300677.SZA,,,
,2019-03-31,2019-03-29,002137.SZA,,,
,2019-03-31,2019-04-12,200016.SZA,,,
,2019-03-31,2019-04-12,000016.SZA,,,
,2019-03-31,2019-04-12,603601.SHA,,,
,2019-03-31,2019-03-29,300570.SZA,,,
,2019-03-31,2019-03-30,002129.SZA,,,
,2019-03-31,2019-04-03,000420.SZA,,,
,2019-03-31,2019-04-12,000988.SZA,,,
,2019-03-31,2019-04-13,000685.SZA,,,
,2019-03-31,2019-03-30,002043.SZA,,,
,2019-03-31,2019-04-08,300470.SZA,,,
,2019-03-31,2019-04-09,300533.SZA,,,
,2019-03-31,2019-03-06,002125.SZA,,,
,2019-03-31,2019-03-21,300034.SZA,,,
,2019-03-31,2019-03-26,000739.SZA,,,
,2019-03-31,2019-04-09,300627.SZA,,,
,2019-03-31,2019-04-09,300044.SZA,,,
,2019-03-31,2019-03-30,002705.SZA,,,
,2019-03-31,2019-04-13,002150.SZA,,,
,2019-03-31,2019-04-02,600438.SHA,,,
,2019-03-31,2019-04-09,300232.SZA,,,
,2019-03-31,2019-03-26,002135.SZA,,,
,2019-03-31,2019-04-15,000977.SZA,,,
,2019-03-31,2019-04-02,601058.SHA,,,
,2019-03-31,2019-03-30,002010.SZA,,,
,2019-03-31,2019-04-08,300390.SZA,,,
,2019-03-31,2019-03-30,002568.SZA,,,
,2019-03-31,2019-03-30,002382.SZA,,,
,2019-03-31,2019-04-11,002296.SZA,,,
,2019-03-31,2019-04-03,002832.SZA,,,
,2019-03-31,2019-03-20,002836.SZA,,,
,2019-03-31,2019-03-30,002837.SZA,,,
,2019-03-31,2019-03-20,002801.SZA,,,
,2019-03-31,2019-04-09,300640.SZA,,,
,2019-03-31,2019-03-30,002777.SZA,,,
,2019-03-31,2019-04-10,000951.SZA,,,
,2019-03-31,2019-04-08,000722.SZA,,,
,2019-03-31,2019-02-25,002930.SZA,,,
,2019-03-31,2019-04-10,300031.SZA,,,
,2019-03-31,2019-04-13,000859.SZA,,,
,2019-03-31,2019-03-29,002627.SZA,,,
,2019-03-31,2019-04-13,002795.SZA,,,
,2019-03-31,2019-04-13,000878.SZA,,,
,2019-03-31,2019-04-10,300292.SZA,,,
,2019-03-31,2019-02-28,300285.SZA,,,
,2019-03-31,2019-04-13,000928.SZA,,,
,2019-03-31,2019-04-08,000810.SZA,,,
,2019-03-31,2019-03-25,300448.SZA,,,
,2019-03-31,2019-04-09,300631.SZA,,,
,2019-03-31,2019-04-19,603388.SHA,,,
,2019-03-31,2019-04-09,300725.SZA,,,
,2019-03-31,2019-04-10,300662.SZA,,,
,2019-03-31,2019-04-13,600113.SHA,,,
,2019-03-31,2019-03-07,002952.SZA,,,
,2019-03-31,2019-03-26,300699.SZA,,,
,2019-03-31,2019-04-11,000629.SZA,,,
,2019-03-31,2019-04-10,000600.SZA,,,
,2019-03-31,2019-04-12,300769.SZA,,,
,2019-03-31,2019-04-13,000637.SZA,,,
,2019-03-31,2019-04-13,000935.SZA,,,
,2019-03-31,2019-04-22,603267.SHA,,,
,2019-03-31,2019-03-27,300567.SZA,,,
,2019-03-31,2019-03-27,000661.SZA,,,
,2019-03-31,2019-03-29,300715.SZA,,,
,2019-03-31,2019-04-08,002825.SZA,,,
,2019-03-31,2019-03-25,002735.SZA,,,
,2019-03-31,2019-04-11,002079.SZA,,,
,2019-03-31,2019-04-10,300479.SZA,,,
,2019-03-31,2019-04-10,300142.SZA,,,
,2019-03-31,2019-04-09,300276.SZA,,,
,2019-03-31,2019-04-09,300593.SZA,,,
,2019-03-31,2019-04-23,002394.SZA,,,
,2019-03-31,2019-04-13,002436.SZA,,,
,2019-03-31,2019-04-10,300697.SZA,,,
,2019-03-31,2019-04-18,300770.SZA,,,
,2019-03-31,2019-03-28,300738.SZA,,,
,2019-03-31,2019-03-22,300575.SZA,,,
,2019-03-31,2019-04-13,603258.SHA,,,
,2019-03-31,2019-04-09,300300.SZA,,,
,2019-03-31,2019-04-16,603187.SHA,,,
,2019-03-31,2019-04-12,000801.SZA,,,
,2019-03-31,2019-04-09,300082.SZA,,,
,2019-03-31,2019-04-09,300425.SZA,,,
,2019-03-31,2019-03-11,300559.SZA,,,
,2019-03-31,2019-04-13,000776.SZA,,,
,2019-03-31,2019-04-11,002398.SZA,,,
,2019-03-31,2019-04-10,300691.SZA,,,
,2019-03-31,2019-03-27,002036.SZA,,,
,2019-03-31,2019-03-29,002475.SZA,,,
,2019-03-31,2019-03-30,002255.SZA,,,
,2019-03-31,2019-04-09,300341.SZA,,,
,2019-03-31,2019-03-18,300212.SZA,,,
,2019-03-31,2019-04-09,000922.SZA,,,
,2019-03-31,2019-03-11,300531.SZA,,,
,2019-03-31,2019-01-30,300005.SZA,,,
,2019-03-31,2019-02-27,300010.SZA,,,
,2019-03-31,2019-04-13,000155.SZA,,,
,2019-03-31,2019-02-26,300260.SZA,,,
,2019-03-31,2019-04-13,000750.SZA,,,
,2019-03-31,2019-04-13,200771.SZA,,,
,2019-03-31,2019-03-30,002799.SZA,,,
,2019-03-31,2019-04-09,300737.SZA,,,
,2019-03-31,2019-03-29,300003.SZA,,,
,2019-03-31,2019-04-13,000623.SZA,,,
,2019-03-31,2019-04-15,002730.SZA,,,
,2019-03-31,2019-03-18,002425.SZA,,,
,2019-03-31,2019-04-19,601628.SHA,,,
,2019-03-31,2019-04-08,002790.SZA,,,
,2019-03-31,2019-04-10,300643.SZA,,,
,2019-03-31,2019-04-04,000795.SZA,,,
,2019-03-31,2019-04-13,000655.SZA,,,
,2019-03-31,2019-04-15,000425.SZA,,,
,2019-03-31,2019-04-13,000590.SZA,,,
,2019-03-31,2019-04-13,201872.SZA,,,
,2019-03-31,2019-04-13,001872.SZA,,,
,2019-03-31,2019-04-10,300200.SZA,,,
,2019-03-31,2019-03-20,002731.SZA,,,
,2019-03-31,2019-04-13,000009.SZA,,,
,2019-03-31,2019-04-13,000045.SZA,,,
,2019-03-31,2019-04-13,200045.SZA,,,
,2019-03-31,2019-04-09,300348.SZA,,,
,2019-03-31,2019-04-10,600801.SHA,,,
,2019-03-31,2019-04-04,300122.SZA,,,
,2019-03-31,2019-04-10,900933.SHA,,,
,2019-03-31,2019-03-26,002674.SZA,,,
,2019-03-31,2019-03-30,300391.SZA,,,
,2019-03-31,2019-04-10,002882.SZA,,,
,2019-03-31,2019-03-29,002300.SZA,,,
,2019-03-31,2019-03-20,300263.SZA,,,
,2019-03-31,2019-03-26,002438.SZA,,,
,2019-03-31,2019-03-29,002851.SZA,,,
,2019-03-31,2019-04-15,002757.SZA,,,
,2019-03-31,2019-04-15,000606.SZA,,,
,2019-03-31,2019-04-11,000713.SZA,,,
,2019-03-31,2019-03-12,300690.SZA,,,
,2019-03-31,2019-04-03,000563.SZA,,,
,2019-03-31,2019-03-11,300550.SZA,,,
,2019-03-31,2019-03-26,002463.SZA,,,
,2019-03-31,2019-04-13,000416.SZA,,,
,2019-03-31,2019-04-09,300110.SZA,,,
,2019-03-31,2019-02-28,002616.SZA,,,
,2019-03-31,2019-03-30,002106.SZA,,,
,2019-03-31,2019-04-02,300630.SZA,,,
,2019-03-31,2019-03-05,002181.SZA,,,
,2019-03-31,2019-03-30,002528.SZA,,,
,2019-03-31,2019-04-10,300277.SZA,,,
,2019-03-31,2019-03-12,002810.SZA,,,
,2019-03-31,2019-03-26,600278.SHA,,,
,2019-03-31,2019-03-25,002250.SZA,,,
,2019-03-31,2019-03-30,002154.SZA,,,
,2019-03-31,2019-03-30,002112.SZA,,,
,2019-03-31,2019-03-30,002452.SZA,,,
,2019-03-31,2019-03-12,002655.SZA,,,
,2019-03-31,2019-03-30,002134.SZA,,,
,2019-03-31,2019-04-15,600031.SHA,,,
,2019-03-31,2019-03-26,300506.SZA,,,
,2019-03-31,2019-03-30,002246.SZA,,,
,2019-03-31,2019-03-28,002457.SZA,,,
,2019-03-31,2019-04-09,300456.SZA,,,
,2019-03-31,2019-04-09,300328.SZA,,,
,2019-03-31,2019-03-19,002195.SZA,,,
,2019-03-31,2019-04-10,300632.SZA,,,
,2019-03-31,2019-03-30,002485.SZA,,,
,2019-03-31,2019-03-30,002313.SZA,,,
,2019-03-31,2019-03-22,002800.SZA,,,
,2019-03-31,2019-03-28,002486.SZA,,,
,2019-03-31,2019-03-30,002506.SZA,,,
,2019-03-31,2019-04-09,300572.SZA,,,
,2019-03-31,2019-04-10,300674.SZA,,,
,2019-03-31,2019-04-09,300139.SZA,,,
,2019-03-31,2019-04-09,603026.SHA,,,
,2019-03-31,2019-04-10,300370.SZA,,,
,2019-03-31,2019-04-12,000762.SZA,,,
,2019-03-31,2019-03-30,002204.SZA,,,
,2019-03-31,2019-04-13,000502.SZA,,,
,2019-03-31,2019-04-13,000010.SZA,,,
,2019-03-31,2019-04-13,000767.SZA,,,
,2019-03-31,2019-04-08,300106.SZA,,,
,2019-03-31,2019-04-22,300163.SZA,,,
,2019-03-31,2019-04-09,300123.SZA,,,
,2019-03-31,2019-03-12,002648.SZA,,,
,2019-03-31,2019-04-16,600655.SHA,,,
,2019-03-31,2019-04-13,000422.SZA,,,
,2019-03-31,2019-04-13,000816.SZA,,,
,2019-03-31,2019-04-10,300330.SZA,,,
,2019-03-31,2019-03-29,002571.SZA,,,
,2019-03-31,2019-04-13,000707.SZA,,,
,2019-03-31,2019-03-29,002791.SZA,,,
,2019-03-31,2019-04-10,000401.SZA,,,
,2019-03-31,2019-03-29,002504.SZA,,,
,2019-03-31,2019-04-13,000548.SZA,,,
,2019-03-31,2019-04-12,000790.SZA,,,
,2019-03-31,2019-04-12,000737.SZA,,,
,2019-03-31,2019-04-13,000962.SZA,,,
,2019-03-31,2019-04-10,600720.SHA,,,
,2019-03-31,2019-04-13,000712.SZA,,,
,2019-03-31,2019-04-09,000987.SZA,,,
,2019-03-31,2019-04-10,300149.SZA,,,
,2019-03-31,2019-04-10,300680.SZA,,,
,2019-03-31,2019-04-13,000672.SZA,,,
,2019-03-31,2019-04-09,300291.SZA,,,
,2019-03-31,2019-04-10,000852.SZA,,,
,2019-03-31,2019-04-13,000868.SZA,,,
,2019-03-31,2019-03-30,002200.SZA,,,
,2019-03-31,2019-04-10,300499.SZA,,,
,2019-03-31,2019-03-28,000063.SZA,,,
,2019-03-31,2019-04-13,000917.SZA,,,
,2019-03-31,2019-04-01,300248.SZA,,,
,2019-03-31,2019-04-15,000821.SZA,,,
,2019-03-31,2019-04-13,000893.SZA,,,
,2019-03-31,2019-03-28,002552.SZA,,,
,2019-03-31,2019-04-09,300688.SZA,,,
,2019-03-31,2019-03-29,002322.SZA,,,
,2019-03-31,2019-03-23,002564.SZA,,,
,2019-03-31,2019-04-10,600096.SHA,,,
,2019-03-31,2019-03-28,000615.SZA,,,
,2019-03-31,2019-04-13,000593.SZA,,,
,2019-03-31,2019-04-09,300332.SZA,,,
,2019-03-31,2019-04-10,000920.SZA,,,
,2019-03-31,2019-04-15,001896.SZA,,,
,2019-03-31,2019-04-02,300014.SZA,,,
,2019-03-31,2019-04-09,300112.SZA,,,
,2019-03-31,2019-03-30,002554.SZA,,,
,2019-03-31,2019-04-29,300061.SZA,,,
,2019-03-31,2019-04-16,000415.SZA,,,
,2019-03-31,2019-03-26,300218.SZA,,,
,2019-03-31,2019-04-08,300402.SZA,,,
,2019-03-31,2019-04-08,300573.SZA,,,
,2019-03-31,2019-04-13,000755.SZA,,,
,2019-03-31,2019-03-27,002252.SZA,,,
,2019-03-31,2019-04-08,000157.SZA,,,
,2019-03-31,2019-04-13,002454.SZA,,,
,2019-03-31,2019-03-30,002476.SZA,,,
,2019-03-31,2019-03-29,002569.SZA,,,
,2019-03-31,2019-04-10,300417.SZA,,,
,2019-03-31,2019-02-28,002796.SZA,,,
,2019-03-31,2019-04-13,000955.SZA,,,
,2019-03-31,2019-04-13,000993.SZA,,,
,2019-03-31,2019-04-15,002409.SZA,,,
,2019-03-31,2019-03-30,002467.SZA,,,
,2019-03-31,2019-03-12,002608.SZA,,,
,2019-03-31,2019-04-09,300238.SZA,,,
,2019-03-31,2019-04-09,300047.SZA,,,
,2019-03-31,2019-03-30,002052.SZA,,,
,2019-03-31,2019-04-09,300589.SZA,,,
,2019-03-31,2019-04-09,300750.SZA,,,
,2019-03-31,2019-04-25,000004.SZA,,,
,2019-03-31,2019-04-13,000506.SZA,,,
,2019-03-31,2019-03-14,000999.SZA,,,
,2019-03-31,2019-04-10,300484.SZA,,,
,2019-03-31,2019-04-15,000710.SZA,,,
,2019-03-31,2019-04-08,300540.SZA,,,
,2019-03-31,2019-03-26,000807.SZA,,,
,2019-03-31,2019-04-09,300739.SZA,,,
,2019-03-31,2019-03-26,000829.SZA,,,
,2019-03-31,2019-04-09,300696.SZA,,,
,2019-03-31,2019-03-30,002266.SZA,,,
,2019-03-31,2019-04-12,002669.SZA,,,
,2019-03-31,2019-02-26,300487.SZA,,,
,2019-03-31,2019-03-30,002892.SZA,,,
,2019-03-31,2019-03-26,002909.SZA,,,
,2019-03-31,2019-03-27,002846.SZA,,,
,2019-03-31,2019-03-20,000036.SZA,,,
,2019-03-31,2019-03-21,002937.SZA,,,
,2019-03-31,2019-03-30,300140.SZA,,,
,2019-03-31,2019-03-27,002194.SZA,,,
,2019-03-31,2019-04-09,300254.SZA,,,
,2019-03-31,2019-04-15,002500.SZA,,,
,2019-03-31,2019-03-30,002189.SZA,,,
,2019-03-31,2019-03-29,002478.SZA,,,
,2019-03-31,2019-03-29,002733.SZA,,,
,2019-03-31,2019-03-23,002028.SZA,,,
,2019-03-31,2019-04-13,000777.SZA,,,
,2019-03-31,2019-04-10,300155.SZA,,,
,2019-03-31,2019-04-10,300011.SZA,,,
,2019-03-31,2019-03-26,002278.SZA,,,
,2019-03-31,2019-04-01,300164.SZA,,,
,2019-03-31,2019-04-13,002381.SZA,,,
,2019-03-31,2019-04-15,002591.SZA,,,
,2019-03-31,2019-04-11,000524.SZA,,,
,2019-03-31,2019-04-10,300543.SZA,,,
,2019-03-31,2019-04-13,000985.SZA,,,
,2019-03-31,2019-03-29,002683.SZA,,,
,2019-03-31,2019-03-08,300657.SZA,,,
,2019-03-31,2019-04-13,000626.SZA,,,
,2019-03-31,2019-04-10,000159.SZA,,,
,2019-03-31,2019-04-13,000514.SZA,,,
,2019-03-31,2019-04-12,000923.SZA,,,
,2019-03-31,2019-03-30,002046.SZA,,,
,2019-03-31,2019-04-10,300352.SZA,,,
,2019-03-31,2019-02-28,300586.SZA,,,
,2019-03-31,2019-03-26,002605.SZA,,,
,2019-03-31,2019-02-28,300420.SZA,,,
,2019-03-31,2019-04-13,000007.SZA,,,
,2019-03-31,2019-04-10,300048.SZA,,,
,2019-03-31,2019-03-30,002235.SZA,,,
,2019-03-31,2019-03-29,300045.SZA,,,
,2019-03-31,2019-04-09,300405.SZA,,,
,2019-03-31,2019-04-09,300004.SZA,,,
,2019-03-31,2019-03-30,002353.SZA,,,
,2019-03-31,2019-04-12,000690.SZA,,,
,2019-03-31,2019-04-13,600269.SHA,,,
,2019-03-31,2019-04-15,002723.SZA,,,
,2019-03-31,2019-03-20,000530.SZA,,,
,2019-03-31,2019-03-20,200530.SZA,,,
,2019-03-31,2019-03-30,002665.SZA,,,
,2019-03-31,2019-03-22,300458.SZA,,,
,2019-03-31,2019-04-13,000906.SZA,,,
,2019-03-31,2019-04-12,000899.SZA,,,
,2019-03-31,2019-03-29,002657.SZA,,,
,2019-03-31,2019-03-28,002698.SZA,,,
,2019-03-31,2019-04-09,300399.SZA,,,
,2019-03-31,2019-04-10,200512.SZA,,,
,2019-03-31,2019-04-09,300517.SZA,,,
,2019-03-31,2019-04-09,300581.SZA,,,
,2019-03-31,2019-03-26,002414.SZA,,,
,2019-03-31,2019-04-13,000668.SZA,,,
,2019-03-31,2019-04-09,300397.SZA,,,
,2019-03-31,2019-03-27,002803.SZA,,,
,2019-03-31,2019-04-10,300735.SZA,,,
,2019-03-31,2019-04-09,300118.SZA,,,
,2019-03-31,2019-04-08,300168.SZA,,,
,2019-03-31,2019-03-30,002607.SZA,,,
,2019-03-31,2019-04-10,300465.SZA,,,
,2019-03-31,2019-04-10,300012.SZA,,,
,2019-03-31,2019-04-12,600496.SHA,,,
,2019-03-31,2019-04-01,300221.SZA,,,
,2019-03-31,2019-04-09,300478.SZA,,,
,2019-03-31,2019-03-30,002261.SZA,,,
,2019-03-31,2019-03-27,002949.SZA,,,
,2019-03-31,2019-04-13,000677.SZA,,,
,2019-03-31,2019-03-30,002161.SZA,,,
,2019-03-31,2019-03-30,002443.SZA,,,
,2019-03-31,2019-03-16,300590.SZA,,,
,2019-03-31,2019-04-02,603333.SHA,,,
,2019-03-31,2019-04-13,600731.SHA,,,
,2019-03-31,2019-04-12,000966.SZA,,,
,2019-03-31,2019-04-12,600064.SHA,,,
,2019-03-31,2019-04-13,000686.SZA,,,
,2019-03-31,2019-04-13,002333.SZA,,,
,2019-03-31,2019-03-30,300229.SZA,,,
,2019-03-31,2019-04-09,002099.SZA,,,
,2019-03-31,2019-03-30,002420.SZA,,,
,2019-03-31,2019-03-30,002132.SZA,,,
,2019-03-31,2019-04-13,000919.SZA,,,
,2019-03-31,2019-04-09,300464.SZA,,,
,2019-03-31,2019-04-09,300546.SZA,,,
,2019-03-31,2019-03-30,002451.SZA,,,
,2019-03-31,2019-03-27,002746.SZA,,,
,2019-03-31,2019-04-09,300379.SZA,,,
,2019-03-31,2019-04-13,000023.SZA,,,
,2019-03-31,2019-04-09,300518.SZA,,,
,2019-03-31,2019-04-13,000850.SZA,,,
,2019-03-31,2019-04-13,002379.SZA,,,
,2019-03-31,2019-02-01,002240.SZA,,,
,2019-03-31,2019-04-09,300703.SZA,,,
,2019-03-31,2019-04-09,300710.SZA,,,
,2019-03-31,2019-03-27,002299.SZA,,,
,2019-03-31,2019-04-10,300301.SZA,,,
,2019-03-31,2019-03-08,300638.SZA,,,
,2019-03-31,2019-04-08,000969.SZA,,,
,2019-03-31,2019-04-15,002560.SZA,,,
,2019-03-31,2019-03-30,002725.SZA,,,
,2019-03-31,2019-04-13,000027.SZA,,,
,2019-03-31,2019-03-26,002214.SZA,,,
,2019-03-31,2019-04-12,600456.SHA,,,
,2019-03-31,2019-04-24,600984.SHA,,,
,2019-03-31,2019-04-11,000700.SZA,,,
,2019-03-31,2019-03-28,300578.SZA,,,
,2019-03-31,2019-04-13,000929.SZA,,,
,2019-03-31,2019-04-09,300205.SZA,,,
,2019-03-31,2019-04-08,300702.SZA,,,
,2019-03-31,2019-04-12,600871.SHA,,,
,2019-03-31,2019-04-12,002315.SZA,,,
,2019-03-31,2019-04-10,300466.SZA,,,
,2019-03-31,2019-03-30,002346.SZA,,,
,2019-03-31,2019-03-29,002165.SZA,,,
,2019-03-31,2019-04-13,002226.SZA,,,
,2019-03-31,2019-03-21,300130.SZA,,,
,2019-03-31,2019-04-10,300483.SZA,,,
,2019-03-31,2019-04-10,300603.SZA,,,
,2019-03-31,2019-04-15,000863.SZA,,,
,2019-03-31,2019-04-05,600570.SHA,,,
,2019-03-31,2019-03-28,002594.SZA,,,
,2019-03-31,2019-04-15,002641.SZA,,,
,2019-03-31,2019-04-13,000589.SZA,,,
,2019-03-31,2019-04-09,300152.SZA,,,
,2019-03-31,2019-03-28,300092.SZA,,,
,2019-03-31,2019-04-10,300175.SZA,,,
,2019-03-31,2019-03-28,002489.SZA,,,
,2019-03-31,2019-04-09,300508.SZA,,,
,2019-03-31,2019-04-13,000628.SZA,,,
,2019-03-31,2019-04-09,002575.SZA,,,
,2019-03-31,2019-01-31,300250.SZA,,,
,2019-03-31,2019-04-13,000573.SZA,,,
,2019-03-31,2019-03-19,002812.SZA,,,
,2019-03-31,2019-04-23,600129.SHA,,,
,2019-03-31,2019-04-02,000811.SZA,,,
,2019-03-31,2019-04-12,000048.SZA,,,
,2019-03-31,2019-03-29,002177.SZA,,,
,2019-03-31,2019-03-22,002272.SZA,,,
,2019-03-31,2019-04-10,300461.SZA,,,
,2019-03-31,2019-03-22,300345.SZA,,,
,2019-03-31,2019-03-30,002423.SZA,,,
,2019-03-31,2019-04-15,000925.SZA,,,
,2019-03-31,2019-04-10,300280.SZA,,,
,2019-03-31,2019-04-11,000531.SZA,,,
,2019-03-31,2019-04-15,600410.SHA,,,
,2019-03-31,2019-04-04,300502.SZA,,,
,2019-03-31,2019-04-26,002759.SZA,,,
,2019-03-31,2019-04-15,000877.SZA,,,
,2019-03-31,2019-03-29,002760.SZA,,,
,2019-03-31,2019-03-30,300019.SZA,,,
,2019-03-31,2019-03-30,002399.SZA,,,
,2019-03-31,2019-04-23,600538.SHA,,,
,2019-03-31,2019-04-08,300686.SZA,,,
,2019-03-31,2019-04-13,000061.SZA,,,
,2019-03-31,2019-04-12,000576.SZA,,,
,2019-03-31,2019-04-15,000517.SZA,,,
,2019-03-31,2019-04-11,200029.SZA,,,
,2019-03-31,2019-04-11,000029.SZA,,,
,2019-03-31,2019-04-13,000823.SZA,,,
,2019-03-31,2019-04-12,200539.SZA,,,
,2019-03-31,2019-04-12,000539.SZA,,,
,2019-03-31,2019-04-09,300353.SZA,,,
,2019-03-31,2019-04-10,300520.SZA,,,
,2019-03-31,2019-04-02,300162.SZA,,,
,2019-03-31,2019-04-09,300513.SZA,,,
,2019-03-31,2019-03-28,002274.SZA,,,
,2019-03-31,2019-04-09,300321.SZA,,,
,2019-03-31,2019-04-10,300609.SZA,,,
,2019-03-31,2019-04-13,603160.SHA,,,
,2019-03-31,2019-04-16,600793.SHA,,,
,2019-03-31,2019-04-13,002234.SZA,,,
,2019-03-31,2019-04-02,000936.SZA,,,
,2019-03-31,2019-04-10,300234.SZA,,,
,2019-03-31,2019-02-20,002458.SZA,,,
,2019-03-31,2019-03-30,002738.SZA,,,
,2019-03-31,2019-04-10,200992.SZA,,,
,2019-03-31,2019-04-13,000736.SZA,,,
,2019-03-31,2019-04-10,300475.SZA,,,
,2019-06-30,2019-07-15,300439.SZA,,,
,2019-06-30,2019-07-13,300457.SZA,,,
,2019-06-30,2019-07-13,300741.SZA,,,
,2019-06-30,2019-07-12,300668.SZA,,,
,2019-06-30,2019-07-12,300065.SZA,,,
,2019-06-30,2019-04-26,002236.SZA,,,
,2019-06-30,2019-07-11,300036.SZA,,,
,2019-06-30,2019-07-12,300756.SZA,,,
,2019-06-30,2019-07-13,002912.SZA,,,
,2019-06-30,2019-07-09,300238.SZA,,,
,2019-06-30,2019-07-13,300154.SZA,,,
,2019-06-30,2019-07-12,300580.SZA,,,
,2019-06-30,2019-07-12,300412.SZA,,,
,2019-06-30,2019-07-12,300011.SZA,,,
,2019-06-30,2019-07-12,300519.SZA,,,
,2019-06-30,2019-07-10,300488.SZA,,,
,2019-06-30,2019-07-12,300434.SZA,,,
,2019-06-30,2019-07-03,300435.SZA,,,
,2019-06-30,2019-07-01,300348.SZA,,,
,2019-06-30,2019-07-13,002749.SZA,,,
,2019-06-30,2019-07-13,300024.SZA,,,
,2019-06-30,2019-06-18,002643.SZA,,,
,2019-06-30,2019-07-13,002737.SZA,,,
,2019-06-30,2019-04-25,300772.SZA,,,
,2019-06-30,2019-07-12,300467.SZA,,,
,2019-06-30,2019-04-30,002917.SZA,,,
,2019-06-30,2019-07-13,300026.SZA,,,
,2019-06-30,2019-07-13,300360.SZA,,,
,2019-06-30,2019-07-12,300424.SZA,,,
,2019-06-30,2019-07-13,300255.SZA,,,
,2019-06-30,2019-07-15,002079.SZA,,,
,2019-06-30,2019-07-13,002097.SZA,,,
,2019-06-30,2019-07-13,002740.SZA,,,
,2019-06-30,2019-07-11,300516.SZA,,,
,2019-06-30,2019-07-09,300660.SZA,,,
,2019-06-30,2019-04-30,002857.SZA,,,
,2019-06-30,2019-07-12,300429.SZA,,,
,2019-06-30,2019-07-12,300619.SZA,,,
,2019-06-30,2019-07-12,300207.SZA,,,
,2019-06-30,2019-07-15,300416.SZA,,,
,2019-06-30,2019-07-10,300642.SZA,,,
,2019-06-30,2019-07-12,300453.SZA,,,
,2019-06-30,2019-07-13,300044.SZA,,,
,2019-06-30,2019-07-12,300746.SZA,,,
,2019-06-30,2019-07-15,002687.SZA,,,
,2019-06-30,2019-04-23,002389.SZA,,,
,2019-06-30,2019-07-13,300054.SZA,,,
,2019-06-30,2019-07-15,300172.SZA,,,
,2019-06-30,2019-07-12,300293.SZA,,,
,2019-06-30,2019-07-15,002775.SZA,,,
,2019-06-30,2019-07-10,300185.SZA,,,
,2019-06-30,2019-07-15,300227.SZA,,,
,2019-06-30,2019-07-13,002342.SZA,,,
,2019-06-30,2019-07-11,300490.SZA,,,
,2019-06-30,2019-07-12,300705.SZA,,,
,2019-06-30,2019-07-12,300654.SZA,,,
,2019-06-30,2019-07-08,300553.SZA,,,
,2019-06-30,2019-07-12,300504.SZA,,,
,2019-06-30,2019-07-12,300447.SZA,,,
,2019-06-30,2019-07-12,002335.SZA,,,
,2019-06-30,2019-07-12,300342.SZA,,,
,2019-06-30,2019-07-12,300341.SZA,,,
,2019-06-30,2019-07-09,002840.SZA,,,
,2019-06-30,2019-07-12,300309.SZA,,,
,2019-06-30,2019-05-23,002593.SZA,,,
,2019-06-30,2019-07-13,300038.SZA,,,
,2019-06-30,2019-07-12,300635.SZA,,,
,2019-06-30,2019-07-12,300623.SZA,,,
,2019-06-30,2019-07-15,300637.SZA,,,
,2019-06-30,2019-07-11,300381.SZA,,,
,2019-06-30,2019-07-11,300500.SZA,,,
,2019-06-30,2019-07-12,300468.SZA,,,
,2019-06-30,2019-07-12,300513.SZA,,,
,2019-06-30,2019-07-12,300458.SZA,,,
,2019-06-30,2019-07-12,300455.SZA,,,
,2019-06-30,2019-06-17,300788.SZA,,,
,2019-06-30,2019-06-17,834291.SHA,,,
,2019-06-30,2019-07-13,002015.SZA,,,
,2019-06-30,2019-07-13,000968.SZA,,,
,2019-06-30,2019-07-12,300712.SZA,,,
,2019-06-30,2019-07-12,300538.SZA,,,
,2019-06-30,2019-06-05,603867.SHA,,,
,2019-06-30,2019-07-09,300677.SZA,,,
,2019-06-30,2019-07-09,300239.SZA,,,
,2019-06-30,2019-07-08,300627.SZA,,,
,2019-06-30,2019-07-13,002922.SZA,,,
,2019-06-30,2019-06-05,300781.SZA,,,
,2019-06-30,2019-07-13,300621.SZA,,,
,2019-06-30,2019-07-15,000885.SZA,,,
,2019-06-30,2019-07-24,600655.SHA,,,
,2019-06-30,2019-07-12,300634.SZA,,,
,2019-06-30,2019-07-12,300332.SZA,,,
,2019-06-30,2019-07-13,000973.SZA,,,
,2019-06-30,2019-07-10,300561.SZA,,,
,2019-06-30,2019-07-12,300717.SZA,,,
,2019-06-30,2019-07-05,300779.SZA,,,
,2019-06-30,2019-07-12,002520.SZA,,,
,2019-06-30,2019-07-10,300579.SZA,,,
,2019-06-30,2019-07-10,300211.SZA,,,
,2019-06-30,2019-07-13,300536.SZA,,,
,2019-06-30,2019-07-02,300082.SZA,,,
,2019-06-30,2019-07-02,688122.SHA,,,
,2019-06-30,2019-07-04,837524.SHA,,,
,2019-06-30,2019-07-15,300474.SZA,,,
,2019-06-30,2019-07-11,836084.SHA,,,
,2019-06-30,2019-07-11,688218.SHA,,,
,2019-06-30,2019-07-11,300527.SZA,,,
,2019-06-30,2019-04-15,603697.SHA,,,
,2019-06-30,2019-06-03,300594.SZA,,,
,2019-06-30,2019-06-17,603687.SHA,,,
,2019-06-30,2019-07-12,300667.SZA,,,
,2019-06-30,2019-08-10,601088.SHA,,,
,2019-06-30,2019-07-10,300286.SZA,,,
,2019-06-30,2019-04-25,002241.SZA,,,
,2019-06-30,2019-07-08,300214.SZA,,,
,2019-06-30,2019-07-12,300688.SZA,,,
,2019-06-30,2019-07-13,300320.SZA,,,
,2019-06-30,2019-07-10,300610.SZA,,,
,2019-06-30,2019-07-12,300377.SZA,,,
,2019-06-30,2019-07-04,300748.SZA,,,
,2019-06-30,2019-07-01,300758.SZA,,,
,2019-06-30,2019-06-18,300591.SZA,,,
,2019-06-30,2019-07-02,300605.SZA,,,
,2019-06-30,2019-07-13,300387.SZA,,,
,2019-06-30,2019-07-13,300506.SZA,,,
,2019-06-30,2019-07-11,300388.SZA,,,
,2019-06-30,2019-07-12,300382.SZA,,,
,2019-06-30,2019-07-12,300415.SZA,,,
,2019-06-30,2019-07-12,300271.SZA,,,
,2019-06-30,2019-07-12,300414.SZA,,,
,2019-06-30,2019-07-12,300339.SZA,,,
,2019-06-30,2019-07-12,300701.SZA,,,
,2019-06-30,2019-07-12,300403.SZA,,,
,2019-06-30,2019-07-10,300037.SZA,,,
,2019-06-30,2019-04-24,002395.SZA,,,
,2019-06-30,2019-07-12,300563.SZA,,,
,2019-06-30,2019-07-13,300078.SZA,,,
,2019-06-30,2019-04-29,002292.SZA,,,
,2019-06-30,2019-07-15,002751.SZA,,,
,2019-06-30,2019-07-13,002521.SZA,,,
,2019-06-30,2019-07-31,003816.SZA,,,
,2019-06-30,2019-06-05,600968.SHA,,,
,2019-06-30,2019-07-09,836800.SHA,,,
,2019-06-30,2019-07-06,000035.SZA,,,
,2019-06-30,2019-07-12,300170.SZA,,,
,2019-06-30,2019-07-12,300749.SZA,,,
,2019-06-30,2019-07-08,300327.SZA,,,
,2019-06-30,2019-06-26,688009.SHA,,,
,2019-06-30,2019-07-04,688033.SHA,,,
,2019-06-30,2019-06-17,002966.SZA,,,
,2019-06-30,2019-07-08,603279.SHA,,,
,2019-06-30,2019-07-08,832899.SHA,,,
,2019-06-30,2019-04-24,002362.SZA,,,
,2019-06-30,2019-05-20,300775.SZA,,,
,2019-06-30,2019-07-10,300275.SZA,,,
,2019-06-30,2019-05-13,603863.SHA,,,
,2019-06-30,2019-07-23,603115.SHA,,,
,2019-06-30,2019-07-02,300631.SZA,,,
,2019-06-30,2019-07-04,688020.SHA,,,
,2019-06-30,2019-07-09,300786.SZA,,,
,2019-06-30,2019-07-15,300685.SZA,,,
,2019-06-30,2019-07-12,300589.SZA,,,
,2019-06-30,2019-07-12,300696.SZA,,,
,2019-06-30,2019-07-13,601992.SHA,,,
,2019-06-30,2019-06-26,002831.SZA,,,
,2019-06-30,2019-07-11,300368.SZA,,,
,2019-06-30,2019-07-11,300568.SZA,,,
,2019-06-30,2019-04-24,002243.SZA,,,
,2019-06-30,2019-07-11,300651.SZA,,,
,2019-06-30,2019-07-13,300057.SZA,,,
,2019-06-30,2019-07-15,300213.SZA,,,
,2019-06-30,2019-04-25,002514.SZA,,,
,2019-06-30,2019-07-13,300380.SZA,,,
,2019-06-30,2019-07-13,300395.SZA,,,
,2019-06-30,2019-04-27,300476.SZA,,,
,2019-06-30,2019-07-12,300031.SZA,,,
,2019-06-30,2019-06-28,300146.SZA,,,
,2019-06-30,2019-07-12,300047.SZA,,,
,2019-06-30,2019-07-13,300450.SZA,,,
,2019-06-30,2019-07-12,300215.SZA,,,
,2019-06-30,2019-07-12,300624.SZA,,,
,2019-06-30,2019-07-12,300428.SZA,,,
,2019-06-30,2019-07-13,300378.SZA,,,
,2019-06-30,2019-07-12,300041.SZA,,,
,2019-06-30,2019-07-12,300607.SZA,,,
,2019-06-30,2019-07-11,300284.SZA,,,
,2019-06-30,2019-07-09,300042.SZA,,,
,2019-06-30,2019-07-13,300265.SZA,,,
,2019-06-30,2019-07-12,300692.SZA,,,
,2019-06-30,2019-07-09,300650.SZA,,,
,2019-06-30,2019-07-12,300352.SZA,,,
,2019-06-30,2019-07-12,300144.SZA,,,
,2019-06-30,2019-07-15,300294.SZA,,,
,2019-06-30,2019-07-13,300067.SZA,,,
,2019-06-30,2019-07-13,300075.SZA,,,
,2019-06-30,2019-07-13,300021.SZA,,,
,2019-06-30,2019-07-13,300480.SZA,,,
,2019-06-30,2019-07-10,300683.SZA,,,
,2019-06-30,2019-05-31,002776.SZA,,,
,2019-06-30,2019-07-13,300151.SZA,,,
,2019-06-30,2019-07-12,300599.SZA,,,
,2019-06-30,2019-07-12,300582.SZA,,,
,2019-06-30,2019-07-15,300018.SZA,,,
,2019-06-30,2019-07-12,300587.SZA,,,
,2019-06-30,2019-07-13,300009.SZA,,,
,2019-06-30,2019-07-15,300664.SZA,,,
,2019-06-30,2019-07-13,002295.SZA,,,
,2019-06-30,2019-07-13,300571.SZA,,,
,2019-06-30,2019-07-11,300575.SZA,,,
,2019-06-30,2019-07-30,831557.SHA,,,
,2019-06-30,2019-07-01,300785.SZA,,,
,2019-06-30,2019-07-13,300142.SZA,,,
,2019-06-30,2019-07-22,688108.SHA,,,
,2019-06-30,2019-06-27,601698.SHA,,,
,2019-06-30,2019-07-15,002180.SZA,,,
,2019-06-30,2019-07-12,300765.SZA,,,
,2019-06-30,2019-04-26,002555.SZA,,,
,2019-06-30,2019-04-16,002240.SZA,,,
,2019-06-30,2019-07-10,300545.SZA,,,
,2019-06-30,2019-07-09,002346.SZA,,,
,2019-06-30,2019-07-13,300203.SZA,,,
,2019-06-30,2019-06-26,300670.SZA,,,
,2019-06-30,2019-06-26,603236.SHA,,,
,2019-06-30,2019-06-20,000902.SZA,,,
,2019-06-30,2019-07-12,300445.SZA,,,