trade_date,ggt_ss,ggt_sz,hgt,sgt,north_money,south_money
20200612,755.14,1021.0,-731.62,-163.39,-895.01,1776.14
20200611,-213.91,657.46,-1884.84,2030.02,145.18,443.55
20200610,-279.79,1270.54,-1232.86,1655.27,422.41,990.75
20200609,-123.54,841.24,2492.64,2135.86,4628.5,717.7
20200608,-389.68,876.89,1534.49,-920.25,614.24,487.21
20200605,-964.37,478.06,2983.81,1355.65,4339.46,-486.31
20200604,-310.01,949.6,486.17,2397.3,2883.47,639.59
20200603,-218.44,1350.14,662.07,3752.13,4414.2,1131.7
20200602,161.86,284.42,3735.27,-1806.59,1928.68,446.28
20200601,-45.23,1795.73,3990.19,6495.45,10485.64,1750.5
20200529,103.24,1038.32,1081.59,4025.58,5107.17,1141.56
20200528,-1293.26,-256.43,2570.06,248.23,2818.29,-1549.69
20200527,-285.71,844.46,1907.56,-619.09,1288.47,558.75
20200526,1914.3,2296.37,993.3,2892.18,3885.48,4210.67
20200525,1515.12,1206.21,1233.85,911.46,2145.31,2721.33
20200522,3288.76,1124.88,-3291.64,-33.87,-3325.51,4413.64
20200521,1174.85,-1063.3,2158.17,-27.14,2131.03,111.55
20200520,159.1,658.14,764.78,1273.78,2038.56,817.24
20200519,416.75,807.34,885.3,2813.75,3699.05,1224.09
20200518,574.47,778.95,2436.11,967.76,3403.87,1353.42
20200515,871.53,1206.17,-111.53,1305.91,1194.38,2077.7
20200514,2471.56,1604.79,-1650.19,325.38,-1324.81,4076.35
20200513,1478.46,1915.81,26.09,-230.73,-204.64,3394.27
20200512,752.76,1075.14,561.87,1188.07,1749.94,1827.9
20200511,-2296.58,659.6,1071.89,1575.67,2647.56,-1636.98
20200508,-1415.81,1837.23,1317.48,3547.57,4865.05,421.42
20200507,-298.07,1460.66,-1310.32,-1838.1,-3148.42,1162.59
20200506,-1615.27,1852.48,-2320.74,3461.09,1140.35,237.21
20200428,,,3.26,1033.43,1036.69,0.0
20200427,52.35,780.97,1879.81,2058.78,3938.59,833.32
20200424,282.95,200.26,1562.44,1687.31,3249.75,483.21
20200423,134.77,1004.42,1619.98,-928.93,691.05,1139.19
20200422,-453.18,1421.44,693.18,484.88,1178.06,968.26
20200421,2340.55,724.96,-1245.52,-1507.0,-2752.52,3065.51
20200420,1569.98,1068.33,-766.9,816.83,49.93,2638.31
20200417,2805.13,1213.75,4936.61,3687.02,8623.63,4018.88
20200416,-289.16,232.26,1950.41,1864.1,3814.51,-56.9
20200415,1621.38,-58.98,890.12,2464.27,3354.39,1562.4
20200414,-37.06,554.44,4721.99,9506.99,14228.98,517.38
20200409,-900.11,335.03,,,0.0,-565.08
20200408,1700.43,648.9,-1858.24,-1594.46,-3452.7,2349.33
20200407,-445.57,-21.0,6214.06,6459.7,12673.76,-466.57
20200403,,,522.89,-2466.07,-1943.18,0.0
20200402,,,2159.7,2172.06,4331.76,0.0
20200401,2376.83,616.37,412.67,3822.33,4235.0,2993.2
20200331,728.57,1099.03,419.0,1230.85,1649.85,1827.6
20200330,2966.35,889.14,-122.63,-3.06,-125.69,3855.49
20200327,65.9,429.04,2271.58,1142.15,3413.73,494.94
20200326,1360.4,461.77,-569.3,-788.21,-1357.51,1822.17
20200325,4382.79,1358.31,1245.33,1258.53,2503.86,5741.1
20200324,2562.71,1702.66,3063.18,923.96,3987.14,4265.37
20200323,7679.66,1830.58,-6294.21,-1705.05,-7999.26,9510.24
20200320,3608.68,1700.56,3594.9,-1908.27,1686.63,5309.24
20200319,10826.28,5079.77,-5635.08,-4585.27,-10220.35,15906.05
20200318,4041.3,1751.47,-4111.57,-3079.66,-7191.23,5792.77
20200317,7379.15,2492.06,-5601.81,-2636.22,-8238.03,9871.21
20200316,5258.74,1535.09,-5316.74,-4490.74,-9807.48,6793.83
20200313,10335.38,5835.33,-10553.88,-4172.42,-14726.3,16170.71
20200312,9131.53,3566.79,-6640.14,-1740.24,-8380.38,12698.32
20200311,4379.77,1640.19,-112.96,-7352.07,-7465.03,6019.96
20200310,4898.46,3463.66,626.32,2469.55,3095.87,8362.12
20200309,5824.53,1990.38,-9671.17,-4647.72,-14318.89,7814.91
20200306,2575.22,681.52,-2674.85,-367.26,-3042.11,3256.74
20200305,3643.14,2586.08,3219.73,1590.89,4810.62,6229.22
20200304,1069.41,56.93,1333.79,-2114.22,-780.43,1126.34
20200303,2591.87,472.83,1145.29,-665.0,480.29,3064.7
20200302,1813.82,1992.56,2649.54,1502.47,4152.01,3806.38
20200228,2734.49,1045.78,-3605.58,-1531.22,-5136.8,3780.27
20200227,3543.97,826.61,-2093.32,-1847.18,-3940.5,4370.58
20200226,3319.45,427.35,-1646.81,-5080.08,-6726.89,3746.8
20200225,3304.64,637.32,-3268.51,-1562.83,-4831.34,3941.96
20200224,1134.51,530.33,-4830.17,-3874.97,-8705.14,1664.84
20200221,261.08,-300.9,-2036.84,916.76,-1120.08,-39.82
20200220,1110.76,69.42,1064.17,2833.75,3897.92,1180.18
20200219,411.27,-106.87,2402.6,1342.04,3744.64,304.4
20200218,1789.48,786.32,-3401.8,-1988.67,-5390.47,2575.8
20200217,2143.65,987.88,3202.07,2160.32,5362.39,3131.53
20200214,1973.78,947.4,2516.56,1806.19,4322.75,2921.18
20200213,2165.43,702.7,807.3,-16.1,791.2,2868.13
20200212,3805.08,2049.98,1371.28,113.83,1485.11,5855.06
20200211,3042.44,1220.11,1396.65,-353.13,1043.52,4262.55
20200210,3189.76,1829.33,-1172.83,-2099.51,-3272.34,5019.09
20200207,1504.04,814.0,-826.83,-2472.45,-3299.28,2318.04
20200206,1181.51,1234.54,6083.12,4474.84,10557.96,2416.05
20200205,4893.69,1921.95,-786.13,477.99,-308.14,6815.64
20200204,3936.97,-888.6,32.09,4888.08,4920.17,3048.37
20200203,593.88,-76.1,13591.17,4598.22,18189.39,517.78
20200123,,,-6142.46,-5619.34,-11761.8,0.0
20200122,,,-771.37,7.46,-763.91,0.0
20200121,-775.77,699.93,-4202.52,-2925.5,-7128.02,-75.84
20200120,-181.41,1044.67,1249.99,2943.01,4193.0,863.26
20200117,219.04,1264.12,1837.94,1683.41,3521.35,1483.16
20200116,399.94,930.38,1571.77,2274.73,3846.5,1330.32
20200115,875.73,1196.98,-497.25,1541.39,1044.14,2072.71
20200114,1299.01,1300.17,2050.79,1377.17,3427.96,2599.18
20200113,1473.26,1320.11,2574.67,5135.8,7710.47,2793.37
20200110,2752.49,1509.68,1494.07,1464.17,2958.24,4262.17
20200109,604.52,758.9,3260.52,4290.06,7550.58,1363.42
20200108,622.04,508.36,-413.55,1836.5,1422.95,1130.4
20200107,1893.49,891.48,1971.02,2535.94,4506.96,2784.97
20200106,1178.82,704.31,805.11,3550.1,4355.21,1883.13
20200103,1329.0,905.18,1414.92,1945.93,3360.85,2234.18
20200102,1639.41,1506.47,5044.77,5102.28,10147.05,3145.88
20191231,687.29,859.89,-163.06,0.81,-162.25,1547.18
20191230,248.34,1168.37,1473.24,2954.73,4427.97,1416.71
20191227,1421.54,1455.83,3299.0,1381.9,4680.9,2877.37
20191224,527.49,523.29,,,0.0,1050.78
20191223,451.9,245.7,913.08,836.07,1749.15,697.6
20191220,689.3,509.01,2614.85,1100.47,3715.32,1198.31
20191219,1748.39,-104.74,2082.71,1453.66,3536.37,1643.65
20191218,1546.94,385.62,2305.77,2177.33,4483.1,1932.56
20191217,3225.28,1789.51,4990.27,3816.26,8806.53,5014.79
20191216,2136.57,2667.65,-373.49,1073.5,700.01,4804.22
20191213,132.49,2319.92,3456.94,1813.65,5270.59,2452.41
20191212,-196.34,830.96,4060.35,2461.42,6521.77,634.62
20191211,713.5,924.31,1354.07,1013.87,2367.94,1637.81
20191210,997.48,767.07,1890.45,1064.26,2954.71,1764.55
20191209,1272.46,514.33,2567.58,823.2,3390.78,1786.79
20191206,1518.45,729.0,2087.41,2274.38,4361.79,2247.45
20191205,1227.75,935.83,1931.4,4133.16,6064.56,2163.58
20191204,1751.47,515.95,422.92,3534.64,3957.56,2267.42
20191203,1689.95,598.24,1334.29,2122.31,3456.6,2288.19
20191202,1442.55,480.44,1760.26,950.19,2710.45,1922.99
20191129,1161.6,753.2,-296.55,967.55,671.0,1914.8
20191128,700.65,533.58,760.02,977.99,1738.01,1234.23
20191127,489.91,553.21,580.52,1841.15,2421.67,1043.12
20191126,882.08,488.65,10875.28,10554.87,21430.15,1370.73
20191125,390.88,439.83,3653.38,1983.02,5636.4,830.71
20191122,975.91,671.37,-425.13,1369.89,944.76,1647.28
20191121,2383.85,628.6,-602.46,1231.59,629.13,3012.45
20191120,1714.98,412.36,-834.79,1024.67,189.88,2127.34
20191119,1083.18,1497.38,929.83,1594.52,2524.35,2580.56
20191118,1400.64,903.17,-59.24,1518.29,1459.05,2303.81
20191115,1590.66,783.87,727.52,956.77,1684.29,2374.53
20191114,1827.0,863.37,-100.73,1311.75,1211.02,2690.37
20191113,1396.14,1223.96,-1647.52,-115.52,-1763.04,2620.1
20191112,-389.86,163.51,-8.77,-2.04,-10.81,-226.35
20191111,1079.78,412.9,-60.26,730.22,669.96,1492.68
20191108,-37.2,432.79,-605.56,1972.49,1366.93,395.59
20191107,556.67,316.48,527.28,1582.32,2109.6,873.15
20191106,170.91,-71.81,921.98,-130.91,791.07,99.1
20191105,-27.21,762.91,3168.63,2031.85,5200.48,735.7
20191104,-217.67,504.55,2267.69,1817.14,4084.83,286.88
20191101,4.22,279.19,3278.62,4170.65,7449.27,283.41
20191031,328.67,434.46,3189.4,4199.92,7389.32,763.13
20191030,597.33,45.06,637.87,2261.66,2899.53,642.39
20191029,393.34,875.11,888.55,1535.08,2423.63,1268.45
20191028,1692.43,1041.32,1579.54,1260.16,2839.7,2733.75
20191025,210.88,246.03,6.28,1531.39,1537.67,456.91
20191024,-214.85,190.85,-535.32,1095.74,560.42,-24.0
20191023,384.25,365.3,-1268.54,-536.03,-1804.57,749.55
20191022,-329.31,288.61,366.21,-71.36,294.85,-40.7
20191021,184.94,-221.71,2127.52,787.25,2914.77,-36.77
20191018,549.86,13.92,-1490.21,246.72,-1243.49,563.78
20191017,312.86,685.87,201.39,1537.4,1738.79,998.73
20191016,525.46,595.58,702.77,2033.65,2736.42,1121.04
20191015,915.23,203.22,2696.93,974.32,3671.25,1118.45
20191014,2120.47,1110.74,519.71,2181.92,2701.63,3231.21
20191011,677.2,470.92,2731.35,994.79,3726.14,1148.12
20191010,1674.7,410.79,156.68,-20.35,136.33,2085.49
20191009,1966.98,441.93,-1983.48,-233.39,-2216.87,2408.91
20191008,-194.23,47.09,352.96,1390.99,1743.95,-147.14
20190930,,,-230.56,-404.61,-635.17,0.0
20190927,,,-361.14,679.64,318.5,0.0
20190926,585.87,502.5,1416.73,1080.74,2497.47,1088.37
20190925,460.99,278.98,-476.16,969.12,492.96,739.97
20190924,-160.61,62.73,807.3,1944.42,2751.72,-97.88
20190923,-533.3,-78.51,-2210.99,679.64,-1531.35,-611.81
20190920,244.61,307.01,7137.07,7725.27,14862.34,551.62
20190919,271.64,94.42,377.33,2315.25,2692.58,366.06
20190918,-260.28,120.14,2452.06,1469.31,3921.37,-140.14
20190917,-307.13,-367.82,-704.89,186.69,-518.2,-674.95
20190916,-744.07,-190.73,418.71,491.23,909.94,-934.8
20190912,,,2488.84,806.64,3295.48,0.0
20190911,,,1804.94,627.08,2432.02,0.0
20190910,-232.25,56.23,2041.14,337.6,2378.74,-176.02
20190909,158.7,632.02,1237.63,1547.83,2785.46,790.72
20190906,1104.86,37.08,5496.05,3027.87,8523.92,1141.94
20190905,2120.55,717.92,5411.29,3771.94,9183.23,2838.47
20190904,720.59,786.01,4639.51,333.37,4972.88,1506.6
20190903,1135.17,159.04,1005.93,-987.27,18.66,1294.21
20190902,1654.67,310.17,2873.52,2436.38,5309.9,1964.84
20190830,1036.52,53.59,4040.85,2678.7,6719.55,1090.11
20190829,1567.95,47.32,321.44,61.73,383.17,1615.27
20190828,1274.19,230.32,-362.88,-415.53,-778.41,1504.51
20190827,2353.62,509.8,7100.02,4170.96,11270.98,2863.42
20190826,3701.73,1188.38,-2347.2,-686.53,-3033.73,4890.11
20190823,1674.81,761.4,-156.54,1305.31,1148.77,2436.21
20190822,2137.44,294.97,416.33,1099.0,1515.33,2432.41
20190821,1668.98,703.03,1251.01,748.4,1999.41,2372.01
20190820,1615.89,833.85,-618.35,-643.98,-1262.33,2449.74
20190819,1836.9,1227.05,3491.13,4356.48,7847.61,3063.95
20190816,3557.14,1554.83,-297.67,80.33,-217.34,5111.97
20190815,3707.89,910.32,-698.58,835.82,137.24,4618.21
20190814,3091.4,734.62,-571.92,1755.57,1183.65,3826.02
20190813,1572.65,849.16,-1782.2,-653.89,-2436.09,2421.81
20190812,1600.37,666.42,301.51,1937.66,2239.17,2266.79
20190809,918.31,454.25,-46.78,1441.68,1394.9,1372.56
20190808,1323.73,854.37,936.2,1613.05,2549.25,2178.1
20190807,988.89,599.86,-2456.52,-593.91,-3050.43,1588.75
20190806,2103.43,715.72,-3245.01,266.28,-2978.73,2819.15
20190805,2058.0,1392.17,-2429.59,-1033.44,-3463.03,3450.17
20190802,2057.68,1364.22,-4655.66,-2156.33,-6811.99,3421.9
20190801,555.0,292.44,-1282.55,131.73,-1150.82,847.44
20190731,897.87,206.49,-621.3,122.14,-499.16,1104.36
20190730,1560.26,571.72,-408.76,2859.74,2450.98,2131.98
20190729,892.47,495.91,-1510.53,1569.51,58.98,1388.38
20190726,1224.52,661.08,-878.42,-508.25,-1386.67,1885.6
20190725,722.5,314.43,1714.41,234.32,1948.73,1036.93
20190724,1257.54,485.64,1187.13,863.06,2050.19,1743.18
20190723,389.84,307.04,334.41,-740.07,-405.66,696.88
20190722,800.19,269.21,-578.7,963.7,385.0,1069.4
20190719,12.17,309.77,4287.45,1901.79,6189.24,321.94
20190718,-173.82,172.01,1668.39,176.58,1844.97,-1.81
20190717,597.09,494.63,927.3,823.75,1751.05,1091.72
20190716,187.46,389.27,708.34,300.86,1009.2,576.73
20190715,838.98,492.38,-2129.42,688.42,-1441.0,1331.36
20190712,258.62,849.89,775.21,684.06,1459.27,1108.51
20190711,-293.93,376.81,1823.62,612.25,2435.87,82.88
20190710,660.31,482.5,-1636.45,-0.96,-1637.41,1142.81
20190709,529.2,491.09,-1944.64,-675.16,-2619.8,1020.29
20190708,253.21,400.39,-2614.95,-990.95,-3605.9,653.6
20190705,-269.16,74.31,-124.08,551.79,427.71,-194.85
20190704,-432.23,-104.88,941.33,35.49,976.82,-537.11
20190703,557.98,182.89,14.9,-504.43,-489.53,740.87
20190702,662.53,631.57,-506.37,1628.18,1121.81,1294.1
20190628,1411.88,218.06,,,0.0,1629.94
20190627,1126.93,533.29,933.81,2905.07,3838.88,1660.22
20190626,1095.44,417.4,-960.52,-252.95,-1213.47,1512.84
20190625,538.95,494.03,-2393.42,-906.12,-3299.54,1032.98
20190624,-541.17,792.38,-757.96,-1153.14,-1911.1,251.21
20190621,-97.4,701.36,3722.36,3608.14,7330.5,603.96
20190620,660.05,555.23,1914.44,3650.47,5564.91,1215.28
20190619,-491.58,186.47,2092.51,2831.23,4923.74,-305.11
20190618,1667.4,832.29,974.92,617.24,1592.16,2499.69
20190617,1061.73,555.1,541.1,-33.79,507.31,1616.83
20181228,,,2103.83,125.84,2229.67,0.0
20181227,,,1031.02,-497.43,533.59,0.0
20181224,1809.13,377.81,,,0.0,2186.94
20181221,356.07,213.32,571.53,-764.43,-192.9,569.39
20181220,727.58,24.7,-966.73,-212.9,-1179.63,752.28
20181219,-721.59,-125.58,-292.73,-492.06,-784.79,-847.17
20181218,498.13,-78.32,-1688.39,-1323.76,-3012.15,419.81
20181217,-214.23,87.79,991.33,267.28,1258.61,-126.44
20181214,3.56,85.98,-863.97,-843.53,-1707.5,89.54
20181213,-879.12,600.8,3456.43,3163.01,6619.44,-278.32
20181212,-578.16,655.4,1174.13,91.61,1265.74,77.24
20181211,811.2,453.39,2.47,298.04,300.51,1264.59
20181210,218.35,199.24,-1746.22,-23.94,-1770.16,417.59
20181207,679.74,485.33,-546.2,33.97,-512.23,1165.07
20181206,261.65,243.67,-2638.42,-1591.09,-4229.51,505.32
20181205,168.19,-4.08,1025.86,-135.15,890.71,164.11
20181204,-305.11,-683.93,3266.34,1025.35,4291.69,-989.04
20181203,-1303.23,-827.23,8634.27,3507.09,12141.36,-2130.46
20181130,-547.15,282.34,3602.34,1232.26,4834.6,-264.81
20181129,-1480.75,-159.23,1319.5,-246.24,1073.26,-1639.98
20181128,-750.68,-31.83,1834.84,704.33,2539.17,-782.51
20181127,-917.47,-94.71,191.16,-45.78,145.38,-1012.18
20181126,-1063.5,-84.16,1626.19,766.77,2392.96,-1147.66
20181123,-586.9,-185.88,-299.73,-751.47,-1051.2,-772.78
20181122,-775.02,276.44,-576.99,-98.5,-675.49,-498.58
20181121,-25.82,206.46,348.96,602.08,951.04,180.64
20181120,-560.07,88.78,-2092.72,-971.44,-3064.16,-471.29
20181119,-688.47,-95.0,1142.41,499.71,1642.12,-783.47
20181116,195.69,-141.12,870.24,1125.54,1995.78,54.57
20181115,-415.69,52.56,2264.8,272.96,2537.76,-363.13
20181114,-314.93,220.48,-637.4,-258.96,-896.36,-94.45
20181113,1093.49,107.43,1182.41,1213.59,2396.0,1200.92
20181112,586.26,40.88,682.66,420.52,1103.18,627.14
20181109,-948.85,-997.07,-126.59,219.06,92.47,-1945.92
20181108,-1062.99,0.86,3264.73,592.53,3857.26,-1062.13
20181107,582.23,246.44,1617.02,411.57,2028.59,828.67
20181106,18.6,-63.32,-764.98,-1030.32,-1795.3,-44.72
20181105,1061.59,-1.55,478.48,459.89,938.37,1060.04
20181102,970.6,-430.19,11012.75,6371.92,17384.67,540.41
20181101,334.47,640.2,5596.4,2886.07,8482.47,974.67
20181031,-201.48,-270.74,4386.89,1361.8,5748.69,-472.22
20181030,-420.83,-37.62,938.44,-708.94,229.5,-458.45
20181029,-2001.05,-643.19,2640.84,147.57,2788.41,-2644.24
20181026,711.91,141.55,-881.87,-783.26,-1665.13,853.46
20181025,783.0,-108.39,-2742.76,-859.08,-3601.84,674.61
20181024,-16.49,-509.23,2114.31,-643.66,1470.65,-525.72
20181023,-665.08,-228.45,199.49,-552.54,-353.05,-893.53
20181022,3614.91,1171.27,-968.4,206.39,-762.01,4786.18
20181019,2250.69,-53.2,3449.39,873.15,4322.54,2197.49
20181018,497.99,-369.64,-858.45,224.5,-633.95,128.35
20181016,-236.37,-612.67,,,0.0,-849.04
20181015,732.2,-9.45,-1403.31,298.64,-1104.67,722.75
20181012,1497.24,25.15,538.49,534.05,1072.54,1522.39
20181011,696.5,-195.77,-2248.94,-1383.42,-3632.36,500.73
20181010,814.95,215.85,-1220.63,-391.41,-1612.04,1030.8
20181009,931.02,550.29,-2337.37,-742.47,-3079.84,1481.31
20181008,-7.14,1189.3,-7391.17,-2324.94,-9716.11,1182.16
20180928,,,613.74,1012.56,1626.3,0.0
20180927,,,2559.18,330.22,2889.4,0.0
20180926,165.37,1338.65,1336.85,540.88,1877.73,1504.02
20180920,,,3515.77,1284.46,4800.23,0.0
20180919,1209.05,460.21,671.51,104.67,776.18,1669.26
20180918,414.86,323.24,1572.11,344.99,1917.1,738.1
20180917,624.17,-112.22,-129.13,820.47,691.34,511.95
20180914,121.71,170.33,1545.67,1261.75,2807.42,292.04
20180913,-1148.48,-259.89,2111.0,628.93,2739.93,-1408.37
20180912,54.72,-37.08,-826.52,-218.83,-1045.35,17.64
20180911,-150.03,-149.11,-462.91,420.88,-42.03,-299.14
20180910,552.48,42.56,-341.44,-263.27,-604.71,595.04
20180907,1019.76,192.94,-81.13,-172.96,-254.09,1212.7
20180906,465.6,57.12,966.2,-79.91,886.29,522.72
20180905,1068.87,92.09,-2421.6,-687.26,-3108.86,1160.96
20180904,337.99,135.83,936.05,415.08,1351.13,473.82
20180903,-437.6,-63.75,-253.79,524.56,270.77,-501.35
20180831,-41.23,113.8,2591.95,1175.24,3767.19,72.57
20180830,-1054.56,171.77,389.18,227.18,616.36,-882.79
20180829,-1450.32,-16.93,1683.73,348.22,2031.95,-1467.25
20180828,-1355.69,-251.31,505.18,925.54,1430.72,-1607.0
20180827,-296.17,557.92,689.5,1478.14,2167.64,261.75
20180824,461.18,41.9,-317.27,140.4,-176.87,503.08
20180823,-894.09,-69.82,757.42,502.5,1259.92,-963.91
20180822,-766.49,-60.59,1814.02,189.2,2003.22,-827.08
20180821,-1108.26,341.96,1699.25,1115.5,2814.75,-766.3
20180820,-1534.8,146.57,3903.32,1752.78,5656.1,-1388.23
20180817,-804.07,-339.25,-31.5,399.03,367.53,-1143.32
20180816,-2255.42,-1569.48,1439.86,732.04,2171.9,-3824.9
20180815,-996.6,-1009.24,-860.41,-666.73,-1527.14,-2005.84
20180814,-2645.25,-1295.09,-331.3,-1008.42,-1339.72,-3940.34
20180813,871.89,-299.46,-150.19,-427.76,-577.95,572.43
20180810,-1221.38,-105.44,-234.92,289.17,54.25,-1326.82
20180809,867.67,535.72,3363.81,1850.69,5214.5,1403.39
20180808,-976.05,-512.0,897.26,760.77,1658.03,-1488.05
20180807,-728.9,-157.87,2007.37,977.64,2985.01,-886.77
20180806,-858.43,-1242.51,1425.52,1637.6,3063.12,-2100.94
20180803,383.13,-245.31,-525.12,1035.69,510.57,137.82
20180802,-2500.02,-778.43,731.55,-368.64,362.91,-3278.45
20180801,-2015.8,-750.46,467.17,471.49,938.66,-2766.26
20180731,-299.0,-21.0,1923.72,1345.48,3269.2,-320.0
20180730,-588.0,611.0,2536.54,146.24,2682.78,23.0
20180727,-13.0,363.0,2182.84,533.06,2715.9,350.0
20180726,-566.0,-339.0,1113.28,-567.47,545.81,-905.0
20180725,319.0,370.0,1470.29,311.27,1781.56,689.0
20180724,924.0,2312.0,1748.88,1053.52,2802.4,3236.0
20180723,1628.0,1172.0,-279.96,334.82,54.86,2800.0
20180720,2233.0,1773.0,606.33,1711.77,2318.1,4006.0
20180719,456.0,206.0,1831.41,874.4,2705.81,662.0
20180718,-181.0,261.0,126.8,-111.83,14.97,80.0
20180717,-390.0,187.0,-90.32,-404.24,-494.56,-203.0
20180716,-539.0,52.0,-457.0,487.6,30.6,-487.0
20180713,-297.0,751.0,599.38,658.07,1257.45,454.0
20180712,2635.0,1699.0,1695.62,269.56,1965.18,4334.0
20180711,19.0,646.0,261.96,-339.2,-77.24,665.0
20180710,668.0,889.0,514.05,262.33,776.38,1557.0
20180709,1355.0,828.0,2473.93,1173.31,3647.24,2183.0
20180706,-261.0,430.0,2770.82,1797.26,4568.08,169.0
20180705,-1222.0,-1453.0,1812.57,541.05,2353.62,-2675.0
20180704,-530.0,133.0,-255.26,-1042.93,-1298.19,-397.0
20180703,-1598.0,76.0,1749.87,-1196.19,553.68,-1522.0
20180629,688.0,1962.0,,,0.0,2650.0
20180628,-202.0,-109.0,2298.71,-1343.38,955.33,-311.0
20180627,-630.0,-126.0,3.17,-1162.11,-1158.94,-756.0
20180626,-543.0,-161.0,1607.78,1016.77,2624.55,-704.0
20180625,328.0,908.0,-2382.96,-1294.53,-3677.49,1236.0
20180622,349.0,609.0,-105.1,333.45,228.35,958.0
20180621,-70.0,509.0,427.06,-1261.26,-834.2,439.0
20180620,925.0,585.0,-215.58,1137.82,922.24,1510.0
20180619,-609.0,-552.0,-1979.98,-9.0,-1988.98,-1161.0
20180615,-216.0,621.0,2257.43,603.16,2860.59,405.0
20180614,-822.0,309.0,1931.3,993.37,2924.67,-513.0
20180613,-315.0,610.0,785.06,737.75,1522.81,295.0
20180612,832.0,1516.0,1103.55,1599.81,2703.36,2348.0
20180611,-57.0,195.0,2968.77,1451.04,4419.81,138.0
20180608,-2198.0,-246.0,-754.4,1586.39,831.99,-2444.0
20180607,-1277.0,189.0,2470.54,1828.34,4298.88,-1088.0
20180606,-453.0,1014.0,1726.94,1085.36,2812.3,561.0
20180605,306.0,971.0,1308.48,2665.98,3974.46,1277.0
20180604,-135.0,216.0,3613.38,2645.53,6258.91,81.0
20180601,-338.0,79.0,1542.38,741.8,2284.18,-259.0
20180531,-605.0,559.0,3626.08,3003.17,6629.25,-46.0
20180530,-88.0,412.0,-295.22,1708.91,1413.69,324.0
20180529,-521.0,-278.0,280.37,1268.03,1548.4,-799.0
20180528,-44.0,592.0,2306.68,1740.37,4047.05,548.0
20180525,-1761.0,50.0,1512.22,670.51,2182.73,-1711.0
20180524,-755.0,369.0,814.7,1364.57,2179.27,-386.0
20180523,-481.0,16.0,859.64,1503.53,2363.17,-465.0
20180521,436.0,762.0,,,0.0,1198.0
20180518,401.0,729.0,2485.75,1142.69,3628.44,1130.0
20180517,-299.0,277.0,1341.93,1035.65,2377.58,-22.0
20180516,673.0,1355.0,241.61,966.16,1207.77,2028.0
20180515,-549.0,229.0,1567.3,2241.04,3808.34,-320.0
20180514,-1042.0,730.0,3479.72,2364.31,5844.03,-312.0
20180511,-485.0,380.0,2164.0,484.0,2648.0,-105.0
20180510,1094.0,575.0,1839.6,1334.72,3174.32,1669.0
20180509,208.0,826.0,835.12,1449.13,2284.25,1034.0
20180508,2121.0,1391.0,1488.17,599.68,2087.85,3512.0
20180507,508.0,606.0,1714.63,1135.98,2850.61,1114.0
20180504,3.0,333.0,-409.0,-787.0,-1196.0,336.0
20180503,458.0,991.0,544.72,91.33,636.05,1449.0
20180502,-385.0,532.0,2391.3,2338.11,4729.41,147.0
20180427,,,2880.0,-202.0,2678.0,0.0
20180426,,,162.05,-3198.04,-3035.99,0.0
20180425,542.0,159.0,1067.96,407.09,1475.05,701.0
20180424,1129.0,880.0,2428.23,1570.99,3999.22,2009.0
20180423,-927.0,-215.0,1453.57,977.02,2430.59,-1142.0
20180420,-1333.0,-92.0,-754.0,-295.0,-1049.0,-1425.0
20180419,429.0,985.0,3509.15,1867.43,5376.58,1414.0
20180418,-676.0,210.0,4040.93,3301.66,7342.59,-466.0
20180417,-706.0,-39.0,1156.64,-378.51,778.13,-745.0
20180416,-1603.0,24.0,1394.54,1322.51,2717.05,-1579.0
20180413,-509.0,310.0,1008.0,1401.0,2409.0,-199.0
20180412,-1382.0,703.0,1536.33,1365.72,2902.05,-679.0
20180411,581.0,1861.0,248.16,842.49,1090.65,2442.0
20180410,230.0,2366.0,2640.35,845.48,3485.83,2596.0
20180409,-1001.0,1010.0,2401.25,985.49,3386.74,9.0
20180404,,,816.29,665.91,1482.2,0.0
20180403,,,2462.99,560.58,3023.57,0.0
20180329,753.0,1174.0,,,0.0,1927.0
20180328,-566.0,214.0,947.48,-138.06,809.42,-352.0
20180327,713.0,1433.0,1701.81,-531.11,1170.7,2146.0
20180326,-2097.0,631.0,2146.67,1894.02,4040.69,-1466.0
20180323,-1681.0,839.0,-1333.0,-279.0,-1612.0,-842.0
20180322,-200.0,1537.0,169.3,305.38,474.68,1337.0
20180321,-286.0,322.0,-160.46,780.52,620.06,36.0
20180320,353.0,620.0,-517.86,-195.58,-713.44,973.0
20180319,322.0,707.0,480.75,541.06,1021.81,1029.0
20180316,408.0,1119.0,-1035.0,-860.0,-1895.0,1527.0
20180315,462.0,1500.0,1007.03,539.18,1546.21,1962.0
20180314,164.0,967.0,416.93,319.98,736.91,1131.0
20180313,-26.0,280.0,1414.91,91.74,1506.65,254.0
20180312,-367.0,1414.0,1961.57,573.64,2535.21,1047.0
20180309,677.0,1627.0,1097.0,444.0,1541.0,2304.0
20180308,1002.0,2125.0,2143.8,842.31,2986.11,3127.0
20180307,626.0,548.0,-1682.95,-783.25,-2466.2,1174.0
20180306,882.0,1904.0,718.78,419.69,1138.47,2786.0
20180305,-87.0,999.0,-1233.7,-54.99,-1288.69,912.0
20180302,353.0,952.0,-830.0,-120.0,-950.0,1305.0
20180301,1895.0,1330.0,552.82,831.55,1384.37,3225.0
20180228,-1206.0,863.0,-599.68,245.33,-354.35,-343.0
20180227,-2896.0,-194.0,1701.55,993.33,2694.88,-3090.0
20180226,985.0,1642.0,2096.12,1297.64,3393.76,2627.0
20180223,1912.0,1382.0,1239.0,687.0,1926.0,3294.0
20180222,3385.0,2033.0,1126.43,1400.07,2526.5,5418.0
20180214,,,450.64,802.43,1253.07,0.0
20180213,,,38.27,-839.46,-801.19,0.0
20180212,4031.0,1184.0,-1222.33,109.55,-1112.78,5215.0
20180209,1219.0,-715.0,-2001.0,-467.0,-2468.0,504.0
20180208,1527.0,104.0,1348.33,1712.55,3060.88,1631.0
20180207,-372.0,-496.0,-158.69,1961.18,1802.49,-868.0
20180206,7007.0,1014.0,-7366.15,-2298.03,-9664.18,8021.0
20180205,7550.0,2686.0,-3431.79,165.72,-3266.07,10236.0
20180202,4213.0,1188.0,-1159.0,1175.0,16.0,5401.0
20180201,1870.0,463.0,-784.48,1213.53,429.05,2333.0
20180131,4962.0,1147.0,-208.56,356.18,147.62,6109.0
20180130,2158.0,1296.0,-169.52,701.3,531.78,3454.0
20180129,2949.0,1809.0,-430.01,-283.18,-713.19,4758.0
20180126,1923.0,1551.0,2038.0,1143.0,3181.0,3474.0
20180125,2365.0,455.0,1490.03,984.32,2474.35,2820.0
20180124,2020.0,1957.0,-549.84,979.79,429.95,3977.0
20180123,4031.0,2271.0,2509.31,348.6,2857.91,6302.0
20180122,4706.0,1530.0,1147.11,1237.07,2384.18,6236.0
20180119,4401.0,1846.0,373.0,844.0,1217.0,6247.0
20180118,3994.0,2232.0,1359.99,633.75,1993.74,6226.0
20180117,2682.0,1317.0,-293.26,-350.91,-644.17,3999.0
20180116,1318.0,644.0,948.55,1587.98,2536.53,1962.0
20180115,1210.0,1005.0,-1648.93,8.73,-1640.2,2215.0
20180112,1895.0,1067.0,1592.0,693.0,2285.0,2962.0
20180111,1178.0,593.0,-77.03,312.57,235.54,1771.0
20180110,3487.0,423.0,1407.62,319.56,1727.18,3910.0
20180109,2474.0,1261.0,1472.11,1603.99,3076.1,3735.0
20180108,2611.0,1101.0,744.74,1180.74,1925.48,3712.0
20180105,1916.0,745.0,1038.0,1568.0,2606.0,2661.0
20180104,2767.0,1242.0,2816.62,1702.95,4519.57,4009.0
20180103,1920.0,1163.0,2692.35,1937.38,4629.73,3083.0
20180102,2283.0,1411.0,2113.22,1399.9,3513.12,3694.0
20171229,2347.0,1341.0,871.0,770.0,1641.0,3688.0
20171228,1524.0,826.0,1592.17,1464.13,3056.3,2350.0
20171227,990.0,666.0,798.19,130.12,928.31,1656.0
20171222,1057.0,589.0,,,0.0,1646.0
20171221,1793.0,881.0,739.52,623.96,1363.48,2674.0
20171220,-135.0,-214.0,-517.13,-281.83,-798.96,-349.0
20171219,-407.0,195.0,908.59,801.59,1710.18,-212.0
20171218,352.0,385.0,1544.43,442.26,1986.69,737.0
20171215,1932.0,1058.0,-1065.0,-1459.0,-2524.0,2990.0
20171214,1081.0,787.0,248.0,461.28,709.28,1868.0
20171213,1512.0,886.0,2160.31,857.43,3017.74,2398.0
20171212,2176.0,567.0,-486.24,-172.95,-659.19,2743.0
20171211,3547.0,1431.0,1066.01,597.43,1663.44,4978.0
20171208,3623.0,878.0,2924.0,1065.0,3989.0,4501.0
20171207,991.0,360.0,-850.4,-624.71,-1475.11,1351.0
20171206,1192.0,-358.0,-3833.48,-19.79,-3853.27,834.0
20171205,1995.0,520.0,-2714.91,-417.15,-3132.06,2515.0
20171204,2563.0,1014.0,-302.19,278.63,-23.56,3577.0
20171201,805.0,186.0,1209.0,2133.0,3342.0,991.0
20171130,1501.0,231.0,-199.65,-467.95,-667.6,1732.0
20171129,2514.0,696.0,1014.57,424.0,1438.57,3210.0
20171128,2398.0,801.0,2100.54,1370.18,3470.72,3199.0
20171127,545.0,393.0,-701.99,-575.46,-1277.45,938.0
20171124,174.0,1052.0,944.0,42.0,986.0,1226.0
20171123,419.0,1174.0,2099.04,-75.43,2023.61,1593.0
20171122,1430.0,1727.0,368.35,169.33,537.68,3157.0
20171121,2024.0,2527.0,-435.1,-102.55,-537.65,4551.0
20171120,3150.0,1232.0,-1503.28,774.65,-728.63,4382.0
20171117,2573.0,1201.0,-2338.0,964.0,-1374.0,3774.0
20171116,1999.0,1216.0,-3.62,614.94,611.32,3215.0
20171115,1296.0,1259.0,-1157.29,-787.59,-1944.88,2555.0
20171114,1357.0,1143.0,-8.19,443.92,435.73,2500.0
20171113,3087.0,1981.0,193.87,540.07,733.94,5068.0
20171110,2368.0,1853.0,215.0,175.0,390.0,4221.0
20171109,3504.0,1050.0,1743.37,1413.81,3157.18,4554.0
20171108,2945.0,1279.0,1079.98,915.08,1995.06,4224.0
20171107,2499.0,1549.0,969.85,666.76,1636.61,4048.0
20171106,2561.0,1304.0,-22.87,655.57,632.7,3865.0
20171103,1184.0,801.0,-189.0,534.0,345.0,1985.0
20171102,1899.0,1523.0,892.29,779.18,1671.47,3422.0
20171101,1476.0,1307.0,1622.93,1053.04,2675.97,2783.0
20171031,1231.0,726.0,-1040.81,690.81,-350.0,1957.0
20171030,1897.0,1057.0,-1256.25,239.83,-1016.42,2954.0
20171027,2949.0,1147.0,127.45,215.0,342.45,4096.0
20171026,2057.0,1170.0,1445.83,241.66,1687.49,3227.0
20171025,1202.0,614.0,287.37,328.13,615.5,1816.0
20171024,1039.0,682.0,-2207.21,-943.46,-3150.67,1721.0
20171023,1233.0,1051.0,-1183.63,-190.19,-1373.82,2284.0
20171020,833.0,504.0,-126.0,91.0,-35.0,1337.0
20171019,1809.0,673.0,-94.61,167.7,73.09,2482.0
20171018,1464.0,736.0,-650.93,223.47,-427.46,2200.0
20171017,867.0,762.0,218.55,1592.31,1810.86,1629.0
20171016,1518.0,860.0,363.99,1208.51,1572.5,2378.0
20171013,2170.0,1079.0,-674.0,1084.0,410.0,3249.0
20171012,1400.0,1126.0,-407.39,893.54,486.15,2526.0
20171011,1775.0,1225.0,597.67,1147.25,1744.92,3000.0
20171010,1518.0,777.0,2465.29,1754.27,4219.56,2295.0
20171009,1240.0,813.0,4714.84,2968.41,7683.25,2053.0
20170929,,,455.0,778.0,1233.0,0.0
20170928,,,-158.17,-138.14,-296.31,0.0
20170927,903.0,732.0,-142.22,876.26,734.04,1635.0
20170926,780.0,1026.0,-101.16,211.66,110.5,1806.0
20170925,948.0,595.0,-1834.49,157.41,-1677.08,1543.0
20170922,1165.0,804.0,-440.0,1050.0,610.0,1969.0
20170921,1597.0,821.0,878.64,405.5,1284.14,2418.0
20170920,1074.0,1036.0,985.18,1157.62,2142.8,2110.0
20170919,1432.0,560.0,-88.11,330.59,242.48,1992.0
20170918,574.0,786.0,2588.74,1905.98,4494.72,1360.0
20170915,-157.0,801.0,203.0,-99.0,104.0,644.0
20170914,1138.0,706.0,-235.47,387.5,152.03,1844.0
20170913,1057.0,1241.0,-281.86,634.62,352.76,2298.0
20170912,1472.0,692.0,1821.45,750.05,2571.5,2164.0
20170911,752.0,291.0,1818.64,309.94,2128.58,1043.0
20170908,1222.0,687.0,-255.0,822.0,567.0,1909.0
20170907,2804.0,669.0,223.96,809.51,1033.47,3473.0
20170906,1353.0,842.0,82.2,209.43,291.63,2195.0
20170905,1045.0,730.0,162.68,895.93,1058.61,1775.0
20170904,1125.0,925.0,606.66,1317.01,1923.67,2050.0
20170901,1140.0,676.0,2278.0,2055.0,4333.0,1816.0
20170831,936.0,374.0,1191.51,784.27,1975.78,1310.0
20170830,-78.0,494.0,2298.8,1136.84,3435.64,416.0
20170829,600.0,398.0,910.99,921.23,1832.22,998.0
20170828,530.0,653.0,1907.17,1959.42,3866.59,1183.0
20170825,98.0,220.0,1717.0,1452.0,3169.0,318.0
20170824,177.0,419.0,759.23,590.73,1349.96,596.0
20170822,468.0,470.0,-201.92,304.58,102.66,938.0
20170821,801.0,432.0,-157.04,435.21,278.17,1233.0
20170818,672.0,578.0,37.0,-1011.0,-974.0,1250.0
20170817,86.0,477.0,-28.16,814.64,786.48,563.0
20170816,-535.0,218.0,207.77,715.18,922.95,-317.0
20170815,-474.0,448.0,-206.3,221.06,14.76,-26.0
20170814,-432.0,401.0,-211.59,537.85,326.26,-31.0
20170811,-1185.0,-45.0,-732.0,-91.0,-823.0,-1230.0
20170810,-70.0,677.0,-436.9,247.88,-189.02,607.0
20170809,2472.0,380.0,747.09,570.53,1317.62,2852.0
20170808,2117.0,855.0,1051.9,864.55,1916.45,2972.0
20170807,1468.0,404.0,1620.91,1323.62,2944.53,1872.0
20170804,680.0,369.0,2075.0,869.0,2944.0,1049.0
20170803,1113.0,603.0,1320.73,1184.02,2504.75,1716.0
20170802,573.0,763.0,174.2,197.07,371.27,1336.0
20170801,1081.0,609.0,968.74,635.1,1603.84,1690.0
20170731,1346.0,462.0,938.9,1063.16,2002.06,1808.0
20170728,626.0,531.0,1465.0,940.0,2405.0,1157.0
20170727,-304.0,640.0,1513.77,1326.44,2840.21,336.0
20170726,-80.0,498.0,1299.3,589.45,1888.75,418.0
20170725,1493.0,593.0,32.07,1289.14,1321.21,2086.0
20170724,787.0,699.0,206.53,1486.65,1693.18,1486.0
20170721,957.0,551.0,382.0,1219.0,1601.0,1508.0
20170720,1340.0,921.0,-189.59,396.56,206.97,2261.0
20170719,1848.0,983.0,753.84,1107.74,1861.58,2831.0
20170718,776.0,377.0,1128.66,969.04,2097.7,1153.0
20170717,1428.0,322.0,75.32,1371.96,1447.28,1750.0
20170714,1538.0,185.0,-85.0,267.0,182.0,1723.0
20170713,1358.0,647.0,790.49,651.52,1442.01,2005.0
20170712,2317.0,570.0,605.49,1079.17,1684.66,2887.0
20170711,2537.0,928.0,162.86,753.74,916.6,3465.0
20170710,2408.0,740.0,125.6,894.62,1020.22,3148.0
20170707,1544.0,732.0,-128.0,482.0,354.0,2276.0
20170706,1644.0,623.0,-811.95,-196.51,-1008.46,2267.0
20170705,1961.0,781.0,341.02,339.22,680.24,2742.0
20170704,2044.0,576.0,-311.19,-201.72,-512.91,2620.0
20170703,1984.0,456.0,179.26,321.76,501.02,2440.0
20170630,1008.0,503.0,-961.0,-112.0,-1073.0,1511.0
20170629,1714.0,410.0,2216.55,1021.08,3237.63,2124.0
20170628,432.0,391.0,-715.81,401.52,-314.29,823.0
20170627,774.0,615.0,1993.92,750.26,2744.18,1389.0
20170626,1378.0,564.0,-246.57,475.64,229.07,1942.0
20170623,-293.0,440.0,585.0,1062.0,1647.0,147.0
20170622,1563.0,566.0,490.52,1279.85,1770.37,2129.0
20170621,697.0,641.0,477.29,1050.47,1527.76,1338.0
20170620,857.0,474.0,-92.74,494.46,401.72,1331.0
20170619,754.0,474.0,1203.24,1194.85,2398.09,1228.0
20170616,694.0,247.0,653.0,489.0,1142.0,941.0
20170615,87.0,334.0,1434.14,869.3,2303.44,421.0
20170614,-326.0,434.0,-1006.74,-258.04,-1264.78,108.0
20170613,-752.0,392.0,-96.42,697.3,600.88,-360.0
20170612,31.0,419.0,-1019.22,97.72,-921.5,450.0
20170609,780.0,1255.0,903.0,564.0,1467.0,2035.0
20170608,351.0,749.0,1030.81,1390.35,2421.16,1100.0
20170607,-92.0,628.0,573.58,1807.93,2381.51,536.0
20170606,1041.0,485.0,893.37,1232.6,2125.97,1526.0
20170605,-359.0,480.0,871.18,1016.79,1887.97,121.0
20170602,1500.0,433.0,704.0,1026.0,1730.0,1933.0
20170601,2821.0,540.0,-1872.28,266.02,-1606.26,3361.0
20170531,777.0,435.0,-1331.55,-213.71,-1545.26,1212.0
20170526,,,-300.0,344.0,44.0,0.0
20170525,,,1074.65,599.84,1674.49,0.0
20170524,939.0,491.0,351.26,844.51,1195.77,1430.0
20170523,2243.0,321.0,-272.15,662.26,390.11,2564.0
20170522,2354.0,351.0,85.33,559.4,644.73,2705.0
20170519,2584.0,487.0,388.0,983.0,1371.0,3071.0
20170518,2902.0,857.0,166.29,844.54,1010.83,3759.0
20170517,2525.0,394.0,600.19,954.44,1554.63,2919.0
20170516,2973.0,564.0,1653.32,1508.79,3162.11,3537.0
20170515,2338.0,384.0,880.88,876.03,1756.91,2722.0
20170512,2360.0,269.0,-387.0,676.0,289.0,2629.0
20170511,2557.0,217.0,1406.42,960.8,2367.22,2774.0
20170510,3064.0,240.0,1148.76,1133.63,2282.39,3304.0
20170509,1597.0,398.0,1141.13,1144.04,2285.17,1995.0
20170508,2107.0,44.0,-569.92,886.69,316.77,2151.0
20170505,2398.0,375.0,-774.0,577.0,-197.0,2773.0
20170504,1542.0,418.0,-500.46,1678.48,1178.02,1960.0
20170502,-32.0,163.0,,,0.0,131.0
20170428,1493.0,348.0,795.0,972.0,1767.0,1841.0
20170427,2603.0,289.0,230.84,672.86,903.7,2892.0
20170426,2296.0,443.0,420.4,725.86,1146.26,2739.0
20170425,1937.0,314.0,799.58,791.81,1591.39,2251.0
20170424,650.0,280.0,50.45,416.51,466.96,930.0
20170421,1784.0,401.0,81.0,650.0,731.0,2185.0
20170420,1193.0,227.0,930.06,819.11,1749.17,1420.0
20170419,412.0,33.0,450.69,775.17,1225.86,445.0
20170418,-13.0,127.0,-527.27,649.02,121.75,114.0
20170413,865.0,254.0,,,0.0,1119.0
20170412,648.0,237.0,-397.69,202.21,-195.48,885.0
20170411,960.0,253.0,-633.88,270.98,-362.9,1213.0
20170410,1710.0,350.0,146.8,798.26,945.06,2060.0
20170407,2278.0,583.0,70.0,577.0,647.0,2861.0
20170406,946.0,519.0,-17.37,166.27,148.9,1465.0
20170405,1504.0,633.0,764.58,1070.41,1834.99,2137.0
20170331,,,-152.0,25.0,-127.0,0.0
20170330,,,1114.9,156.95,1271.85,0.0
20170329,1145.0,694.0,222.86,107.83,330.69,1839.0
20170328,616.0,122.0,649.86,290.73,940.59,738.0
20170327,171.0,183.0,-112.84,489.89,377.05,354.0
20170324,386.0,557.0,1131.0,692.0,1823.0,943.0
20170323,1106.0,477.0,822.69,980.14,1802.83,1583.0
20170322,814.0,527.0,12.43,640.79,653.22,1341.0
20170321,2569.0,1004.0,844.89,148.31,993.2,3573.0
20170320,2520.0,1246.0,1517.64,258.58,1776.22,3766.0
20170317,2494.0,562.0,1096.0,244.0,1340.0,3056.0
20170316,1264.0,1169.0,1294.86,622.9,1917.76,2433.0
20170315,2011.0,774.0,-285.89,757.19,471.3,2785.0
20170314,1454.0,654.0,-837.65,-48.78,-886.43,2108.0
20170313,1972.0,801.0,-72.03,945.13,873.1,2773.0
20170310,723.0,515.0,-1605.0,881.0,-724.0,1238.0
20170309,1535.0,412.0,-2073.91,276.59,-1797.32,1947.0
20170308,1269.0,422.0,-267.88,477.41,209.53,1691.0
20170307,1203.0,358.0,-356.55,808.24,451.69,1561.0
20170306,414.0,450.0,-243.37,679.0,435.63,864.0
20170303,1275.0,250.0,-294.0,538.0,244.0,1525.0
20170302,-194.0,400.0,-99.34,607.14,507.8,206.0
20170301,-439.0,391.0,558.54,703.55,1262.09,-48.0
20170228,880.0,377.0,-54.47,339.48,285.01,1257.0
20170227,1413.0,343.0,129.07,389.59,518.66,1756.0
20170224,563.0,369.0,363.0,571.0,934.0,932.0
20170223,2607.0,478.0,451.25,1091.55,1542.8,3085.0
20170222,4511.0,549.0,429.33,794.38,1223.71,5060.0
20170221,1033.0,462.0,611.51,850.87,1462.38,1495.0
20170220,1047.0,452.0,1313.49,681.04,1994.53,1499.0
20170217,227.0,265.0,237.0,1081.0,1318.0,492.0
20170216,2112.0,353.0,1148.94,862.72,2011.66,2465.0
20170215,2686.0,468.0,1921.36,524.89,2446.25,3154.0
20170214,2648.0,584.0,896.81,562.85,1459.66,3232.0
20170213,2667.0,617.0,1302.3,507.88,1810.18,3284.0
20170210,2563.0,504.0,1116.0,641.0,1757.0,3067.0
20170209,932.0,499.0,1774.19,266.6,2040.79,1431.0
20170208,1496.0,468.0,561.29,776.06,1337.35,1964.0
20170207,2141.0,394.0,1116.79,669.22,1786.01,2535.0
20170206,1829.0,451.0,2147.01,739.73,2886.74,2280.0
20170203,2872.0,282.0,688.0,716.0,1404.0,3154.0
20170126,,,481.51,484.1,965.61,0.0
20170125,,,-11.15,290.51,279.36,0.0
20170124,1557.0,302.0,734.56,707.37,1441.93,1859.0
20170123,1625.0,279.0,719.9,764.49,1484.39,1904.0
20170120,1240.0,204.0,924.0,843.0,1767.0,1444.0
20170119,1268.0,191.0,333.46,808.61,1142.07,1459.0
20170118,1700.0,242.0,860.84,614.8,1475.64,1942.0
20170117,1448.0,253.0,663.98,584.18,1248.16,1701.0
20170116,1001.0,266.0,-1266.15,559.26,-706.89,1267.0
20170113,1469.0,278.0,634.0,621.0,1255.0,1747.0
20170112,360.0,390.0,692.42,604.12,1296.54,750.0
20170111,407.0,426.0,846.27,923.05,1769.32,833.0
20170110,652.0,331.0,-565.52,953.12,387.6,983.0
20170109,1175.0,337.0,-846.78,886.18,39.4,1512.0
20170106,385.0,207.0,-2103.0,644.0,-1459.0,592.0
20170105,686.0,291.0,-912.34,633.5,-278.84,977.0
20170104,593.0,258.0,-1348.85,629.7,-719.15,851.0
20170103,994.0,277.0,-582.47,615.49,33.02,1271.0
20161230,6453.0,286.0,-200.0,300.0,100.0,6739.0
20161229,3660.0,436.0,-324.96,348.53,23.57,4096.0
20161228,4513.0,330.0,-784.87,384.62,-400.25,4843.0
20161223,3351.0,264.0,,,0.0,3615.0
20161222,1570.0,494.0,-848.62,390.07,-458.55,2064.0
20161221,1637.0,345.0,-150.65,365.61,214.96,1982.0
20161220,772.0,268.0,-2637.42,169.86,-2467.56,1040.0
20161219,865.0,303.0,-982.16,481.57,-500.59,1168.0
20161216,409.0,343.0,358.0,933.0,1291.0,752.0
20161215,-255.0,471.0,-195.4,758.67,563.27,216.0
20161214,260.0,379.0,125.55,873.92,999.47,639.0
20161213,61.0,507.0,493.41,1251.44,1744.85,568.0
20161212,389.0,308.0,-117.29,1225.76,1108.47,697.0
20161209,-208.0,371.0,-223.45,422.66,199.21,163.0
20161208,-1749.0,412.0,645.56,1708.39,2353.95,-1337.0
20161207,414.0,356.0,216.17,1779.13,1995.3,770.0
20161206,205.0,520.0,-396.6,1938.94,1542.34,725.0
20161205,1059.0,851.0,-1392.44,2710.87,1318.43,1910.0
20161202,854.0,,-1437.0,,-1437.0,854.0
20161201,650.0,,1045.0,,1045.0,650.0
20161130,469.0,,1171.0,,1171.0,469.0
20161129,-209.0,,1090.0,,1090.0,-209.0
20161128,569.0,,1467.0,,1467.0,569.0
20161125,815.0,,1766.0,,1766.0,815.0
20161124,1030.0,,932.0,,932.0,1030.0
20161123,1293.0,,1163.0,,1163.0,1293.0
20161122,1575.0,,1375.0,,1375.0,1575.0
20161121,1823.0,,176.0,,176.0,1823.0
20161118,1591.0,,-24.0,,-24.0,1591.0
20161117,1654.0,,27.0,,27.0,1654.0
20161116,1492.0,,798.0,,798.0,1492.0
20161115,2133.0,,58.0,,58.0,2133.0
20161114,2520.0,,-113.0,,-113.0,2520.0
20161111,1520.0,,-584.0,,-584.0,1520.0
20161110,826.0,,1644.0,,1644.0,826.0
20161109,4803.0,,-3996.0,,-3996.0,4803.0
20161108,184.0,,372.0,,372.0,184.0
20161107,609.0,,103.0,,103.0,609.0
20161104,471.0,,-160.0,,-160.0,471.0
20161103,742.0,,-350.0,,-350.0,742.0
20161102,704.0,,-946.0,,-946.0,704.0
20161101,-545.0,,463.0,,463.0,-545.0
20161031,-729.0,,233.0,,233.0,-729.0
20161028,588.0,,416.0,,416.0,588.0
20161027,845.0,,-540.0,,-540.0,845.0
20161026,1168.0,,301.0,,301.0,1168.0
20161025,1282.0,,956.0,,956.0,1282.0
20161024,714.0,,865.0,,865.0,714.0
20161020,275.0,,514.0,,514.0,275.0
20161019,155.0,,417.0,,417.0,155.0
20161018,68.0,,758.0,,758.0,68.0
20161017,32.0,,-144.0,,-144.0,32.0
20161014,519.0,,1026.0,,1026.0,519.0
20161013,642.0,,-465.0,,-465.0,642.0
20161012,906.0,,-527.0,,-527.0,906.0
20161011,1545.0,,1045.0,,1045.0,1545.0
20160929,,,587.0,,587.0,0.0
20160928,2187.0,,-106.0,,-106.0,2187.0
20160927,3593.0,,-222.0,,-222.0,3593.0
20160926,2970.0,,-331.0,,-331.0,2970.0
20160923,494.0,,603.0,,603.0,494.0
20160922,-131.0,,1198.0,,1198.0,-131.0
20160921,3848.0,,-85.0,,-85.0,3848.0
20160920,4256.0,,-659.0,,-659.0,4256.0
20160919,5515.0,,-713.0,,-713.0,5515.0
20160914,,,-963.0,,-963.0,0.0
20160913,,,-108.0,,-108.0,0.0
20160912,2101.0,,-2222.0,,-2222.0,2101.0
20160909,6088.0,,-70.0,,-70.0,6088.0
20160908,5198.0,,1264.0,,1264.0,5198.0
20160907,4672.0,,835.0,,835.0,4672.0
20160906,5035.0,,1205.0,,1205.0,5035.0
20160905,3907.0,,1688.0,,1688.0,3907.0
20160902,4770.0,,48.0,,48.0,4770.0
20160901,4175.0,,393.0,,393.0,4175.0
20160831,4286.0,,531.0,,531.0,4286.0
20160830,2652.0,,1154.0,,1154.0,2652.0
20160829,1776.0,,150.0,,150.0,1776.0
20160826,1773.0,,457.0,,457.0,1773.0
20160825,1343.0,,525.0,,525.0,1343.0
20160824,835.0,,442.0,,442.0,835.0
20160823,1139.0,,465.0,,465.0,1139.0
20160822,1108.0,,174.0,,174.0,1108.0
20160819,1453.0,,614.0,,614.0,1453.0
20160818,2303.0,,1481.0,,1481.0,2303.0
20160817,1114.0,,1736.0,,1736.0,1114.0
20160816,919.0,,5019.0,,5019.0,919.0
20160815,1446.0,,855.0,,855.0,1446.0
20160812,780.0,,616.0,,616.0,780.0
20160811,830.0,,1047.0,,1047.0,830.0
20160810,983.0,,1316.0,,1316.0,983.0
20160809,553.0,,1602.0,,1602.0,553.0
20160808,154.0,,983.0,,983.0,154.0
20160805,355.0,,771.0,,771.0,355.0
20160804,540.0,,-133.0,,-133.0,540.0
20160803,712.0,,170.0,,170.0,712.0
20160801,-125.0,,1415.0,,1415.0,-125.0
20160729,-147.0,,356.0,,356.0,-147.0
20160728,454.0,,-255.0,,-255.0,454.0
20160727,-374.0,,1075.0,,1075.0,-374.0
20160726,-54.0,,556.0,,556.0,-54.0
20160725,-258.0,,497.0,,497.0,-258.0
20160722,286.0,,326.0,,326.0,286.0
20160721,419.0,,757.0,,757.0,419.0
20160720,111.0,,377.0,,377.0,111.0
20160719,441.0,,589.0,,589.0,441.0
20160718,715.0,,750.0,,750.0,715.0
20160715,703.0,,453.0,,453.0,703.0
20160714,540.0,,743.0,,743.0,540.0
20160713,1087.0,,557.0,,557.0,1087.0
20160712,988.0,,1814.0,,1814.0,988.0
20160711,991.0,,1593.0,,1593.0,991.0
20160708,1686.0,,-175.0,,-175.0,1686.0
20160707,1268.0,,-176.0,,-176.0,1268.0
20160706,2336.0,,-603.0,,-603.0,2336.0
20160705,1429.0,,-118.0,,-118.0,1429.0
20160704,949.0,,1232.0,,1232.0,949.0
20160630,1631.0,,,,0.0,1631.0
20160629,2258.0,,1096.0,,1096.0,2258.0
20160628,3232.0,,266.0,,266.0,3232.0
20160627,3997.0,,136.0,,136.0,3997.0
20160624,5699.0,,-1822.0,,-1822.0,5699.0
20160623,2678.0,,223.0,,223.0,2678.0
20160622,3332.0,,1012.0,,1012.0,3332.0
20160621,2514.0,,185.0,,185.0,2514.0
20160620,1888.0,,296.0,,296.0,1888.0
20160617,2144.0,,1161.0,,1161.0,2144.0
20160616,1972.0,,-580.0,,-580.0,1972.0
20160615,2389.0,,-473.0,,-473.0,2389.0
20160614,1792.0,,-8.0,,-8.0,1792.0
20160613,1601.0,,-880.0,,-880.0,1601.0
20160608,,,243.0,,243.0,0.0
20160607,,,1665.0,,1665.0,0.0
20160606,1547.0,,724.0,,724.0,1547.0
20160603,1388.0,,1935.0,,1935.0,1388.0
20160602,1429.0,,1205.0,,1205.0,1429.0
20160601,1541.0,,2422.0,,2422.0,1541.0
20160531,1840.0,,3771.0,,3771.0,1840.0
20160530,1369.0,,2985.0,,2985.0,1369.0
20160527,1260.0,,1149.0,,1149.0,1260.0
20160526,1426.0,,875.0,,875.0,1426.0
20160525,1233.0,,1566.0,,1566.0,1233.0
20160524,1221.0,,271.0,,271.0,1221.0
20160523,999.0,,706.0,,706.0,999.0
20160520,767.0,,612.0,,612.0,767.0
20160519,1042.0,,120.0,,120.0,1042.0
20160518,1105.0,,50.0,,50.0,1105.0
20160517,2627.0,,310.0,,310.0,2627.0
20160516,885.0,,457.0,,457.0,885.0
20160513,1270.0,,-360.0,,-360.0,1270.0
20160512,783.0,,33.0,,33.0,783.0
20160511,876.0,,-200.0,,-200.0,876.0
20160510,1246.0,,4.0,,4.0,1246.0
20160509,1286.0,,-112.0,,-112.0,1286.0
20160506,1806.0,,-934.0,,-934.0,1806.0
20160505,1523.0,,-185.0,,-185.0,1523.0
20160504,1573.0,,148.0,,148.0,1573.0
20160503,1289.0,,1083.0,,1083.0,1289.0
20160429,539.0,,481.0,,481.0,539.0
20160428,361.0,,152.0,,152.0,361.0
20160427,310.0,,-24.0,,-24.0,310.0
20160426,414.0,,631.0,,631.0,414.0
20160425,231.0,,303.0,,303.0,231.0
20160422,206.0,,284.0,,284.0,206.0
20160421,-159.0,,695.0,,695.0,-159.0
20160420,-214.0,,-1047.0,,-1047.0,-214.0
20160419,19.0,,543.0,,543.0,19.0
20160418,324.0,,-636.0,,-636.0,324.0
20160415,46.0,,295.0,,295.0,46.0
20160414,-266.0,,1907.0,,1907.0,-266.0
20160413,-337.0,,3561.0,,3561.0,-337.0
20160412,384.0,,1207.0,,1207.0,384.0
20160411,596.0,,1340.0,,1340.0,596.0
20160408,484.0,,71.0,,71.0,484.0
20160407,1170.0,,77.0,,77.0,1170.0
20160406,800.0,,-117.0,,-117.0,800.0
20160405,1214.0,,344.0,,344.0,1214.0
20160401,151.0,,23.0,,23.0,151.0
20160331,468.0,,2495.0,,2495.0,468.0
20160330,381.0,,1567.0,,1567.0,381.0
20160329,499.0,,145.0,,145.0,499.0
20160324,491.0,,,,0.0,491.0
20160323,594.0,,230.0,,230.0,594.0
20160322,332.0,,763.0,,763.0,332.0
20160321,531.0,,85.0,,85.0,531.0
20160318,457.0,,1332.0,,1332.0,457.0
20160317,265.0,,2005.0,,2005.0,265.0
20160316,720.0,,101.0,,101.0,720.0
20160315,242.0,,107.0,,107.0,242.0
20160314,809.0,,705.0,,705.0,809.0
20160311,795.0,,1217.0,,1217.0,795.0
20160310,610.0,,472.0,,472.0,610.0
20160309,981.0,,308.0,,308.0,981.0
20160308,838.0,,202.0,,202.0,838.0
20160307,425.0,,1153.0,,1153.0,425.0
20160304,69.0,,1800.0,,1800.0,69.0
20160303,36.0,,-308.0,,-308.0,36.0
20160302,286.0,,2992.0,,2992.0,286.0
20160301,517.0,,757.0,,757.0,517.0
20160229,234.0,,2013.0,,2013.0,234.0
20160226,335.0,,1640.0,,1640.0,335.0
20160225,581.0,,297.0,,297.0,581.0
20160224,893.0,,125.0,,125.0,893.0
20160223,544.0,,550.0,,550.0,544.0
20160222,811.0,,220.0,,220.0,811.0
20160219,539.0,,309.0,,309.0,539.0
20160218,317.0,,529.0,,529.0,317.0
20160217,872.0,,-44.0,,-44.0,872.0
20160216,456.0,,532.0,,532.0,456.0
20160215,1101.0,,124.0,,124.0,1101.0
20160205,,,241.0,,241.0,0.0
20160204,,,519.0,,519.0,0.0
20160203,1585.0,,-2058.0,,-2058.0,1585.0
20160202,1235.0,,96.0,,96.0,1235.0
20160201,537.0,,-192.0,,-192.0,537.0
20160129,750.0,,1694.0,,1694.0,750.0
20160128,711.0,,-342.0,,-342.0,711.0
20160127,894.0,,4485.0,,4485.0,894.0
20160126,897.0,,-235.0,,-235.0,897.0
20160125,485.0,,250.0,,250.0,485.0
20160122,661.0,,619.0,,619.0,661.0
20160121,1577.0,,-162.0,,-162.0,1577.0
20160120,1209.0,,-593.0,,-593.0,1209.0
20160119,988.0,,600.0,,600.0,988.0
20160118,1093.0,,383.0,,383.0,1093.0
20160115,912.0,,-105.0,,-105.0,912.0
20160114,1263.0,,-23.0,,-23.0,1263.0
20160113,1177.0,,200.0,,200.0,1177.0
20160112,1185.0,,-636.0,,-636.0,1185.0
20160111,1472.0,,-456.0,,-456.0,1472.0
20160108,1645.0,,295.0,,295.0,1645.0
20160107,946.0,,27.0,,27.0,946.0
20160106,1440.0,,-497.0,,-497.0,1440.0
20160105,339.0,,1621.0,,1621.0,339.0
20160104,383.0,,63.0,,63.0,383.0
20151231,432.0,,-454.0,,-454.0,432.0
20151230,766.0,,664.0,,664.0,766.0
20151229,428.0,,906.0,,906.0,428.0
20151228,545.0,,35.0,,35.0,545.0
20151224,212.0,,,,0.0,212.0
20151223,723.0,,-217.0,,-217.0,723.0
20151222,721.0,,-500.0,,-500.0,721.0
20151221,638.0,,-116.0,,-116.0,638.0
20151218,1344.0,,-54.0,,-54.0,1344.0
20151217,1133.0,,1297.0,,1297.0,1133.0
20151216,1211.0,,-474.0,,-474.0,1211.0
20151215,1441.0,,411.0,,411.0,1441.0
20151214,1730.0,,-300.0,,-300.0,1730.0
20151211,1037.0,,-141.0,,-141.0,1037.0
20151210,1043.0,,-281.0,,-281.0,1043.0
20151209,1028.0,,463.0,,463.0,1028.0
20151208,1025.0,,-391.0,,-391.0,1025.0
20151207,960.0,,125.0,,125.0,960.0
20151204,1010.0,,-349.0,,-349.0,1010.0
20151203,902.0,,-839.0,,-839.0,902.0
20151202,704.0,,-331.0,,-331.0,704.0
20151201,484.0,,755.0,,755.0,484.0
20151130,345.0,,3467.0,,3467.0,345.0
20151127,244.0,,265.0,,265.0,244.0
20151126,292.0,,670.0,,670.0,292.0
20151125,580.0,,153.0,,153.0,580.0
20151124,306.0,,424.0,,424.0,306.0
20151123,767.0,,23.0,,23.0,767.0
20151120,468.0,,110.0,,110.0,468.0
20151119,405.0,,-3.0,,-3.0,405.0
20151118,278.0,,60.0,,60.0,278.0
20151117,275.0,,-312.0,,-312.0,275.0
20151116,640.0,,-9.0,,-9.0,640.0
20151113,666.0,,-10.0,,-10.0,666.0
20151112,139.0,,-1534.0,,-1534.0,139.0
20151111,580.0,,-2636.0,,-2636.0,580.0
20151110,574.0,,-2556.0,,-2556.0,574.0
20151109,650.0,,-1278.0,,-1278.0,650.0
20151106,766.0,,-1354.0,,-1354.0,766.0
20151105,613.0,,-3878.0,,-3878.0,613.0
20151104,516.0,,-2191.0,,-2191.0,516.0
20151103,103.0,,-851.0,,-851.0,103.0
20151102,273.0,,-967.0,,-967.0,273.0
20151030,332.0,,-1119.0,,-1119.0,332.0
20151029,299.0,,-1488.0,,-1488.0,299.0
20151028,250.0,,-967.0,,-967.0,250.0
20151027,-128.0,,-84.0,,-84.0,-128.0
20151026,3.0,,-959.0,,-959.0,3.0
20151023,231.0,,-874.0,,-874.0,231.0
20151022,290.0,,-1268.0,,-1268.0,290.0
20151020,303.0,,,,0.0,303.0
20151019,231.0,,-13.0,,-13.0,231.0
20151016,323.0,,-533.0,,-533.0,323.0
20151015,95.0,,448.0,,448.0,95.0
20151014,134.0,,-851.0,,-851.0,134.0
20151013,168.0,,-313.0,,-313.0,168.0
20151012,221.0,,27.0,,27.0,221.0
20151009,-59.0,,1869.0,,1869.0,-59.0
20151008,-667.0,,4141.0,,4141.0,-667.0
20150930,,,480.0,,480.0,0.0
20150929,,,-1399.0,,-1399.0,0.0
20150925,437.0,,,,0.0,437.0
20150924,602.0,,-894.0,,-894.0,602.0
20150923,698.0,,-1143.0,,-1143.0,698.0
20150922,269.0,,93.0,,93.0,269.0
20150921,487.0,,657.0,,657.0,487.0
20150918,122.0,,2685.0,,2685.0,122.0
20150917,168.0,,405.0,,405.0,168.0
20150916,221.0,,1904.0,,1904.0,221.0
20150915,55.0,,1117.0,,1117.0,55.0
20150914,43.0,,-654.0,,-654.0,43.0
20150911,361.0,,66.0,,66.0,361.0
20150910,318.0,,3171.0,,3171.0,318.0
20150909,339.0,,-2767.0,,-2767.0,339.0
20150908,525.0,,4515.0,,4515.0,525.0
20150907,731.0,,-86.0,,-86.0,731.0
20150902,,,-2997.0,,-2997.0,0.0
20150901,,,-1191.0,,-1191.0,0.0
20150831,293.0,,-545.0,,-545.0,293.0
20150828,340.0,,-2410.0,,-2410.0,340.0
20150827,205.0,,4899.0,,4899.0,205.0
20150826,-115.0,,7500.0,,7500.0,-115.0
20150825,-289.0,,8071.0,,8071.0,-289.0
20150824,-118.0,,8262.0,,8262.0,-118.0
20150821,509.0,,-774.0,,-774.0,509.0
20150820,493.0,,-661.0,,-661.0,493.0
20150819,128.0,,202.0,,202.0,128.0
20150818,-148.0,,-442.0,,-442.0,-148.0
20150817,349.0,,-436.0,,-436.0,349.0
20150814,290.0,,67.0,,67.0,290.0
20150813,474.0,,300.0,,300.0,474.0
20150812,815.0,,-71.0,,-71.0,815.0
20150811,557.0,,781.0,,781.0,557.0
20150810,812.0,,342.0,,342.0,812.0
20150807,405.0,,874.0,,874.0,405.0
20150806,178.0,,348.0,,348.0,178.0
20150805,174.0,,74.0,,74.0,174.0
20150804,406.0,,-274.0,,-274.0,406.0
20150803,127.0,,-2137.0,,-2137.0,127.0
20150731,60.0,,527.0,,527.0,60.0
20150730,202.0,,-61.0,,-61.0,202.0
20150729,729.0,,-487.0,,-487.0,729.0
20150728,304.0,,2665.0,,2665.0,304.0
20150727,102.0,,-148.0,,-148.0,102.0
20150724,507.0,,9.0,,9.0,507.0
20150723,434.0,,494.0,,494.0,434.0
20150722,601.0,,-434.0,,-434.0,601.0
20150721,156.0,,-433.0,,-433.0,156.0
20150720,252.0,,-274.0,,-274.0,252.0
20150717,63.0,,298.0,,298.0,63.0
20150716,376.0,,-459.0,,-459.0,376.0
20150715,-818.0,,-275.0,,-275.0,-818.0
20150714,678.0,,-1047.0,,-1047.0,678.0
20150713,608.0,,-1588.0,,-1588.0,608.0
20150710,2060.0,,-2366.0,,-2366.0,2060.0
20150709,1745.0,,-3475.0,,-3475.0,1745.0
20150708,-1916.0,,-6587.0,,-6587.0,-1916.0
20150707,-1621.0,,-10256.0,,-10256.0,-1621.0
20150706,-1457.0,,-13385.0,,-13385.0,-1457.0
20150703,-1259.0,,7146.0,,7146.0,-1259.0
20150702,-772.0,,2809.0,,2809.0,-772.0
20150630,-82.0,,,,0.0,-82.0
20150629,-269.0,,-1333.0,,-1333.0,-269.0
20150626,-860.0,,3244.0,,3244.0,-860.0
20150625,647.0,,-3556.0,,-3556.0,647.0
20150624,827.0,,-3039.0,,-3039.0,827.0
20150623,-19.0,,7066.0,,7066.0,-19.0
20150619,,,7804.0,,7804.0,0.0
20150618,,,657.0,,657.0,0.0
20150617,695.0,,-861.0,,-861.0,695.0
20150616,695.0,,65.0,,65.0,695.0
20150615,614.0,,-1147.0,,-1147.0,614.0
20150612,947.0,,1548.0,,1548.0,947.0
20150611,1169.0,,-866.0,,-866.0,1169.0
20150610,1099.0,,1739.0,,1739.0,1099.0
20150609,1213.0,,-1262.0,,-1262.0,1213.0
20150608,896.0,,-540.0,,-540.0,896.0
20150605,1246.0,,-609.0,,-609.0,1246.0
20150604,364.0,,-260.0,,-260.0,364.0
20150603,647.0,,218.0,,218.0,647.0
20150602,779.0,,481.0,,481.0,779.0
20150601,1314.0,,1934.0,,1934.0,1314.0
20150529,872.0,,2295.0,,2295.0,872.0
20150528,16.0,,-3125.0,,-3125.0,16.0
20150527,1394.0,,343.0,,343.0,1394.0
20150526,2089.0,,3588.0,,3588.0,2089.0
20150522,647.0,,,,0.0,647.0
20150521,226.0,,2012.0,,2012.0,226.0
20150520,1099.0,,2936.0,,2936.0,1099.0
20150519,1038.0,,2215.0,,2215.0,1038.0
20150518,290.0,,1247.0,,1247.0,290.0
20150515,408.0,,597.0,,597.0,408.0
20150514,898.0,,-109.0,,-109.0,898.0
20150513,865.0,,-331.0,,-331.0,865.0
20150512,1502.0,,-274.0,,-274.0,1502.0
20150511,1198.0,,37.0,,37.0,1198.0
20150508,239.0,,1167.0,,1167.0,239.0
20150507,255.0,,2647.0,,2647.0,255.0
20150506,708.0,,712.0,,712.0,708.0
20150505,801.0,,833.0,,833.0,801.0
20150504,1274.0,,534.0,,534.0,1274.0
20150430,2276.0,,-335.0,,-335.0,2276.0
20150429,1124.0,,764.0,,764.0,1124.0
20150428,1303.0,,-168.0,,-168.0,1303.0
20150427,1923.0,,1255.0,,1255.0,1923.0
20150424,1017.0,,736.0,,736.0,1017.0
20150423,4566.0,,-376.0,,-376.0,4566.0
20150422,2382.0,,835.0,,835.0,2382.0
20150421,971.0,,1722.0,,1722.0,971.0
20150420,349.0,,-1023.0,,-1023.0,349.0
20150417,2129.0,,1803.0,,1803.0,2129.0
20150416,710.0,,1945.0,,1945.0,710.0
20150415,560.0,,1148.0,,1148.0,560.0
20150414,2664.0,,616.0,,616.0,2664.0
20150413,2429.0,,1206.0,,1206.0,2429.0
20150410,5389.0,,-614.0,,-614.0,5389.0
20150409,10500.0,,-4979.0,,-4979.0,10500.0
20150408,10500.0,,-3505.0,,-3505.0,10500.0
20150402,2354.0,,,,0.0,2354.0
20150401,1723.0,,359.0,,359.0,1723.0
20150331,2054.0,,-1273.0,,-1273.0,2054.0
20150330,2559.0,,-1085.0,,-1085.0,2559.0
20150327,511.0,,211.0,,211.0,511.0
20150326,371.0,,-917.0,,-917.0,371.0
20150325,416.0,,94.0,,94.0,416.0
20150324,564.0,,-1552.0,,-1552.0,564.0
20150323,498.0,,2142.0,,2142.0,498.0
20150320,271.0,,1549.0,,1549.0,271.0
20150319,181.0,,208.0,,208.0,181.0
20150318,328.0,,1740.0,,1740.0,328.0
20150317,524.0,,2324.0,,2324.0,524.0
20150316,725.0,,1520.0,,1520.0,725.0
20150313,159.0,,1664.0,,1664.0,159.0
20150312,206.0,,1719.0,,1719.0,206.0
20150311,309.0,,960.0,,960.0,309.0
20150310,263.0,,103.0,,103.0,263.0
20150309,335.0,,665.0,,665.0,335.0
20150306,247.0,,465.0,,465.0,247.0
20150305,243.0,,819.0,,819.0,243.0
20150304,368.0,,622.0,,622.0,368.0
20150303,259.0,,641.0,,641.0,259.0
20150302,213.0,,1127.0,,1127.0,213.0
20150227,271.0,,812.0,,812.0,271.0
20150226,290.0,,-274.0,,-274.0,290.0
20150225,462.0,,1173.0,,1173.0,462.0
20150217,,,403.0,,403.0,0.0
20150216,,,328.0,,328.0,0.0
20150213,337.0,,2157.0,,2157.0,337.0
20150212,243.0,,1410.0,,1410.0,243.0
20150211,184.0,,1767.0,,1767.0,184.0
20150210,98.0,,1824.0,,1824.0,98.0
20150209,95.0,,1999.0,,1999.0,95.0
20150206,30.0,,1540.0,,1540.0,30.0
20150205,98.0,,3806.0,,3806.0,98.0
20150204,-9.0,,2167.0,,2167.0,-9.0
20150203,263.0,,4958.0,,4958.0,263.0
20150202,460.0,,2336.12,,2336.12,460.0
20150130,515.0,,1816.0,,1816.0,515.0
20150129,576.0,,2886.0,,2886.0,576.0
20150128,368.0,,1832.0,,1832.0,368.0
20150127,891.0,,1137.0,,1137.0,891.0
20150126,653.0,,587.0,,587.0,653.0
20150123,521.0,,424.0,,424.0,521.0
20150122,547.0,,250.0,,250.0,547.0
20150121,940.0,,2135.0,,2135.0,940.0
20150120,630.0,,2424.0,,2424.0,630.0
20150119,824.0,,-327.0,,-327.0,824.0
20150116,969.0,,422.0,,422.0,969.0
20150115,570.0,,1008.0,,1008.0,570.0
20150114,678.0,,721.0,,721.0,678.0
20150113,626.0,,-116.0,,-116.0,626.0
20150112,870.0,,-1133.0,,-1133.0,870.0
20150109,802.0,,1617.0,,1617.0,802.0
20150108,637.0,,1078.0,,1078.0,637.0
20150107,909.0,,1753.0,,1753.0,909.0
20150106,968.0,,2091.0,,2091.0,968.0
20150105,1730.0,,4689.0,,4689.0,1730.0
